"'Allowance' column title","titel 'Allowance' kolom"
"'Attribute 1' column","kolom 'Vaardigheid 1'"
"'Attribute 2' column","kolom 'Vaardigheid 2'"
"'Attribute 3' column","kolom 'Attribute 3'"
"'Attribute 4' column","kolom 'Attribute 4'"
"'Attribute Combine' column","Attribuut Combineer 'kolom"
"'Product barcode' column","kolom 'Product barcode'"
"'Product images' column","kolom 'Product images'"
"'Product name' column","kolom 'naam van het product'"
"'Product weight' column","kolom 'Gewicht van het product'"
"'Qty' column","kolom 'Aantal'"
"'ship-address' and 'bill-address' column format","'Ship-adres' en 'bill-adres' kolomindeling"
"'ship-address' and' bill-address' column format","'Ship-adres' en 'bill-adres' kolomindeling"
"'SKU' column","column 'SKU'"
"'Stock qty' column","kolom "voorraad Aantal '"
"'Stock warning' column","column 'Voorraad warning'"
"'Tick boxes' next to item SKUs?","'Tick boxes' naast punt SKU's?"
"'Tickbox 2nd' column","column 'Tickbox 2'"
"'Tickbox' column","column 'Tickbox'"
"'Warehouse' column","column 'Warehouse'"
"(%) Default is 100%","(%) Standaard is 100%"
"(Attribute must exist)","(Attribute moet bestaan)"
"(Default : "Total Price Col" X-Pos)","(Standaard: "Totale Prijs Col" X-Pos)"
"(Default:No)","(Standaard: Nee)"
"(Default:Yes)","(Standaard: Ja)"
"(negative to shift it down)","(Negatieve om het terugschakelen)"
"(standard for invoices)","(Standaard voor facturen)"
"(Tip: Upload placeholder images in Config > Catalog)","(Tip: Upload placeholder beelden in Config> Catalogus)"
"(Upload placeholder images in Config > Catalog)","(Uploaden placeholder beelden in Config> Catalogus)"
"(Used if 'Position of shelving info' set to 'Columns')","(Gebruikt als 'Positie van rekken info' op 'Columns')"
"['Payment due ']","[ 'Betaal gepast']"
"[#000000] (#HEX colour code)","[# 000000] (#hex kleurcode)"
"[#111111] (#HEX colour code)","[# 111111] (#hex kleurcode)"
"[#5BA638] (#HEX colour code)","[# 5BA638] (#hex kleurcode)"
"[#87CEEB] (#HEX colour code)","[# 87CEEB] (#hex kleurcode)"
"[#8AC371] (#HEX colour code)","[# 8AC371] (#hex kleurcode)"
"[#FFFFFF] (#HEX colour code)","[#FFFFFF] (#hex Kleurcode)"
"[10] (negative to shift it down)","[10] (negatieve om het terugschakelen)"
"[10] (negative to shift it down)<br />(Make about half image height to center text)<br />(If you need to show options, probably don't shift)","[10] (negatieve om het terugschakelen) <br /> (Voeg ongeveer de helft van het in hoogte te centreren tekst) <br /> (Als u nodig hebt om de opties te laten zien, waarschijnlijk niet verschuiven)"
"[10pt]/5pt (top/bottom), 5pt (left/right)","[10pt] / 5pt (boven / onder), 5pt (links / rechts)"
"[15pt] - Set larger to print a larger barcode","[15pt] - Stel groter naar een grotere barcode af te drukken"
"[30] - Set to same as Sku X-Pos to print barcode under Sku","[30] - Instellen op zelfde als Sku X-Pos barcode af te drukken onder Sku"
"[blank]","[blanco]"
"[Default = No]","[Standaard = Nee]"
"[Equal]","[Gelijk]"
"[Invoice then Packing Sheet]","[Invoice dan Verpakking Sheet]"
"[Italic]","[Cursief]"
"[More than]","[Meer dan]"
"[No]","[Nee]"
"[No] : Default","[Nee]: Standaard"
"[No] (No = Word-wrap)","[No] (Nee = Word-wrap)"
"[No] If set to yes, gift messages will print with this font.","[Nee] Als ingesteld op ja, cadeau berichten af ​​te drukken met dit lettertype."
"[OpenSans]","[OpenSans]"
"[Packing Sheet then Invoice]","[Verpakking Sheet dan Invoice]"
"[Partially: Lines top &amp; bottom]","[Gedeeltelijk: Lijnen boven & amp; bodem]"
"[price]","[prijs]"
"[qty]","[Aantal]"
"[Regular]","[Normaal]"
"[sku]","[Sku]"
"[stock]","[voorraad]"
"[Yes (from Magento)]","[Yes (van Magento)]"
"[Yes]","[Ja]"
"[Yes] : Default;","[Ja]: Standaard;"
"[Yes] (Adds 'Included' to tax label)","[Ja] (Voegt 'inbegrepen' belasting label)"
"[Yes] (No = Word-wrap)","[Yes] (Nee = Word-wrap)"
"[Yes]<br />- If you have slightly 'dirty data' (eg. product names with linebreaks in) set this to yes.","[Ja] <br /> - (bijv. Productnamen met linebreaks in) Als u iets 'dirty data' zet u dit op ja."
"[Yes]<br />- If you have spreadsheet cells getting mixed up, check this is turned on.<br />- If set to Yes, set the spreadsheet importer to 'Fields de-limited by " character'.","[Ja] <br /> -. Als je spreadsheetcellen krijgen vermengd, check deze is ingeschakeld <br /> - Indien ingesteld op Ja, zet de importeur spreadsheet 'Fields de-beperkt door' karakter '."
"&nbsp;&nbsp;Custom Value","& Nbsp; & nbsp; Custom Value"
"&nbsp;&nbsp;Value","& Nbsp; & nbsp; Value"
"&nbsp;Eg. enter 'Captured amount' to not show authorize.net payments<br / >Separate multiple phrases by the pipe character: <b>|</b>","& Nbsp; Bijv. enter 'Captured bedrag "om niet te laten zien authorize.net betalingen <br /> Scheid meerdere zinnen door de pijp karakter: <b> | </ b>"
"<b>Default Label dimensions (portrait):</b>","<B> Standaard Label afmetingen (staand): </ b>"
"<b>Label dimensions:250,200</b>","<B> Label afmetingen: 250.200 </ b>"
"<div class="column_config_section" style="width:60%!important">","<Div class = "column_config_section" style = "width: 60% belangrijk">"
"<div class="column_config_section">","<Div class = "column_config_section">"
"<div class="column_config_section"><div class="column_config_para" style="margin-top: -12em;"><b>Structure:</b> <span class = "comment_code">{if X}</span><span class = "comment_code">{X}</span>,|<span  class = "comment_code">{/if}</span><br /><b>Can use these codes: </b><br /><span class = "comment_code">{prefix}</span><span  class = "comment_code">{name}</span><span class = "comment_code">{firstname}</span><span class = "comment_code">{lastname}</span><span  class = "comment_code">{suffix}</span><span class = "comment_code">{company}</span><span class = "comment_code">{street}</span><span  class = "comment_code">{city}</span><span class = "comment_code">{postcode}</span><span class = "comment_code">{country}</span><br />","<Div class = "column_config_section"> <div class = "column_config_para" style = "margin-top: -12em;"> <b> Structuur: </ b> <span class = "comment_code"> {if X} </ span> <span class = "comment_code"> {X} </ span>, | <span class = "comment_code"> {/ if} </ span> <br /> <b> Kan deze codes te gebruiken: </ b > <br /> <span class = "comment_code"> {prefix} </ span> <span class = "comment_code"> {naam} </ span> <span class = "comment_code"> {voornaam} </ span> <span class = "comment_code"> {achternaam} </ span> <span class = "comment_code"> {suffix} </ span> <span class = "comment_code"> {bedrijf} </ span> <span class = " comment_code "> {straat} </ span> <span class =" comment_code "> {city} </ span> <span class =" comment_code "> {postcode} </ span> <span class =" comment_code "> {country } </ span> <br />"
"<div class="column_config_section"><div class="column_config_para" style="margin-top: -7.5em;"><b>Structure:</b> <span class = "comment_code">{Attribute A}</span>,<span class = "comment_code">{Attribute  B}</span>","<Div class = "column_config_section"> <div class = "column_config_para" style = "margin-top: -7.5em;"> <b> Structuur: </ b> <span class = "comment_code"> {Kenmerk A} < / span>, <span class = "comment_code"> {Kenmerk B} </ span>"
"<div class="column_config_section"><div class="column_config_para" style="margin-top: -7.5em;"><b>Structure:</b> <span class = "comment_code">{if x}</span><span class = "comment_code">{x}</span>,|<span  class = "comment_code">{/if}</span><br /><b>Can use these codes: </b><br /><span class = "comment_code">{prefix}</span><span  class = "comment_code">{name}</span><span class = "comment_code">{firstname}</span><span class = "comment_code">{lastname}</span><span  class = "comment_code">{suffix}</span><span class = "comment_code">{company}</span><span class = "comment_code">{street}</span><span  class = "comment_code">{city}</span><span class = "comment_code">{postcode}</span><span class = "comment_code">{country}</span><br />","<Div class = "column_config_section"> <div class = "column_config_para" style = "margin-top: -7.5em;"> <b> Structuur: </ b> <span class = "comment_code"> {if x} < / span> <span class = "comment_code"> {x} </ span>, | <span class = "comment_code"> {/ if} </ span> <br /> <b> Kan gebruik maken van deze codes: </ b> <br /> <span class = "comment_code"> {prefix} </ span> <span class = "comment_code"> {naam} </ span> <span class = "comment_code"> {voornaam} </ span > <span class = "comment_code"> {achternaam} </ span> <span class = "comment_code"> {suffix} </ span> <span class = "comment_code"> {bedrijf} </ span> <span class = "comment_code"> {straat} </ span> <span class = "comment_code"> {city} </ span> <span class = "comment_code"> {postcode} </ span> <span class = "comment_code"> { country} </ span> <br />"
"<div class="column_config_section"><div class="column_config_para" style="margin-top: -7.5em;"><b>Structure:</b><br />","<Div class = "column_config_section"> <div class = "column_config_para" style = "margin-top: -7.5em;"> <b> Structuur: </ b> <br />"
"<div class="column_config_section"><div class="column_config_para">[No] Some couriers (like Royal Mail) require no accents in shipping labels.</div></div>","<Div class = "column_config_section"> <div class = "column_config_para"> [Nee] Sommige koeriers (zoals Royal Mail) vereisen geen accenten in de scheepvaart labels. </ Div> </ div>"
"<div class="column_config_section"><div class="column_config_para"><b>Structure:</b><br />","<Div class = "column_config_section"> <div class = "column_config_para"> <b> Structuur: </ b> <br />"
"<div class="column_config_section"><div class="column_config_para">eg. Put your country, then only overseas orders will have country added </div></div>","<Div class = "column_config_section"> <div class = "column_config_para"> bijv. Zet je land, dan nog alleen buitenlandse orders zal land toegevoegd </ div> </ div>"
"<div class="column_config_section"><div class="column_config_para">If your PDFs print with missing or tofu (<b style="font-size:200%;font-weight:100;display:inline;position:relative;top:5px;">&#9647;</b>) characters, set this to 'Yes'.<br/>Setting this to 'Yes' will make your PDFs about 0.4mb bigger.<br/>If that doesn't work for you: set 'Customise fonts' to 'Yes'; then set 'Use non-roman characters to 'Yes'; then try the other font families.</div></div>","<Div class = "column_config_section"> <div class = "column_config_para"> Als uw PDF-bestanden af ​​te drukken met ontbrekende of tofu (<b style = "font-size: 200%; font-weight: 100; display: inline; position: relative ; top: 5px; "> & # 9647; </ b>) tekens, zet u dit op 'Yes' <br/> Door dit op 'Ja' zal uw PDF-bestanden te maken over 0.4MB groter <br/> Als dat.. werkt niet voor u: set 'Pas lettertypes' op 'Ja'; vervolgens 'Gebruik niet-Latijns schrift op' Ja '; probeer dan de ander lettertype families. </ div> </ div>"
"<div class="column_config_section"><div class="column_config_para">Set to the most prominent colour in your logo. [#8AC371]<br/>(Used for title borders).</div></div>","<Div class = "column_config_section"> <div class = "column_config_para"> Stel in op de meest prominente kleur in uw logo. [# 8AC371] <br/> (Gebruikt voor titel grenzen). </ Div> </ div>"
"<div class="column_config_section"><div class="column_config_para">Use this if you need a specific cutoff point (eg for labels) which the auto-cutoff is going over","<Div class = "column_config_section"> <div class = "column_config_para"> Gebruik dit als je een bepaald afkappunt nodig (bijvoorbeeld voor labels), die de auto-cutoff boven gaat"
"<img src="//moogento.com/logo/moogento_tinylogo.lp.png" alt="Moogento" width="20" style="vertical-align:bottom;margin-left:-1px;"/> MOOGENTO Extensions","<Img src = "// moogento.com/logo/moogento_tinylogo.lp.png" alt = "Moogento" width = "20" style = "vertical-align: beneden; margin-left: -1px;" /> MOOGENTO Extensions"
"18 Flag","18 Flag"
"2 places","2 plaatsen"
"21 Flag","21 Flag"
"2a Shipmethod match","2a shipmethod match"
"2b Shipmethod match","2b shipmethod match"
"2c Shipmethod match","2c shipmethod match"
"2d Country negative match","2d Country negatieve match"
"2nd attribute?","2 attribuut?"
"2nd background image?","image 2 background?"
"2nd Custom page title","2 Custom paginatitel"
"2nd Image file","2 Afbeelding file"
"2nd Order attribute code","2-attribuut code"
"2nd Order custom attribute?","2 Bestel aangepast kenmerk?"
"2nd page title","2 pagina titel"
"2nd Sort by :","2 Sorteren op:"
"2nd sort direction :","2 sorteerrichting:"
"3 places","3 plaatsen"
"3rd attribute?","3 attribuut?"
"4 places","4 plaatsen"
"4th attribute?","4 attribuut?"
"Above address","bovenstaand adres"
"According to the USPS all addresses should be capitalised to improve delivery time","Volgens de USPS alle adressen moet worden gekapitaliseerd om de levertijd te verbeteren"
"According to the USPS all addresses should be capitalised to improve delivery time and accuracy","Volgens de USPS alle adressen moet worden gekapitaliseerd om levertijd en nauwkeurigheid te verbeteren"
"Action Menu Options","Actie Menu Opties"
"Actual attribute code (eg: shelf)","Werkelijke attribuut code (bijvoorbeeld: shelf)"
"Add 'Packed by' note?","Voeg 'Ingepakt door nota?"
"Add <b><a href="https://moogento.com/autocn22">autoCN22</a> Customs label?</b>","Voeg <b> <a href="https://moogento.com/autocn22"> autoCN22 </a> Customs label? </ B>"
"Add 1 per line, exact attribute labels which you *don't* want to show","Voeg 1 per regel, exacte attribuut labels die je * niet * willen laten zien"
"Add 2nd Order ID barcode?","Voeg 2 Order ID barcode?"
"Add 2nd shipping address?","Voeg 2 verzendadres?"
"Add 2nd shipping-type image?","image 2 shipping-type toe te voegen?"
"Add 3rd shipping-type image?","image 3 shipping-type toe te voegen?"
"Add a 2nd background image?","beeld 2 achtergrond toe te voegen?"
"Add a 2nd page title?","Voeg een 2 pagina titel?"
"Add a background image?","een achtergrondafbeelding toe te voegen?"
"Add a flat shipping address?","Voeg een vaste verzendkosten adres?"
"Add address label?","Voeg adreslabel?"
"Add an <b>autoCN22</b> page?","Voeg een <b> autoCN22 </ b>?"
"Add an <b>order-summary</b> label?","Voeg een <b> Om-summary </ b> label?"
"Add company address to header?","Voeg bedrijf adres header?"
"Add company address?","Voeg adres van het bedrijf?"
"Add fixed weight?","Zet vast gewicht?"
"Add flare to gift messages?","gloed aan gift boodschappen?"
"Add flat shipping address?","Voeg vlak verzendadres?"
"Add full-page background image?","afbeelding achtergrond full-pagina toe te voegen?"
"Add header logo?","Voeg header logo?"
"Add image background to label?","Voeg achtergrondafbeelding te labelen?"
"Add letterhead?","briefpapier toe te voegen?"
"Add logo?","logo toe te voegen?"
"Add on right of SKU","Voeg toe aan de rechterkant van de SKU"
"Add Order ID above address?","Bestelling ID bovenstaand adres?"
"Add Order ID barcode?","Bestelling ID barcode?"
"Add ordered qty to stock-needed qty?","Voeg besteld aantal op voorraad nodig aantal?"
"Add page background image?","achtergrondafbeelding pagina toe te voegen?"
"Add return address at bottom?","Voeg retouradres aan de onderkant?"
"Add return address?","Voeg retouradres?"
"Add shipping address at bottom?","Voeg verzendadres onderaan?"
"Add shipping label image?","image label shipping?"
"Add shipping label?","Voeg de scheepvaart label?"
"Add shipping-type image?","image shipping-type toe te voegen?"
"Add static text?","Voeg statische tekst?"
"Add tax in order subtotal [Europe Standard]","tax toe te voegen met het oog subtotaal [Europa Standaard]"
"Add tax to number?","BTW In nummer?"
"Add tax to product line subtotal [US Standard]","BTW In productlijn subtotaal [US Standard]"
"Add tracking number as barcode?","Voeg tracking nummer als barcode?"
"Add tracking number?","Voeg tracking nummer?"
"Address format","adresnotatie"
"Address label : Color","Adres label: Kleur"
"Address label : Font","Adres label: Font"
"Address label : Size","Adres label: Size"
"Address label : Style","Adres label: Style"
"Address text","adres tekst"
"Address text, Default","Adres tekst, Standaard"
"Address text, Group 1","Adres tekst, Groep 1"
"Address text, Group 2","Adres tekst, groep 2"
"Address text, Group 3","Adres tekst, groep 3"
"Address-label Sheet Options","Adres-label Bladopties"
"Adds a field for shipping methods that don't come from WSA Store Pickup","Voegt een veld voor de scheepvaart methoden die niet afkomstig zijn uit WSA Store Pickup"
"Admin: Order-view PDF Invoice and Packing Sheet button?","Admin: Bestel-view PDF Invoice en Packing Sheet knop?"
"Admin: Order-view PDF Invoice button?","Admin: Bestel-view PDF knop Factuur?"
"Admin: Order-view PDF Packing Sheet button?","Admin: Bestel-view PDF Packing Sheet knop?"
"Admin: Order-view PDF Zebra Label button?","Admin: Bestel-view PDF Zebra Label-toets?"
"Admin: Order-view Resend Email button?","Admin: Bestel-view Resend E-mail knoop?"
"Alert Flag","Vlag alert"
"Align text : center","Lijn tekst: center"
"Align text : left","Tekst uitlijnen: links"
"All","Alle"
"All : non-interlaced <b>and</b> non-transparent .png","Alle: non-interlaced <b> en </ b> niet-transparante png"
"Allow Customers to Make PDFs?","Laat klanten om PDF's te maken?"
"Alternate row color","Tr kleur"
"Alternate row in picklists","Tr in selectielijsten"
"Alternate, billing down, shipping up","Alternate, facturering naar beneden, de scheepvaart up"
"Always override &amp; use courierRules Shipping Connector Label if available?","overschrijven & amp altijd; Gebruik courierRules Shipping Connector Label indien beschikbaar?"
"Amount to add","Bedrag toe te voegen"
"Angle Text","hoek tekst"
"Angled Ribbon","hoekige Ribbon"
"Applies to Packing Sheets and Invoices, in the section which shows shipping method etc.","Geldt voor Verpakking Lakens en facturen, in het gedeelte dat verzendmethode etc. toont"
"Ascending","oplopend"
"Attr.(1) Xpos","Attr. (1) xpos"
"Attr.(2) Xpos","Attr. (2) xpos"
"Attr.(3) Xpos","Attr. (3) xpos"
"Attr.(4) Xpos","Attr. (4) xpos"
"Attribute 1","Vaardigheid 1"
"Attribute 2","Vaardigheid 2"
"Attribute 3","kenmerk 3"
"Attribute 4","kenmerk 4"
"Attribute code","attribuut code"
"Attribute code (eg. for shelving info, maybe you have an attribute: shelf)<br /><b>You need to have created this attribute, and assigned values for each product for it to work!</b>","Toeschrijven code (bijv. Voor rekken info, misschien heb je een attribuut: shelf) <br /> <b> U moet dit kenmerk te hebben gemaakt, en toegewezen waarden voor elk product voor het aan het werk </ b>!"
"Attribute code 1:","Toeschrijven code 1:"
"Attribute code 2:","Toeschrijven code 2:"
"Attribute code 3:","Toeschrijven code 3:"
"Attribute code 4:","Toeschrijven code 4:"
"Attribute code 5:","Toeschrijven code 5:"
"Attribute code for shelving info; eg. shelf","Toeschrijven code voor rekken info; bijv. plank"
"Attribute code for supplier data; Default: supplier","code voor leverancier data toeschrijven; Standaard: leverancier"
"Attribute code; eg. shelf","code toeschrijven; bijv. plank"
"Attribute codes?","codes toeschrijven?"
"Attribute column title","Toeschrijven kolomtitel"
"Attribute to show","Attribuut aantonen"
"Attribute to sort by :","Attribuut om te sorteren op:"
"Attribute to use as product name","Attribuut te gebruiken als productnaam"
"Auto description 1","Auto beschrijving 1"
"Auto description 3","Auto beschrijving 3"
"Auto Processing","Auto Processing"
"Automatic action :","Automatische actie:"
"Automatic action #2:","Automatische actie # 2:"
"Automatic action #3:","Automatische actie # 3:"
"Automation Connection","Automation Connection"
"Background Image","Achtergrond afbeelding"
"Background image position","Achtergrond afbeelding positie"
"Background image?","Achtergrond afbeelding?"
"barcode : Font","barcode: Font"
"barcode font size","barcode lettergrootte"
"barcode Font Size (Orders)","barcode Font Size (Orders)"
"barcode Font Size (Products)","barcode Font Size (producten)"
"barcode font-size","barcode font-size"
"barcode size","barcode grootte"
"barcode X-pos.","barcode X-pos."
"Because the Order currency is different from the Store currency, the conversion from","Omdat de Orde munt verschilt van de Store munt, de conversie van"
"Beside address","naast adres"
"Billing address position","Factuuradres positie"
"Billing address posititon","Factuuradres posititon"
"Billing address title","Factuuradres titel"
"Bkg","Bkg"
"Blank = #000000 (#HEX colour code)","Blanco = # 000000 (#hex kleurcode)"
"Blank box image","lege doos"
"Bold","Stoutmoedig"
"Bold 'Extra shipping details' labels?","Bold 'Extra verzendkosten details' labels?"
"Bold italic","vet cursief"
"Bold last line in page-base shipping addresses?","Bold laatste regel in pagina-base afleveradres?"
"Bold last line in page-top shipping addresses?","Bold laatste regel in page-top afleveradres?"
"Bold product name?","Bold naam van het product?"
"Border color","Rand kleur"
"Bottom of page","Onderkant van de pagina"
"Box 1 Image","Box 1 Afbeelding"
"Box 2a Image (Store Pickup)","Box 2a Afbeelding (Store Pickup)"
"Box 2b Image (Express Mail)","Box 2b Afbeelding (Express Mail)"
"Box 2c Image (Priority International)","Box 2c Afbeelding (Priority International)"
"Box 2d Image (Standard International)","Box 2D-afbeelding (Standard International)"
"Box 3 Image","Box 3 Afbeelding"
"Box count estimation?","Box tellen schatting?"
"Bring up top address?","Breng top-adres?"
"Buttons for PDFs","Knoppen voor PDF's"
"By default we output ANSI, which works well for Windows machines and special characters.<br >If you need UTF-8, just choose that here","Standaard we uitgang ANSI, die goed werkt voor Windows-machines en speciale tekens. <br> Als u UTF-8 nodig hebt, kies je dat hier"
"By Height","door Hoogte"
"By Width","door Breedte"
"Calculate line totals by:","Bereken lijn totalen door:"
"Callout colour","Bijschrift kleur"
"Can be handy to reduce customer support - eg. set to a custom Processing status of 'Packing your order now'","Kan handig zijn om de klantenservice te verminderen - bijvoorbeeld. ingesteld op een aangepaste verwerking status van 'Packing nu uw bestelling'"
"Cancel?","Annuleer?"
"Capitalise shipping labels?","Verzilver shipping labels?"
"Category translation","categorie vertaling"
"Center values?","Center waarden?"
"Centered in page","Gecentreerd in pagina"
"Centered in product list","Gecentreerd in productlijst"
"Change order status","Status wijzigen order"
"Change the layout of shipping addresses","Verander de lay-out van de scheepvaart-adressen"
"Change to status:","Wissel naar status:"
"Check for gift message?","Controleer voor cadeau bericht?"
"Clear Cached Images in pickPack","Cache wist Beelden in pickPack"
"Code","Code"
"Color","Kleur"
"Color attribute","color attribuut"
"Color X-pos.","Kleur X-pos."
"Column mapping","Column mapping"
"Columns Y-X-pos.","Kolommen Y-X-pos."
"Combine attribute?","Combineer toeschrijven?"
"Combine custom attributes under product line?","Combineer aangepaste kenmerken onder productlijn?"
"Combine custom product attributes under the product line?","Combineer aangepaste product attributen onder de productlijn?"
"Combine pdfs","Combineer PDF-bestanden"
"Combine product line details?","Combineer productlijn gegevens?"
"Combine the custom attributes listed below?","Combineer de aangepaste kenmerken hieronder?"
"Combined Attributes Xpos","Combined Attributen xpos"
"Combined Packing Sheet/Invoice' grouped by Order ID?","Gecombineerde Packing Vel / Invoice 'gegroepeerd per Order ID?"
"Combined pdfs?","Gecombineerde pdfs?"
"Comma separated top,bottom widths (eg 1,2)","Komma's gescheiden boven-, onder- breedten (bv 1,2)"
"Comma-separated list of customer group names where you don't want the group name","Door komma's gescheiden lijst van de klant groepsnamen waar je niet wilt dat de naam van de groep"
"Comma-separated list of SKUs to *not* show","Door komma's gescheiden lijst van SKU's om * niet * tonen"
"Comma-separated list of SKUs to *not* show a count for","Door komma's gescheiden lijst van SKU's aan * not * tonen een telling voor"
"Comments","Comments"
"Company address","Bedrijfsadres"
"Company address : Color","Bedrijf adres: Kleur"
"Company address : Font","Bedrijf Adres: Font"
"Company address : Size","Bedrijf adres: Size"
"Company address : Style","Bedrijf adres: Style"
"Company address, Default","Company adres, Default"
"Company address, Group 1","Bedrijfsadres, groep 1"
"Company address, Group 2","Bedrijfsadres, groep 2"
"Company address, Group 3","Bedrijfsadres, groep 3"
"Condition","Staat"
"Configurable product name","Configureerbaar productnaam"
"Cost (base) to (display) exchange rate","Kosten (basis) tot (display) wisselkoers"
"Cost currency prefix","Kosten munt prefix"
"Cost multiplier","cost multiplier"
"Cost subtotal?","Kosten subtotaal?"
"courierRules Method","courierRules Methode"
"courierRules method?","courierRules methode?"
"courierRules Shipping Method","courierRules Verzendmethode"
"CSV (Order-combined Products)","CSV (Bestel-gecombineerde producten)"
"CSV (Order-combined Products) Options","CSV (Bestel-gecombineerde producten) Opties"
"CSV (Order-combined Products)?","CSV (Bestel-gecombineerde producten)?"
"CSV (Order-separated Products)","CSV (Bestel-gescheiden Producten)"
"CSV (Order-separated Products) Options","CSV (Bestel-gescheiden Producten) Opties"
"CSV (Order-separated Products)?","CSV (Bestel-gescheiden Producten)?"
"CSV (Orders)","CSV (Orders)"
"CSV (Orders) Options","CSV (Orders) Opties"
"CSV (Orders)?","CSV (Orders)?"
"CSV field separator","CSV veldscheidingsteken"
"CSV output encoding","CSV-uitgang codering"
"CSV/XML (Cargo Manifest)","CSV / XML (Cargo Manifest)"
"CSV/XML (Cargo Manifest)?","CSV / XML (Cargo Manifest)?"
"Custom","gewoonte"
"Custom Attribute","Aangepast kenmerk"
"Custom attribute (1)","Aangepast kenmerk (1)"
"Custom attribute (2)","Aangepast kenmerk (2)"
"Custom attribute (3)","Aangepast kenmerk (3)"
"Custom attribute (4)","Aangepast kenmerk (4)"
"Custom CSV field separator","Custom CSV veldscheidingsteken"
"Custom font file","Aangepaste lettertype bestand"
"Custom image","aangepaste afbeelding"
"Custom Message : Background Color","Bericht van de Douane: Achtergrond Kleur"
"Custom Message : Color","Aangepast bericht: Kleur"
"Custom Message : Font","Aangepast bericht: Font"
"Custom Message : Size","Aangepast bericht: Size"
"Custom Message : Style","Aangepast bericht: Style"
"Custom message under product list?","Custom bericht onder product lijst?"
"Custom options column title","Aangepaste opties kolom titel"
"Custom Order Attribute","Custom-attribuut"
"Custom page title","Aangepaste pagina titel"
"Custom product attribute code (eg: shelf)","Custom product attribuut code (bijvoorbeeld: shelf)"
"Custom product attribute?","Custom product toe te schrijven?"
"Custom text image","image tekst van de douane"
"Custom text under product list?","Tekst van de douane in het kader van product lijst?"
"Custom Value","Custom Value"
"Custom weight fields?","Custom gewicht velden?"
"Custom weightbased count?","Custom weightbased tellen?"
"Custom Weightbased label?","Custom Weightbased label?"
"Custom Weightbased text?","Custom Weightbased tekst?"
"Customer Address X-pos.","Customer Address X-pos."
"Customer attribute code","Customer attribuut code"
"Customer Comments","Commentaren van de klant"
"Customer custom attribute?","Klant aangepaste kenmerk?"
"Customer Email","klant E-mail"
"Customer Email?","Klant e-mail?"
"Customer group?","Klantengroep?"
"Customer ID (Footer) X-pos.","Klant-ID (Footer) X-pos."
"Customer ID X-pos.","Customer ID X-pos."
"Customer ID?","Klanten ID?"
"Customer name X-pos.","naam van de klant X-pos."
"Customer VAT title","Customer BTW titel"
"Customer: Change "Print Invoice" to "PDF Invoices"?","Klant: Change "Print Invoice" naar "PDF Facturen"?"
"Customer: Change "Print Order" to "PDF Invoices"?","Klant: Change "Print Order" naar "PDF Facturen"?"
"Customer: PDF Invoice button?","Klant: PDF knop Factuur?"
"Customer: PDF Packing Sheet button?","Klant: PDF Packing Sheet knop?"
"Customise 'Packed by' text","Customize "Ingepakt door 'text"
"Customise fonts/colours?","Pas fonts / kleuren?"
"Customize page title?","Pas pagina titel?"
"Date format","Datumnotatie"
"Date printed?","Date gedrukt?"
"Day","Dag"
"Deadline text","deadline tekst"
"Deadline text / date?","Deadline text / datum?"
"Default","Standaard"
"Default : Yes","Standaard: Ja"
"Default (Use standard)","Default (standaard gebruik)"
"Default (Use Total Price Xpos)","Default (gebruik Totaal Prijs xpos)"
"Default (Use total prixe Xpos)","Default (Met totaal prixe xpos)"
"Default top-right; eg. 'Invoice'","Standaard rechts boven; bijv. 'Factuur'"
"Default top-right; eg. 'Packing Sheet'","Standaard rechts boven; bijv. 'Verpakking Sheet'"
"Default:","Standaard:"
"Default: -230,-210","Standaard: -230, -210"
"Default: ,","Standaard: ,"
"Default: 'OK'","Standaard: 'OK'"
"Default: 'OK' -->","Standaard: 'OK' ->"
"Default: "Payment due "","Standaard: "Payment due""
"Default: {blank}","Standaard: {spatie}"
"Default: #DDDDDD","Standaard: #DDDDDD"
"Default: #FFFFFF","Standaard: #FFFFFF"
"Default: 0<br />Eg. 21.6700 @ 0 = 22; @ 1 = 21.7; @ 2 = 21.67; @ -1 = 20","Standaard: 0 <br /> Bv. 21,6700 @ 0 = 22; @ 1 = 21,7; @ 2 = 21,67; -1 = 20"
"Default: 1<br />Eg. Change the display cost to match your actual end costs","Standaard: 1 <br /> Bijv. Het weer te geven kosten voor uw werkelijke end kosten overeenkomen"
"Default: 1<br />Eg. kg -> lb = 2.2046; lb -> kg = 0.4536","Standaard: 1 <br /> Bijv. kg -> lb = 2,2046; lb -> kg = 0,4536"
"Default: 1<br />Eg. your base currency is USD, your manifest display currency is GBP : enter the exchange rate multiplier for USD -> GBP","Standaard: 1 <br /> Bijv. uw basisvaluta is USD, uw manifest weergavevaluta is GBP: voer de wisselkoers multiplier voor USD -> GBP"
"Default: 100","Standaard: 100"
"Default: 13pt/5pt (top/bottom), 5pt (left/right)","Standaard: 13pt / 5pt (boven / onder), 5pt (links / rechts)"
"Default: 17","Standaard: 17"
"Default: 185","Standaard: 185"
"Default: 2 [1.1256 becomes 1.13]","Standaard: 2 [1,1256 wordt 1.13]"
"Default: 2<br />Eg. 21.6700 @ 0 = 22; @ 1 = 21.7; @ 2 = 21.67; @ -1 = 20","Standaard: 2 <br /> Bijv. 21,6700 @ 0 = 22; @ 1 = 21,7; @ 2 = 21,67; -1 = 20"
"Default: 200","Standaard: 200"
"Default: 22pt (top/bottom), 30pt (left/right)","Standaard: 22pt (boven / onder), 30pt (links / rechts)"
"Default: 25","Standaard: 25"
"Default: 25 -->","Standaard: 25 ->"
"Default: 25, 25 (can leave one blank)","Standaard: 25, 25 (kan men leeg laat)"
"Default: 250","Standaard: 250"
"Default: 250, 100. Need to select [Yes] on "Show order gift message" or "Show product gift message".","Standaard: 250, 100. Wilt u [Ja] op "Toon bestelling gift bericht" of "Toon product gift bericht"."
"Default: 250, 100. Need to select yes on "Show order gift message" or "Show product gift message"","Standaard: 250, 100. Behoefte om Ja te selecteren op "Toon bestelling gift bericht" of "Toon product gift bericht""
"Default: 250x182","Standaard: 250x182"
"Default: 3","Standaard: 3"
"Default: 350","Standaard: 350"
"Default: 380","Standaard: 380"
"Default: 40","Standaard: 40"
"Default: 400","Standaard: 400"
"Default: 420","Standaard: 420"
"Default: 450","Standaard: 450"
"Default: 460","Standaard: 460"
"Default: 475","Standaard: 475"
"Default: 480","Standaard: 480"
"Default: 50","Standaard: 50"
"Default: 500","Standaard: 500"
"Default: 520","Standaard: 520"
"Default: 5pt (top/bottom), 5pt (left/right)","Standaard: 5pt (boven / onder), 5pt (links / rechts)"
"Default: 5pt/5pt (top/bottom), 5pt/5pt (left/right)","Standaard: 5pt / 5pt (boven / onder), 5pt / 5pt (links / rechts)"
"Default: 67","Standaard: 67"
"Default: 8","Standaard: 8"
"Default: 80","Standaard: 80"
"Default: backordered","Standaard: nabesteld"
"Default: Bold","Standaard: Bold"
"Default: center","Standaard: center"
"Default: Code128","Standaard: Code128"
"Default: codes","Standaard: codes"
"Default: Empty","Standaard: Leeg"
"Default: Grand Total","Standaard: Eindtotaal"
"Default: ID","Standaard: ID"
"Default: ID -->","Standaard: ID ->"
"Default: invoice_","Standaard: invoice_"
"Default: invoice+packing-sheet_","Standaard: factuur + packing-sheet_"
"Default: items","Standaard: items"
"Default: Left (if right, turn off barcodes, addresses; if full-width no company","Default: Links (als rechts, uit te schakelen barcodes, adressen, als volledige breedte geen enkel bedrijf"
"Default: M j, Y . Format this according to www.php.net/date","Standaard: M j, Y. Formatteren dit volgens www.php.net/date"
"Default: Method B","Standaard: Methode B"
"Default: name","Standaard: naam"
"Default: order-combined_","Standaard: order-combined_"
"Default: order-separated_","Standaard: order-separated_"
"Default: out-of-stock-list_","Standaard: out-of-stock-list_"
"Default: packing-sheet_","Standaard: packing-sheet_"
"Default: Phone","Standaard: Telefoon"
"Default: Phone -->","Standaard: Telefoon ->"
"Default: product-separated_","Standaard: product-separated_"
"Default: pt (top/bottom), pt (left/right)","Standaard: pt (boven / onder), punt (links / rechts)"
"Default: Qty","Default: Aantal"
"Default: Qty -->","Default: Aantal ->"
"Default: Ship to:","Default: Verzenden naar:"
"Default: Shipping","Standaard: Shipping"
"Default: Simple product name","Standaard: Simple productnaam"
"Default: Source","Default: Source"
"Default: Subtotal","Standaard: Subtotaal"
"Default: tax","Standaard: belasting"
"Default: total","Standaard: totaal"
"Default: USD","Standaard: USD"
"Default: VAT Rateable","Standaard: BTW Kadastraal inkomen"
"Default: warehouse","Standaard: warehouse"
"Default: Y_m_d . Format this according to www.php.net/date","Standaard: Y_m_d. Formatteren dit volgens www.php.net/date"
"Default: Zero-rated","Standaard: Zero-rated"
"Default:7","Standaard: 7"
"Default: No","Standaard: Geen"
"Default: Yes","Standaard: Ja"
"Depends on your stock management system","Afhankelijk van uw voorraad management systeem"
"Descending","Aflopend"
"Detailed CC info?","Gedetailleerde CC info?"
"Dimensions","Dimensies"
"Dimensions : 'Label width' x 'Label height' @ 300dpi : non-interlaced and non-transparent .png","Dimensions: 'Label width' x 'Label hoogte' @ 300dpi: non-interlaced en non-transparante png"
"Dimensions 180<b style="color:red;">pt</b> x 120<b style="color:red;">pt</b> @ 300dpi : non-interlaced <b>and</b> non-transparent .png","Afmetingen 180 <b style = "color: red;"> pt </ b> x 120 <b style = "color: red;"> pt </ b> @ 300dpi: non-interlaced <b> en </ b> niet-transparante png"
"Dimensions 540<b style="color:red;">pt</b>(A4)|562<b style="color:red;">pt</b>(US Letter) x 1-200<b style="color:red;">pt</b> @ 300dpi : non-interlaced <b>and</b> non-transparent .png","Afmetingen 540 <b style = "color: red;"> pt </ b> (A4) | ​​562 <b style = "color: red;"> pt </ b> (US Letter) x 1-200 <b style = "color: red;"> pt </ b> @ 300dpi: non-interlaced <b> en </ b> niet-transparante png"
"Dispatch Date?","Verzendingsdatum?"
"Don't count these custom option SKUs :","Reken er maar niet deze aangepaste optie SKU's:"
"Double-line spacing?","Double-regelafstand?"
"Double-up this barcode?","Double-up dit barcode?"
"Drink Flag","drink Flag"
"E: ","E:"
"Eg. nudge it up off integrated labels","Bijv. duwtje omhoog off geïntegreerde labels"
"eg. put 'wholesale', then only wholesale customers will see 'Message B'","bijv. zet 'groothandel', dan nog alleen wholesale klanten zullen zien 'Message B'"
"eg. put your country, then only overseas orders will have country added","bijv. zet je land, dan zal alleen buitenlandse orders hebben land toegevoegd"
"Eg. shelving info","Bijv. rekken info"
"Email: Body","E-mail: Body"
"Email: Send To","E-mail: Verzenden naar"
"Email: Sender","E-mail: Afzender"
"Email: Subject","E-mail onderwerp"
"Enable auto processing?","Inschakelen automatische verwerking?"
"Enter your license key here","Voer uw licentiesleutel hier"
"Exactly position shipping detail (eg. for envelope window)","Precies positie scheepvaart detail (bijv. Voor envelop venster)"
"Exactly position top address (eg. for envelope window)","Precies positioneren top-adres (bv. Voor envelop venster)"
"Export","Exporteren"
"Export: Path","Export: Path"
"Extra attribute position","Extra attribuut positie"
"F: ","F:"
"File Path","Bestandspad"
"Fill Bars?","Vul Bars?"
"Fill bkg comments box ?","Vul bkg reacties doos?"
"Fill columns titlebar?","Vul columns titelbalk?"
"Filter again?","weer Filter?"
"Filter by supplier?","Filter per leverancier?"
"Filter items again?","Filter artikelen alweer?"
"Filter items by status?","items op status filteren?"
"Filter items?","Filter artikelen?"
"Filter order notes?","Filter order notes?"
"Filter out some options?","Filteren op bepaalde opties?"
"Filter out some?","Filteren wat?"
"Filter out these attributes","Filteren deze attributen"
"Filter out these custom option SKUs :","Filteren deze aangepaste optie SKU's:"
"Filter shipped items?","Filter verzonden items?"
"Filter text","filter tekst"
"Filter text (don't show notes containg this text)","tekstfilter (niet notities containg deze tekst te laten zien)"
"Filter?","Filter?"
"Filter/Split which PDFs?","Filter / Split die PDF-bestanden?"
"Filters: Order-separated PDFs, Order-combined PDFs","Filters:-Order gescheiden PDF's, Bestel-gecombineerd PDFs"
"First Name","Voornaam"
"First order starts at","Eerste orde begint om"
"Fix Subtotals to page base","Fix Subtotalen pagina base"
"Flat-address font size","Flat-adres lettergrootte"
"Font","doopvont"
"Font size","Lettertypegrootte"
"Font size (Product Lines)","Lettergrootte (Product Lines)"
"Font size (Return address)","Lettergrootte (Return adres)"
"Font size (Shipping address)","Lettergrootte (verzendadres)"
"For all customer group types","Voor alle soorten klantengroep"
"For any customer group containing filter word","Voor elke klant groep met filter woord"
"For configurable products, show:","Voor configureerbare producten, show:"
"For custom minimum stock levels for specific SKUs, set like this:","Voor aangepaste minimale voorraden voor specifieke SKU's, ingesteld als volgt:"
"For full-page sharp backgrounds, upload images with dimensions  595<b style="color:red;">pt</b> x 842<b style="color:red;">pt</b> (A4), or 612<b style="color:red;">pt</b> x 792<b style="color:red;">pt</b> (Letter)","Voor de volledige pagina scherpe achtergronden, afbeeldingen met de afmetingen 595 uploaden <b style = "color: red;"> pt </ b> x 842 <b style = "color: red;"> pt </ b> (A4), of 612 <b style = "color: red;"> pt </ b> x 792 <b style = "color: red;"> pt </ b> (Letter)"
"For Internal Print Flags use "0" to avoid duplicate printing","Interne Print Flags gebruiken "0" om dubbele afdrukken te voorkomen"
"Force gift message font?","gift Force bericht lettertype?"
"Format product options?","Format product opties?"
"Format product?","Format product?"
"FTP host","FTP-host"
"FTP password","FTP-wachtwoord"
"FTP port","FTP-poort"
"FTP remote path","FTP remote pad"
"FTP user","FTP-gebruiker"
"Full height of each label (default 168pt)","Volledige hoogte van elk label (standaard 168pt)"
"Full height of each label (default 432pt)","Volledige hoogte van elk label (standaard 432pt)"
"Full Page Width","Volledige Pagina Breedte"
"Full width of each label (default 190pt)","Volle breedte van elk label (standaard 190pt)"
"Full width of each label (default 288pt)","Volle breedte van elk label (standaard 288pt)"
"Gallery Images (Max 2)","Galerie afbeeldingen (Max 2)"
"General : CSV","Algemeen: CSV"
"General : PDF","Algemeen: PDF"
"General Options","Algemene opties"
"Germany CN22 Label Image","Duitsland CN22 Label Afbeelding"
"Gift card","Cadeaukaart"
"Gift message","bericht gift"
"Gift Message : Background Color","Gift Message: Achtergrond Kleur"
"Gift Message : Color","Gift Message: Kleur"
"Gift Message : Font","Gift Message: Font"
"Gift Message : Size","Gift Message: Size"
"Gift Message : Style","Gift Message: Style"
"Gift wrap","Cadeaupapier"
"Goes at page base - good for integrated labels","Goes op pagina base - goed voor geïntegreerde labels"
"Goes at page base - handy for QC","Goes op pagina base - handig voor QC"
"Goes on the right of the header logo","Gaat aan de rechterkant van de header logo"
"Goes on the top-left of the page","Gaat op de top-links van de pagina"
"Good for 3-part integrated labels, eg. for peel-off address records","Goed voor 3-delige geïntegreerde labels, bijv. voor peel-off adresrecords"
"Good for a footer image","Goed voor het voettekst"
"Good for integrated labels","Goed voor geïntegreerde labels"
"Good for tax numbers, return instructions","Goed voor fiscale nummers, return instructies"
"Good for things like tear-off labels, or adding to the return address abel to make it a 'Returns Label'","Goed voor zaken als tear-off labels, of toe te voegen aan het retouradres abel om het een 'Returns Label' maken"
"Grand Total (from Magento)?","Grand Total (van Magento)?"
"Grey out products from other suppliers","Grey uit producten van andere leveranciers"
"Group by Category?","Groep per categorie?"
"Group With Other Prints","Groep met andere Prints"
"Header logo","Header logo"
"Hide if gift order?","Verbergen als gave orde?"
"Hide prices if a gift order?","Hide prijzen als een gave orde?"
"Hide product option labels?","Verbergen product optie labels?"
"Hide products from other suppliers","Hide producten van andere leveranciers"
"Hide Shipping Method for Store-Pickup orders?","Hide Verzendmethode voor Store-Pickup orders?"
"Hide supplier attribute column?","leverancier verbergen attribuut column?"
"Hide these groups :","Verberg deze groepen:"
"Hide this 'country name'","Verberg deze 'naam van het land'"
"Hide this 'country name' :","Verberg deze 'naam van het land':"
"Hide this' country name' :","Verberg deze 'naam van het land':"
"Hide Virtual and Downloadable products from PDFs?","Hide Virtual en downloadbare producten uit PDFs?"
"Hide zero discount value?","Hide nul korting waarde?"
"Hide zero shipping value?","Hide nul verzendkosten waarde?"
"Hide zero tax value?","Hide zero tax waarde?"
"High-res","Hoge resolutie"
"high-res/low-res?","high-res / low-res?"
"High/Low Resolution?","High / Low Resolution?"
"Hold?","Greep?"
"Holland CN22 Label Image","Holland CN22 Label Afbeelding"
"Horizontal bars : Background Color","Horizontale balken: Achtergrond Kleur"
"Ie. if you want them listed together and not in separate columns","D.w.z. Als je wilt dat ze opgesomd elkaar en niet in afzonderlijke kolommen"
"If 'Yes' this won't include items which have been marked as shipped.","Indien 'Ja' dit zal niet de items die zijn gemarkeerd als verzonden."
"If child image missing, show parent?","Als het kind vermist, blijkt ouder?"
"If set to Yes, after an order has been printed, you can only re-print it from inside the Order Detail page.<br />The aim is to avoid shipping the same order multiple times by mistake.","Indien ingesteld op Ja, nadat een bestelling is afgedrukt, kunt u alleen opnieuw afdrukken vanuit de Orde Detail pagina. <br /> Het doel is om te voorkomen dat de verzending van de dezelfde volgorde meerdere keren per ongeluk."
"If supplier 'logged in', do what with other suppliers products?","Als leverancier 'aangemeld', doe wat met andere leveranciers producten?"
"If you get long addresses that spill over the edge of your label, set this number to force a linebreak","Als je lang adressen die morst over de rand van uw label te krijgen, zet u dit nummer op een linebreak dwingen"
"If you ship a lot of single items, this can help alert your shipping staff that","Als u het schip veel afzonderlijke items, kan dit helpen alert uw verzendkosten personeel dat"
"If you ship a lot of single items, this can help alert your shipping staff that there's more than one!","Als u het schip veel afzonderlijke items, kan dit helpen alert uw verzendkosten personeel dat er meer dan één!"
"If you're using shipEasy, and have setup any of the 3 custom flag columns, you can show the value.","Als u gebruik maakt shipEasy, en heb opstelling een van de 3 aangepaste vlag kolommen, kunt u de waarde laten zien."
"Image behind return address?","Afbeelding achter retouradres?"
"Image behind ship address?","Afbeelding achter schip adres?"
"Image border color","Afbeelding randkleur"
"Image file","Beeldbestand"
"Image nudge","afbeelding duwtje"
"Image position nudge","Afbeelding positie duwtje"
"Images column title","title beelden column"
"Import","Importeren"
"In positionable box (handy for tear-off labels)","In gepositioneerd box (handig voor tear-off labels)"
"Incl.","Incl."
"Include customer phone in addresses?","Omvatten klant telefoon in de adressen?"
"Include discount?","Include korting?"
"Include discounts in product line price","Inclusief kortingen in productlijn prijs"
"Include Order ID in filename for single page print?","Omvatten Order ID in de bestandsnaam voor één pagina print?"
"Include Order ID in filename for single page prints?","Omvatten Order ID in de bestandsnaam voor één pagina afdrukken?"
"Include order notes?","Inclusief order notes?"
"Include shipping country in addresses?","Inclusief verzendkosten land adressen?"
"Include tax in 'Shipping'?","Inclusief btw in 'Verzenden'?"
"Include Tax in Price?","Inclusief btw in de prijs?"
"Include Tax in Shipping Price?","Inclusief btw in Shipping Prijs?"
"Include tax in value?","Inclusief btw in waarde?"
"Include tax?","Inclusief btw?"
"Installation Server","installatie Server"
"Invert some of the title colors...","Omkeren een deel van de titel kleuren ..."
"Invoice Address","Factuuradres"
"Invoice Date","Factuur datum"
"Invoice ID?","Invoice ID?"
"Invoice Number","Factuurnummer"
"Invoice Options","factuur Opties"
"Invoiced Date","gefactureerde Date"
"Is this included in the Subtotal?","Dit in de Subtotaal?"
"Italic","Cursief"
"Item Count","Item Count"
"Items column title","titel kolom '"
"Items count?","Items tellen?"
"Label","Etiket"
"Label height","Label hoogte"
"Label margins","Label marges"
"Label Nudge","Label Nudge"
"Label padding","Label padding"
"Label width","labelbreedte"
"Layout template","Layout template"
"License","Licentie"
"License Key","Licentiesleutel"
"Line above fixed footer image?","Line image vaste footer boven?"
"Line widths","lijndiktes"
"Lock image to page base?","image Lock pagina basis?"
"Logo position","logo positie"
"Low-res","Low-res"
"Magento Order ID","Magento Order ID"
"Main Image","Main Image"
"Makes gift orders a bit happier-looking by adding a special image on the message box.","Maakt gift orders een beetje gelukkiger ogende door het toevoegen van een speciale afbeelding op de message box."
"Manual description 1","Manual beschrijving 1"
"Margin (from right)","Marge (van rechts)"
"Margin (from right) for flat-address","Marge (van rechts) voor plat-adres"
"Marketplace Order ID","Marketplace Order ID"
"Match shipping description :","Pas scheepvaart beschrijving:"
"Match text:","Match tekst:"
"Max address width (pt)","Max adres breedte (pt)"
"Max dimensions","Max afmetingen"
"Max weight per box","Maximaal gewicht per doos"
"Max width","Maximale wijdte"
"Messages","berichten"
"Middle of page","Midden van de pagina"
"Min. weight to hide shipment method and put 'Pallet'","Min. gewicht verzending te verbergen en zet 'Pallet'"
"Minimum stock qty","Minimale voorraad Aantal"
"Moogento","Moogento"
"Moogento pickPack","Moogento pickPack"
"Moogento pickPack : CSV (Order-combined Products)","Moogento pickPack: CSV (Bestel-gecombineerde producten)"
"Moogento pickPack : CSV (Order-separated Products)","Moogento pickPack: CSV (Bestel-gescheiden Producten)"
"Moogento pickPack : CSV (Orders)","Moogento pickPack: CSV (Orders)"
"Moogento pickPack : CSV/XML (Cargo Manifest)","Moogento pickPack: CSV / XML (Cargo Manifest)"
"Moogento pickPack : PDF (Address Labels)","Moogento pickPack: PDF (adresstickers)"
"Moogento pickPack : PDF (CN22 Labels)","Moogento pickPack: PDF (CN22 Labels)"
"Moogento pickPack : PDF (Gift Message)","Moogento pickPack: PDF (Gift Message)"
"Moogento pickPack : PDF (Invoice and Packing Sheet)","Moogento pickPack: PDF (Factuur en Packing Sheet)"
"Moogento pickPack : PDF (Invoice)","Moogento pickPack: PDF (Invoice)"
"Moogento pickPack : PDF (Order-combined Picklist)","Moogento pickPack: PDF (Bestel-gecombineerde Picklist)"
"Moogento pickPack : PDF (Order-separated Picklist)","Moogento pickPack: PDF (Bestel-gescheiden Picklist)"
"Moogento pickPack : PDF (Orders Summary)","Moogento pickPack: PDF (Orders samenvatting)"
"Moogento pickPack : PDF (Packing Sheet)","Moogento pickPack: PDF (Packing Sheet)"
"Moogento pickPack : PDF (Product-separated Picklist)","Moogento pickPack: PDF (-product gescheiden Picklist)"
"Moogento pickPack : PDF (Troylleybox Picklist)","Moogento pickPack: PDF (Troylleybox Picklist)"
"Moogento pickPack : PDF (Zebra Labels)","Moogento pickPack: PDF (Zebra Labels)"
"Moogento pickPack : PDF/CSV (Out-of-stock List)","Moogento pickPack: PDF / CSV (Out-of-stock List)"
"Multiplier Attribute","multiplier Attribute"
"Multiplies product price by set multiplication factor. Eg. use to show product price limit for substitutions in pick","Vermenigvuldigt product prijs die set vermenigvuldigingsfactor. Bijv. te gebruiken om het product maximale prijs voor substituties in pick tonen"
"Multiplies product price by set multiplication factor.<br />Eg. use to show product price limit for substitutions in pick","Vermenigvuldigt product prijs die set vermenigvuldigingsfactor. <br /> Bv. te gebruiken om het product maximale prijs voor substituties in pick tonen"
"Multiply prices by attribute?","Vermenigvuldig prijzen op eigenschap?"
"Name from Order","Naam van Orde"
"Name from Product > Default Store","Naam van het product> Default Store"
"Name from Product > Order Store *Default*","Naam van het product> Bestel Store * Standaard *"
"Name from Product > Specific Store","Naam van het product> Specifieke Store"
"New page per order?","Nieuwe pagina per bestelling?"
"New PDF per name?","Nieuwe PDF per naam?"
"No","Nee"
"No (default)","Nee (standaard)"
"No of Items per page","Aantal producten per pagina"
"No, include all items in order","Nee, omvatten alle items in orde"
"No, include it in the product price","Nee, opnemen in de prijs van het product"
"No, include it in the product price (but also show a tax subtotal summary)","Nee, opnemen in de prijs van het product (maar ook een samenvatting belasting subtotaal)"
"No, move other items to new line (+ keep linebreaks)","Nee, bewegen andere items om nieuwe regel (+ houden linebreaks)"
"No, without Tax","Nee, zonder BTW"
"None","Geen"
"Normal' Dimensions:  269<b style="color:red;">pt</b> x 41<b style="color:red;">pt</b> @ 300dpi<br />","Normaal 'Afmetingen: 269 <b style = "color: red;"> pt </ b> x 41 <b style = "color: red;"> pt </ b> @ 300dpi <br />"
"Not recommended... Use at your own risk...","Niet aanbevolen ... Gebruik op eigen risico ..."
"Nudge","Duwtje"
"Nudge 'Packed 2 by' note","Nudge 'Packed 2 door' note"
"Nudge 'Packed by' text","Nudge 'Ingepakt door' text"
"Nudge <b>autoCN22</b> label","Nudge <b> autoCN22 </ b> label"
"Nudge 2nd address","Nudge 2 adres"
"Nudge 2nd barcode","Nudge 2 barcode"
"Nudge 2nd custom title","Nudge 2 aangepaste titel"
"Nudge 2nd image","Nudge 2 image"
"Nudge address","Nudge adres"
"Nudge background image","image Nudge achtergrond"
"Nudge barcode","Nudge barcode"
"Nudge CN22 label","Nudge CN22 label"
"Nudge company address","Nudge bedrijfsadres"
"Nudge details","Nudge gegevens"
"Nudge entire label","Nudge hele label"
"Nudge fixed image","Nudge stilstaand beeld"
"Nudge flat-address","Nudge flatscreen-adres"
"Nudge gift message","Nudge gift bericht"
"Nudge image","image Nudge"
"Nudge label image","image Nudge label"
"Nudge logo","Nudge logo"
"Nudge Order ID","Nudge Order ID"
"Nudge Order ID barcode","Nudge Order ID barcode"
"Nudge order notes","Nudge order notes"
"Nudge product line","Nudge productlijn"
"Nudge qr-code (1)","Nudge qr-code (1)"
"Nudge qr-code (2)","Nudge qr-code (2)"
"Nudge return address","Nudge retouradres"
"Nudge return label","Nudge retourlabel"
"Nudge Rotated Product List","Nudge gedraaid Product List"
"Nudge shelving","Nudge rekken"
"Nudge shipping address","Nudge verzendadres"
"Nudge shipping address only","Nudge alleen verzendadres"
"Nudge supplier attribute","Nudge leverancier attribuut"
"Nudge title","Nudge title"
"Nudge tracking barcode","Nudge volgen barcode"
"Nudge tracking number","Nudge volgen aantal"
"Nudge Zipcode barcode","Nudge Postcode barcode"
"Nudge' Packed by' note","Nudge 'Ingepakt door' note"
"Number product list?","Aantal product lijst?"
"Only print once?","Slechts een keer af te drukken?"
"Only process orders matching shipEasy attribute?","Alleen proces orders matching shipEasy attribuut?"
"Operand?","Operand?"
"Order Attribute","attribuut"
"Order attribute code","Attribuut code"
"Order attribute code:","Attribuut code:"
"Order Attribute Value","Bestel Attribute Value"
"Order Comments","Bestel Reacties"
"Order custom attribute?","Bestel aangepaste kenmerk?"
"Order date","Besteldatum"
"Order date X-pos.","Bestel datum X-pos."
"Order Date?","Besteldatum?"
"Order ID (Footer) X-pos.","Order ID (Footer) X-pos."
"Order ID X-pos.","Bestel ID X-pos."
"Order ID?","Order ID?"
"Order of subtotals","Orde van subtotalen"
"Order Source","Bestel Source"
"Order Source?","Bestel Source?"
"Order-combined Pick List Options","-Beschikking in samenhang Pick List Options"
"Order-separated Pick List Options","-Order gescheiden Pick List Options"
"Orders with In Stock Items Only","Bestellingen met Only In Stock Items"
"Others?","Anderen?"
"Output as PDF or CSV?","Uitvoer als PDF of CSV?"
"Output Excel XML file (instead of CSV)","Output Excel XML-bestand (in plaats van CSV)"
"Output Filenames","Output bestandsnamen"
"Output only these suppliers (Hide/Grey-out others)","Output alleen deze leveranciers (Hide / grijs-out anderen)"
"Output only this supplier (Hide/Grey-out others) . . . Leave blank to auto-split all suppliers","Alleen uitvoer deze leverancier (Hide / grijs-out anderen). . . Laat leeg om auto-split alle leveranciers"
"Override 'Minimum stock qty'","Override 'Minimum voorraad Aantal'"
"Override default address formatting?","Override default adres opmaak?"
"Override default address layout?","Override default adres lay-out?"
"Override filter notes messages","Override filter merkt berichten"
"Override stock qty output with location-specific stock?","Override voorraad Aantal output met locatie-specifieke voorraad?"
"Override' Minimum stock qty'","Override 'Minimum voorraad Aantal'"
"Packing  Sheet Products : Separating Vertical Line Color","Verpakking Sheet Producten: Scheiden Vertical Line Color"
"Packing Sheet Options","Verpakking Bladopties"
"Packing Sheet Products : Separating Line Color","Verpakking Sheet producten: scheidingslijn Color"
"Packing Sheet Products : Separating Vertical Line Color","Verpakking Sheet Producten: Scheiden Vertical Line Color"
"Padding","vulling"
"Page 1 Product-lines cutoff Y-pos","Page 1 Product-lijnen cutoff Y-pos"
"Page 1 products cutoff position","Pagina 1 producten cutoff positie"
"Page Body : Color","Page Body: Kleur"
"Page Body : Font","Page Body: Font"
"Page Body : Size","Page Body: Size"
"Page Body : Style","Page Body: Style"
"Page padding","pagina padding"
"page padding","pagina padding"
"Page size","Pagina grootte"
"Page template :","Pagina sjabloon:"
"Page title : Color","Pagina titel: Kleur"
"Page title : Font","Pagina titel: Font"
"Page title : Size","Pagina titel: Size"
"Page title : Style","Pagina titel: Style"
"Paid Date","betaald Date"
"Paid Date?","Betaald Date?"
"Pallet 'go' weight","Pallet 'go' gewicht"
"Pallet' go' weight","Pallet 'go' gewicht"
"Paper height","Paper hoogte"
"Paper margins","papiermarges"
"Partially: lines top & bottom","Gedeeltelijk: lijnen top & bottom"
"Pattern text","patroon tekst"
"Pattern to match :","Patroon aan te passen:"
"Payment","Betaling"
"Payment method?","Betalingsmiddel?"
"PDF (Address Labels)","PDF (Address Labels)"
"PDF (Address Labels)?","PDF (Address Labels)?"
"PDF (CN22 Labels)","PDF (CN22 Labels)"
"PDF (CN22 Labels)?","PDF (CN22 Labels)?"
"PDF (Gift Message)","PDF (Gift Message)"
"PDF (Gift Message)?","PDF (Gift Message)?"
"PDF (Invoice & Packing Sheet)","PDF (Invoice & Packing Sheet)"
"PDF (Invoice and Packing Sheet)?","PDF (Factuur en Packing Sheet)?"
"PDF (Invoice)","PDF (Invoice)"
"PDF (Invoice)?","PDF (Invoice)?"
"PDF (Order-combined Picklist)","PDF (Bestel-gecombineerde Picklist)"
"PDF (Order-combined Picklist)?","PDF (Bestel-gecombineerde Picklist)?"
"PDF (Order-separated Picklist)","PDF (Bestel-gescheiden Picklist)"
"PDF (Order-separated Picklist)?","PDF (Bestel-gescheiden Picklist)?"
"PDF (Orders Summary)","PDF (Orders samenvatting)"
"PDF (Orders Summary)?","PDF (Orders samenvatting)?"
"PDF (Out-of-stock List)","PDF (Out-of-stock List)"
"PDF (Out-of-stock List)?","PDF (Out-of-stock List)?"
"PDF (Packing Sheet)","PDF (Packing Sheet)"
"PDF (Packing Sheet)?","PDF (Packing Sheet)?"
"PDF (Product-separated Picklist)","PDF (-product gescheiden Picklist)"
"PDF (Product-separated Picklist)?","PDF (product-gescheiden Picklist)?"
"PDF (Trolleybox Picklist)","PDF (Trolleybox Picklist)"
"PDF (Trolleybox Picklist)?","PDF (Trolleybox Picklist)?"
"PDF (Zebra Labels)","PDF (Zebra Labels)"
"PDF (Zebra Labels)?","PDF (Zebra Labels)?"
"PDF Address-label Sheet","Adres PDF-label Sheet"
"PDF Gift Message","PDF Gift Message"
"PDF Invoice","PDF Invoice"
"PDF Invoice &amp; Packing Sheet' Sort","PDF Invoice & amp; Paklinnen 'Sort"
"PDF Letter","PDF Letter"
"PDF Order-combined Picklist","PDF Bestel-gecombineerd Picklist"
"PDF Order-separated Picklist","PDF Bestel-gescheiden Picklist"
"PDF Orders Summary","PDF Orders Samenvatting"
"PDF Packing Sheet","PDF Packing Sheet"
"PDF Packing Sheet + Invoice","PDF Packing Sheet + Factuur"
"PDF page size","PDF paginagrootte"
"PDF Product-separated Picklist","PDF-product gescheiden Picklist"
"PDF Zebra Label","PDF Zebra Label"
"PDF/CSV (Out-of-stock List)","PDF / CSV (Out-of-stock List)"
"PDF/CSV Out-of-stock List","PDF / CSV Out-of-stock List"
"PDF/CSV Out-of-stock List Options","PDF / CSV Out-of-stock optielijst"
"Pick Lists only","Pick alleen Lists"
"pickPack","pickPack"
"pickPack Validation Key","pickPack Validation Key"
"Pickup Date","Ophaaldatum"
"Pickup Store Address","Pickup Store Address"
"Pickup Store Email","Pickup Store Email"
"Pickup Store ID","Pickup Store ID"
"Pickup Store Phone","Pickup Store Phone"
"Pickup Time","Ophaaltijd"
"Position","Positie"
"Position custom text box","Positie aangepaste tekstvak"
"Position of custom attributes","Positie van de aangepaste kenmerken"
"Position of notes :","Positie van nota:"
"Position of shelving info","Positie van rekken info"
"Position the addresses exactly - for integrated labels","Plaats de adressen precies - voor geïntegreerde labels"
"Position the message box exactly","Plaats de doos boodschap precies"
"Positionable box position","Positioneerbare doos positie"
"Pre-cells","Pre-cellen"
"Price column title","kolom titel prijs"
"Price position","prijspositie"
"Price X-pos.","Prijs X-pos."
"Prices","prijzen"
"Prices converted from","Prijzen omgezet van"
"Print All?","Alle afdrukken?"
"Print barcode in separate line?","Print barcode in aparte regel?"
"Print Condition","Print Voorwaarde"
"Print Credit Memos?","Print creditnota's?"
"Print Invoices?","Print facturen?"
"Print orders once only?","Printopdrachten eenmalig?"
"Print Packingslips?","Print Packingslips?"
"Print products label after address label?","Print producten etiket na adreslabel?"
"Print resolution","printresolutie"
"Print Shipping Labels?","Print Shipping Labels?"
"Print supplier attribute?","Print leverancier toeschrijven?"
"Priority of custom attribute grouping","Prioriteit van aangepast kenmerk groeperen"
"Process date?","Proces date?"
"Process orders that include out-of-stock items?","Proces bestellingen die out-of-stock items omvatten?"
"Processing schedule","Processing schema"
"Product Category Label","Product Category Label"
"Product discount title","Product korting titel"
"Product discount title?","Product korting titel?"
"Product gift message xpos","Product gift bericht xpos"
"Product id below barcode font-size","Product-ID onderstaande barcode font-size"
"Product images?","Productfoto's?"
"Product line nudge","Productlijn duwtje"
"Product line total title","Productlijn totale titel"
"Product line total title?","Productlijn totale titel?"
"Product list sort direction :","Producten lijst sorteerrichting:"
"Product list titlebar padding bot","Productlijst titelbalk padding bot"
"Product list titlebar padding top","Productlijst titelbalk padding top"
"Product Name","productnaam"
"Product name position","Productnaam positie"
"Product name X-pos.","Naam van het product X-pos."
"Product name?","Productnaam?"
"Product names or attributes contain non-roman characters?","Product namen of attributen bevatten niet-Latijns schrift?"
"Product Options : Size","Product Opties: Size"
"Product options?","Product opties?"
"Product Price x","Product Price x"
"Product SKU barcode?","Product SKU streepjescode?"
"Product SKU below barcode font-size","Product SKU onderstaande barcode font-size"
"Product SKU below barcode?","Product SKU onderstaande barcode?"
"Product weight?","Gewicht van het product?"
"Product-price Multiplier","Product-prijs Multiplier"
"Pull from custom attribute","Trek uit aangepast kenmerk"
"Purchase order #?","Bestelling #?"
"Put in separate column","Zet in aparte kolom"
"Puts in total weight, shipping carrier, payment method","Zet in totaal gewicht, transporteur, betaalmethode"
"q(Qty left to ship), s(Qty shipped), o(Qty ordered)","q (Aantal links naar schip), s (Aantal verzonden), o (Aantal besteld)"
"Qty column title","titel Aantal column"
"Qty invoiced","Aantal gefactureerd"
"Qty left to ship","Aantal links naar verwachting"
"Qty X-pos.","Aantal X-pos."
"Quote all values in CSV exports?","Citaat van alle waarden in CSV export?"
"Recalculate","herberekenen"
"Recommend for long SKU","Aanraden voor lange SKU"
"Reformat address?","Herformatteren adres?"
"Reformat?","Formatteren?"
"Regular","regelmatig"
"Remove accents from letters in address?","Verwijder accenten uit letters in het adres?"
"Remove product tax from subtotal?","Verwijder product belastingen van subtotaal?"
"Remove shipping tax from","Verwijder de scheepvaart belasting uit"
"Remove shipping tax from subtotal?","Verwijder de scheepvaart belasting uit subtotaal?"
"Remove shipping tax from tax","Verwijder de scheepvaart belasting van belasting"
"Repeat gift message?","Herhaal gift bericht?"
"Replace Default ERP Invoice with pickPacks?","Vervang Standaard ERP Invoice met pickPacks?"
"Replace Default ERP Packing Sheet with the one from pickPack?","Vervang Standaard ERP Packing opgenomen wordt met de een van pickPack?"
"Reset","Reset"
"Return address","Retouradres"
"return address - Default","retouradres - Standaard"
"return address - Group 1","retouradres - Groep 1"
"return address - Group 2","retouradres - Groep 2"
"return address - Group 3","retouradres - Groep 3"
"Return Address Label : Color","Adresstickers: Kleur"
"Return Address Label : Font","Adresstickers: Font"
"Return Address Label : Size","Return Address Label: Size"
"Return Address Label : Style","Adresstickers: Style"
"Return address text","Retouradres tekst"
"Right","Rechts"
"Right Margin X","Rechtermarge X"
"Rotate <b>autoCN22</b> page?","Roteren <b> autoCN22 </ b>?"
"Rotate entire label?","Draai gehele label?"
"Rotate label?","Draai label?"
"Rotate Product list","Roteren Producten lijst"
"Rotate return address?","Draai retouradres?"
"Rotate?","Draaien?"
"Round cost by ? decimal places","Round kosten door? decimalen"
"Round custom attribute numbers?","Ronde aangepast kenmerk nummers?"
"Round weight by ? decimal places","Levend gewicht van? decimalen"
"Rounding to 2 decimals can work well for price display.<br /><i>Default: No</i>","Afronding op 2 decimalen kan goed werken voor prijsaanduiding <br /> <i> Standaard:. Nee </ i>"
"Rule 1?","Regel 1?"
"Rule 2?","Regel 2?"
"Rules are processed in order from low to high priority numbers.<br/>","Regels worden verwerkt in de volgorde van laag naar hoog prioriteit nummers. <br/>"
"Scale Shipping Labels","Schaal Verzendetiketten"
"Seeing tofu : <b style="font-size:200%;font-weight:100;display:inline;position:relative;top:5px;">&#9647;</b>?","Het zien van tofu: <b style = "font-size: 200%; font-weight: 100; display: inline; position: relative; top: 5px;"> & # 9647; </ b>?"
"Select Order Attribute To Update","Selecteer Order toeschrijven aan bijwerken"
"Separate multiple matches by comma.'","Scheid meerdere wedstrijden door een komma. '"
"Seperator 1?","Seperator 1?"
"Seperator 2?","Seperator 2?"
"Server Name","Server naam"
"Set in 'Shipping Labels' section","Stel in de rubriek 'Shipping Labels'"
"Set in 'Shipping Labels' section<br />Enable this to show eg. Royal Mail PPI labels","Stel in 'Shipping Labels' sectie <br /> Schakel deze bijvoorbeeld te laten zien. Royal Mail PPI labels"
"Set Internal Printed Flag?","Stel Internal Printed Vlag?"
"Set the currency symbol","Stel het valutasymbool"
"Set to Low to keep filesize low (but background image blurred), set to High to get a sharp background (and larger filesize)","Ingesteld op Laag bestandsgrootte laag te houden (maar achtergrond afbeelding wazig), ingesteld op Hoog tot een scherpe achtergrond (en grotere bestandsgrootte) krijgen"
"Settings File","instellingen File"
"Shelving attribute","Stellingen attribuut"
"Shelving position","rekken positie"
"Shelving Xpos","Stellingen xpos"
"Shift Bundle Children Xpos","Shift Bundle Kinderen xpos"
"Ship Date","Verzenddatum"
"shipEasy Connection","shipEasy Connection"
"shipEasy Connection","shipEasy Connection"
"shipEasy flag column #","shipEasy vlag column #"
"shipEasy flag value?","shipEasy vlag waarde?"
"Shipping Address","Verzendingsadres"
"Shipping address padding","Verzendadres padding"
"Shipping address phone?","Verzendadres telefoon?"
"Shipping address title","Verzendadres titel"
"Shipping Date?","Datum van verzending?"
"Shipping Image #1","Verzending Afbeelding # 1"
"Shipping Image #2","Verzending Afbeelding # 2"
"Shipping Image #3","Verzending Afbeelding # 3"
"Shipping Labels","verzendetiketten"
"Shipping Method (Default)","Verzendmethode (Standaard)"
"Shipping method?","Verzendmethode?"
"Shipping options?","Verzendopties?"
"Shipping Type","Verzenden Type"
"Shipping/Billing Title : Style","Verzenden / Billing Titel: Style"
"Shipping/Billing title position","Verzenden / Billing titel positie"
"Show","Tonen"
"Show 'Allowance'?","Show 'Allowance'?"
"Show 'Message B' for this group :","Show 'Message B' voor deze groep:"
"Show 'Message B' for this group :","Show 'Message B' voor deze groep:"
"Show 'Packed 2 by' note?","Show 'Packed 2 door' mee?"
"Show 'Packed by' note?","Show 'Ingepakt door' mee?"
"Show 'Packed by' note?","Show 'Ingepakt door' mee?"
"Show 'total item count'?","Show 'totale post count'?"
"Show 'total order count'?","Show 'totale bestelling count'?"
"Show 'total paid'?","Show 'totale betaalde'?"
"Show 'total shipping paid'?","Show 'totale verzendkosten betaald'?"
"Show 'Total Taxed Product Value'?","Show 'Total Belast Product Value'?"
"Show 'Total UnTaxed Product Value'?","Show 'Total onbelast Product Value'?"
"Show #Order or #Invoice","Toon #Order of #Invoice"
"Show 0 qty items?","Toon 0 aantal artikelen?"
"Show 2nd attribute?","Toon 2 attribuut?"
"Show 2nd order custom attribute?","Toon 2e orde aangepast kenmerk?"
"Show 2nd Order ID?","Toon 2 Order ID?"
"Show 2nd qrcode?","Toon 2 QRCode?"
"Show 2nd?","Toon 2?"
"Show 3rd attribute?","Toon 3 attribuut?"
"Show address in product label?","Toon adres in productlabel?"
"Show advanced options?","Toon geavanceerde zoekopties?"
"Show Aitoc Checkout Fields?","Toon Aitoc Afrekenen Fields?"
"Show Amasty Order Attributes?","Toon Amasty Order attributen?"
"Show Amasty order delivery date?","Toon Amasty orde leverdatum?"
"Show another attribute?","Laat een ander attribuut?"
"Show as Icon?","Toon als Icon?"
"Show attribute titles?","Toon toeschrijven titels?"
"Show barcode SKU?","Toon barcode SKU?"
"Show Base Currency values in Subtotals?","Toon basisvaluta waarden in Subtotalen?"
"Show BetaBoxes?","Show BetaBoxes?"
"Show billing address at top?","Toon factuuradres bovenaan?"
"Show billing address?","Toon factuuradres?"
"Show billing phone under shipping address ?","Toon billing telefoon onder afleveradres?"
"Show billing phone?","Toon billing telefoon?"
"Show Box 1?","Show Box 1?"
"Show Box 2?","Show Box 2?"
"Show Box 3?","Toon box 3?"
"Show box estimation?","Laat doos schatting?"
"Show brackets around tax?","Toon haakjes rond belasting?"
"Show bundle parent?","Toon bundel ouder?"
"Show bundle parents?","Toon bundel ouders?"
"Show bundle product children?","Toon bundelproduct kinderen?"
"Show column titles?","Toon kolom titels?"
"Show cost subtotal?","Toon kosten subtotaal?"
"Show Currency Exchange Rate in Subtotals?","Toon Wisselkoers van de munt in Subtotalen?"
"Show custom attribute?","Toon aangepaste kenmerk?"
"Show custom barcode?","Toon aangepaste streepjescode?"
"Show custom product attribute (2)?","Toon aangepaste product kenmerk (2)?"
"Show custom product attribute (3)?","Toon aangepaste product attribuut (3)?"
"Show custom product attribute (4)?","Toon aangepaste product kenmerk (4)?"
"Show custom product attribute?","Toon aangepaste product attribuut?"
"Show custom product attributes?","Toon aangepaste product attributen?"
"Show custom product options?","Toon aangepaste product opties?"
"Show custom qrcode?","Toon aangepaste QRCode?"
"Show customer email?","Laat e-mail klant?"
"Show customer group?","Laat groep klanten?"
"Show customer ID?","Laat de klant ID?"
"Show customer phone?","Laat de klant de telefoon?"
"Show customer VAT number?","Laat de klant BTW-nummer?"
"Show custommer comment?","Toon custommer reactie achterlaten?"
"Show date printed?","Show date gedrukt?"
"Show deadline text / date?","Laat deadline text / datum?"
"Show discount?","Toon korting?"
"Show discounts in order subtotal","Toon kortingen in orde subtotaal"
"Show discounts in order subtotal'","Toon kortingen in orde subtotaal '"
"Show discounts where?","Toon kortingen, waar?"
"Show discounts?","Show kortingen?"
"Show Earned Points?","Toon verdiende punten?"
"Show extended info line?","Toon uitgebreide info lijn?"
"Show extra shipping details?","Toon extra verzendkosten informatie?"
"Show fixed text?","Laat vaste tekst?"
"Show fixed-text for non-Store-Pickup orders?","Laat vaste tekst voor niet-Store-Pickup orders?"
"Show for bundle children?","Toon voor bundel kinderen?"
"Show full payment?","Toon volledige betaling?"
"Show gift message title 'to/from'","Toon geschenk bericht titel 'to / from'"
"Show gift message?","Toon gift bericht?"
"Show gift messages?","Toon gift boodschappen?"
"Show gift wrap message?","Toon cadeaupapier bericht?"
"Show gift wrap style?","Toon cadeaupapier stijl?"
"Show giftwrap label?","Toon giftwrap label?"
"Show Grand Total?","Toon Grand Total?"
"Show icon top-of-page for wrap orders?","Show icon top-of-pagina voor wrap orders?"
"Show invoiced date?","Toon gefactureerde date?"
"Show items count?","Toon artikelen tellen?"
"Show logo on Pick Lists?","Laat logo op Pick Lists?"
"Show logo on picklists?","Laat logo op selectielijsten?"
"Show mageworld order delivery date?","Toon mageworld orde leverdatum?"
"Show Mageworx Multifees?","Toon Mageworx Multifees?"
"Show movable Order ID?","Toon beweegbare Order ID?"
"Show name?","Toon naam?"
"Show on line item' can help reduce customs fees","Toon op de post 'kan helpen verminderen de douane kosten"
"Show order column titles?","Toon kolomvolgorde titels?"
"Show order comments?","Laat orde opmerkingen?"
"Show order custom attribute?","aangepaste kenmerk Show orde?"
"Show order date?","Toon besteldatum?"
"Show order gift message?","Toon order cadeau bericht?"
"Show Order Grand Total","Laat Bestel Grand Total"
"Show Order ID (above address)?","Show Order ID (bovenstaand adres)?"
"Show Order ID above address?","Toon Order ID bovenstaand adres?"
"Show Order ID barcode?","Toon Order ID barcode?"
"Show Order ID barcodes?","Toon Order ID barcodes?"
"Show Order ID in product label?","Toon bestellen ID in productlabel?"
"Show Order ID?","Toon Order ID?"
"Show Order IDs?","Toon Order-id's?"
"Show order number?","Toon ordernummer?"
"Show Order Subtotals?","Toon Order Subtotalen?"
"Show Order Tax Total","Toon Order Btw"
"Show Order Total (no Tax)","Show Order Total (geen belasting)"
"Show page title bar?","Toon pagina titelbalk?"
"Show parent product name","Toon ouder productnaam"
"Show payment method?","Toon betaalmethode?"
"Show phone numbers?","Toon telefoonnummers?"
"Show pickup date/time on same line?","Toon pickup datum / tijd op dezelfde lijn?"
"Show Point Discount?","Laat Point Discount?"
"Show Price?","Toon Prijs?"
"Show prices?","Toon prijzen?"
"Show product gift message?","Bekijk product cadeau bericht?"
"Show Product Gift-Wrap Column?","Show Product Gift-Wrap Column?"
"Show Product Grand Total","Show Product Eindtotaal"
"Show Product ID barcode","Show Product-ID barcode"
"Show product ID below barcode?","Bekijk product ID onderstaande barcode?"
"Show product images?","Bekijk product foto's?"
"Show product line total?","Toon productlijn totaal?"
"Show Product list?","Laat Product list?"
"Show product name bold?","Toon productnaam vet?"
"Show product name?","Toon naam van het product?"
"Show product names?","Toon productnamen?"
"Show product options?","Bekijk product opties?"
"Show Product qty?","Toon product aantal?"
"Show product sku barcode?","Bekijk product sku barcode?"
"Show product sku?","Bekijk product sku?"
"Show Product Tax Total","Laat Product Btw"
"Show Product Total(no Tax)","Toon product Total (geen belasting)"
"Show product type?","Toon soort product?"
"Show product-level gift messages?","Bekijk product-level gift boodschappen?"
"Show purchase order #?","Toon bestelling #?"
"Show qty as:","Toon aantal als:"
"Show return address?","Toon retouradres?"
"Show Sheet Grand Total with Tax/ without Tax","Laat Sheet Grand Total Tax met / zonder belasting"
"Show Sheet Total","Show balanstotaal"
"Show Sheet Total with Tax/ without Tax","Toon blad Total Tax met / zonder belasting"
"Show shelving info?","Toon rekken info?"
"Show Ship Grand Total","Show Ship Grand Total"
"Show Ship Tax Total","Show Ship Btw"
"Show Ship Total (no Tax)","Show Ship Total (geen belasting)"
"Show shipping address at top?","Toon verzendadres bovenaan?"
"Show shipping address title?","Toon verzendadres titel?"
"Show shipping address?","Toon verzendadres?"
"Show shipping carrier?","Toon transporteur?"
"Show shipping method?","Toon verzendmethode?"
"Show Shipping Price?","Toon Shipping Prijs?"
"Show Shipping subtotal?","Toon Shipping subtotaal?"
"Show shipping warehouse?","Laat de scheepvaart magazijn?"
"Show simple product name","Toon eenvoudige productnaam"
"Show SKU?","Toon SKU?"
"Show Source in subtotal?","Toon Bron in subtotaal?"
"Show specific attribute?","Toon specifiek attribuut?"
"Show Spent Points?","Toon Spent Points?"
"Show stock alert below...","Toon voorraad alert hieronder ..."
"Show stock alerts?","Toon voorraad meldingen?"
"Show stock qty?","Toon voorraad Aantal?"
"Show subtotal?","Toon subtotaal?"
"Show Subtotals?","Show Subtotalen?"
"Show tax breakdown?","Laat belasting afbraak?"
"Show tax separately?","Laat belasting afzonderlijk?"
"Show tickbox 2nd?","Toon hokje 2?"
"Show tickbox?","Toon hokje?"
"Show total discount?","Toon totale korting?"
"Show Total Due?","Laat Totaal Due?"
"Show Total Order","Show Totaal Bestellen"
"Show Total Paid?","Laat Totaal betaald?"
"Show total shipping?","Toon totale verzendkosten?"
"Show total tax?","Toon totale belasting?"
"Show total weight?","Toon totale gewicht?"
"Show tracking number as barcode?","Toon tracking nummer als barcode?"
"Show tracking number?","Toon tracking-nummer?"
"Show unit price?","Toon prijs per eenheid?"
"Show unit tax Total","Show unit tax Totaal"
"Show unit tax?","Toon eenheid belasting?"
"Show which date?","Toon welke datum?"
"Show which Store-Pickup details?","Laten zien welke Store-Pickup gegevens?"
"Show which value for configurable product names?","Laten zien welke waarde voor configureerbaar productnamen?"
"Show which value for product names?","Laten zien welke waarde voor productnamen?"
"Show WSA Store-Pickup details?","Toon WSA Store-Pickup gegevens?"
"Show zero-value discount?","Toon zero-waarde korting?"
"Show zero-value shipping?","Toon zero-waarde shipping?"
"Show zero-value tax?","Toon zero-waarde belasting?"
"Show Zipcode barcode?","Toon Postcode barcode?"
"Show?","Tonen?"
"Shows item if stock below this; Default: 1","Shows als voorraad onder deze; Standaard: 1"
"Shows SKU in red if stock below this number","Shows SKU in het rood als voorraad onder dit nummer"
"Signature line?","Signature lijn?"
"Simple product name","Simple productnaam"
"Simple product name, even in configurable","Eenvoudige naam van het product, zelfs in configureerbare"
"Size","Grootte"
"Size attribute","grootte attribuut"
"Size X-pos.","Size X-pos."
"SKU barcode column title","SKU titel barcode kolom"
"SKU column title","titel SKU column"
"SKU position","SKU positie"
"SKU X-pos.","SKU X-pos."
"SKU?","SKU?"
"Small Image","kleine Afbeelding"
"Sort bundle children?","Sorteren bundel kinderen?"
"Sort by :","Sorteer op :"
"Sort direction :","Sorteer richting:"
"Sort items by :","Sorteer artikelen op:"
"Sort product lists by :","Sorteren product lijsten op:"
"Sort product lists?","Sorteren product lijsten?"
"Sort products by :","Sorteer producten op:"
"Sort Secondary by :","Sorteren Secundaire op:"
"Sorting attribute :","Sortering attribuut:"
"Spacer character:","Spacer karakter:"
"Specific font-size for Town/State/Zip","Specifieke font-size voor Town / State / Zip"
"Split &amp; group bundle parents and children/simple-products separately","Split & amp; groep bundel ouders en kinderen / simpele-producten afzonderlijk"
"Split by logged-in user?","Splitsen op ingelogde gebruiker?"
"Split PDFs by supplier","Split PDF's per leverancier"
"Standard : shipping on left, billing on right","Standard: de scheepvaart op links, facturering op rechts"
"Star specific value?","Star specifieke waarde?"
"Start from fixed Y-Pos?","Start vanaf vaste Y-Pos?"
"Start overflow pages where?","Begin overflow pagina's waar?"
"Start with 'From :' to have that a different size","Begin met 'Van:' te hebben dat een ander formaat"
"Status","toestand"
"Stock alert below...","Stock alert hieronder ..."
"Stock alerts?","Stock meldingen?"
"Stock Filter","Stock Filter"
"Store","Winkel"
"Strip line breaks and commas?","Strip lijn pauzes en komma's?"
"Strip linebreaks from non-address fields in CSV exports?","Strip linebreaks uit niet-adres velden in CSV-export?"
"Strip linebreaks in gift messages?","Strip linebreaks in geschenkverpakking berichten?"
"Strip linebreaks in order comments?","Strip linebreaks in orde opmerkingen?"
"Style","Stijl"
"Subheadings : Color","Tussenkoppen: Kleur"
"Subheadings : Font","Tussenkoppen: Font"
"Subheadings : Size","Tussenkoppen: Size"
"Subheadings : Style","Incl. btw."
"Subsection height","Tax"
"Subtotal align","Incl. btw."
"Subtotal Labels X-pos","Subtotaal Labels X-pos"
"Subtotal Numbers X-pos","Subtotaal Numbers X-pos"
"Suggested : [blank] or 'billing details'","Voorgesteld: [spatie] of 'billing gegevens'"
"Suggested : [blank] or 'Ship","Voorgesteld: [spatie] of 'Ship"
"Suggested : [blank] or 'shipping details'","Voorgesteld: [spatie] of 'het verschepen details'"
"Supplier  'login'","Leverancier 'login'"
"Supplier attribute","Leverancier attribuut"
"Supplier options","Leverancier opties"
"Supplier username:suppliername","Leverancier gebruikersnaam: suppliername"
"Switched, billing on donw, shipping on up","Ingeschakeld, facturering op donw, de scheepvaart op maximaal"
"Switched, billing on left, shipping on right","Ingeschakeld, facturering aan de linkerkant, de scheepvaart op de rechter"
"T: ","T:"
"Take product name from:","Neem de naam van het product uit:"
"Tax column title","titel fiscale column"
"Tax display method","Tax weergave methode"
"Tax Incl.","Incl. btw."
"Tax Label","tax Label"
"Tax Label Incl.","Tax Label Incl."
"Tax paid?","Belasting betaald?"
"Teando Delivery Options?","Teando Leveropties?"
"Temando Delivery Options?","Temando Leveropties?"
"Text","Tekst"
"Text for 'Packed 2 by' note :","Tekst voor 'Packed 2 door' note:"
"Thailand CN22 Label Image","Thailand CN22 Label Afbeelding"
"This needs the <b><a href="https://moogento.com/shipeasy" target="_blank">shipEasy</a></b> extension to work","Dit moet de <b> <a href="https://moogento.com/shipeasy" target="_blank"> shipEasy </a> </ b> uitbreiding aan het werk"
"This option will work if you have installed Gift Wrap feature of Magento Enterprise","Deze optie is als u hebt geïnstalleerd Gift Wrap kenmerk van Magento Enterprise werken"
"This option will work if you have installed warehouse extension.","Deze optie zal werken als je magazijn extensie hebt geïnstalleerd."
"This sets: Packing Sheets, Invoices, Picklists.","Dit stelt: Packing Lakens, facturen, keuzelijsten."
"This will add an info label at the end of every print run.","Dit zal een info label toe te voegen aan het eind van elke oplage."
"This will be added to each order's total weight","Dit wordt toegevoegd aan het totale gewicht elke order"
"This will create different pick lists per supplier","Dit zal verschillende keuzelijsten per leverancier te creëren"
"This will group all products by their category (useful for outbound customs declarations)","Hiermee worden alle producten van hun categorie (handig voor uitgaande douaneaangiften)"
"This will move the image on each label","Hierdoor wordt het beeld te verplaatsen op elk etiket"
"This will slow down PDF generation by a lot, so leave 'No' unless you really need it","Dit zal vertragen PDF generatie door een groot, dus laat 'Nee', tenzij je echt nodig hebt"
"Thumbnail","Thumbnail"
"Tickbox 2nd Xpos","Hokje 2 xpos"
"Tickbox 2nd?","Hokje 2?"
"Tickbox Xpos","hokje xpos"
"Tickbox?","Hokje?"
"Time","Tijd"
"Tip : Use short title(s) if you choose 'beside'","Tip: Gebruik korte titel (s) als u 'naast' kiezen"
"Title","Titel"
"Title text","Titel tekst"
"Titlebars Bkg Color","Titelbalk Bkg Color"
"Today\'s Date","De datum van vandaag"
"Top address padding","Top-adres padding"
"Top Left","Linksboven"
"Top of page","Bovenaan de pagina"
"Top-left Ribbon","Linksboven Ribbon"
"Total invoiced items count?","Totale gefactureerde items tellen?"
"Total items count?","Totaal artikelen tellen?"
"Total order count?","Totale bestelling tellen?"
"Total paid column","Totaal betaalde column"
"Total paid for each SKU?","Totaal betaald voor elke SKU?"
"Total paid?","Totaal betaald?"
"Total price column title","Totale titel prijs column"
"Total product qty title","Totaalproduct aantal titel"
"Total shipped items count?","Totaal verzonden items tellen?"
"Total shipping paid?","Total verzendkosten betaald?"
"Total weight?","Totale gewicht?"
"Tracking number font size","Tracking nummer lettergrootte"
"Tracking Number?","Volg nummer?"
"Trigger statuses","Trigger statussen"
"Trim long content?","Trim lange inhoud?"
"Trim long?","Trim lang?"
"Trim long SKUs?","Trim lange SKU's?"
"Trim Product Name","Trim Naam van het product"
"Trim Product Name?","Trim Naam van het product?"
"Trim SKU?","Trim SKU?"
"Trim?","Trim?"
"Truncate items to fit in columns?","Truncate items om te passen in de kolommen?"
"UK CN22 Label Image","UK CN22 Label Afbeelding"
"Under product-list message","Onder product-lijst bericht"
"Under product-list Message A","Onder product-lijst A Message"
"Under product-list Message B","Onder product-lijst Message B"
"Under shipping details","Onder verzendkosten details"
"Unhold?","Unhold?"
"Unit price column title","titel prijs column Unit"
"Unit price title","Eenheidsprijs titel"
"Unit tax title","Unit fiscale titel"
"Unit tax title?","Unit fiscale titel?"
"Update after process","Update na proces"
"Update Order Attribute","Update-attribuut"
"Update shipEasy Flag","Update shipEasy Flag"
"Upload a .ttf or .otf font file","een .ttf of .otf lettertype bestand te uploaden"
"Upload a .ttf or .otf font file <br />'Font style' settings","Upload een .ttf of .otf fontbestand <br /> 'Lettertype stijl' settings"
"Upload a .ttf or .otf font file <br />'Font style' settings are ignored with custom fonts","Upload een .ttf of .otf fontbestand <br /> 'Stijl lettertype' instellingen worden genegeerd met aangepaste lettertypen"
"Upload a .ttf or .otf font file'Font style' settings","Upload een .ttf of .otf lettertype file'Font stijl 'settings"
"Upload a .ttf or .otf font file<br />'Font style' settings are ignored with custom fonts","Upload een .ttf of .otf fontbestand <br /> 'Stijl lettertype' instellingen worden genegeerd met aangepaste lettertypen"
"Upsize + bold qty, if qty = 2+","Upsize + gewaagd aantal, als qty = 2+"
"USA CN22 Label Image","USA CN22 Label Afbeelding"
"Use <b>courierRules</b> generated shipping label?","Gebruik <b> courierRules </ b> gegenereerd shipping label?"
"Use as a way to constrain the address inside a specific label or area","Gebruiken als een manier om het adres te beperken binnen een bepaald label of gebied"
"Use GFS Shipping Labels?","Gebruik GFS Shipping Labels?"
"Use logged-in language","Gebruik ingelogde taal"
"Use Magento Grand Total?","Gebruik Magento Grand Total?"
"Use Magento subtotals?","Gebruik Magento subtotalen?"
"Use order storeview language","Gebruik orde Storeview taal"
"Use together with 'Update shipEasy Flag' -> 'Yes, Printed'","Gebruik in combinatie met 'Bijwerken shipEasy Flag' -> 'Ja, Gedrukte'"
"Use what language and when?","Gebruik welke taal en wanneer?"
"Use which image?","Gebruik welke afbeelding?"
"Use which?","Gebruik welke?"
"Uses header logo from Packing Sheet","Gebruikt header logo van Verpakking Sheet"
"Using One Step Checkout (Magestore) delivery date","Met behulp van One Step Checkout (Magestore) leveringsdatum"
"Usually goes at page base - handy for QC","Meestal gaat op pagina base - handig voor QC"
"Value","Waarde"
"Vert Line","Vert Line"
"Warehouse?","Magazijn?"
"Weight Based number?","Op basis van gewicht nummer?"
"Weight Based?","Op basis van gewicht?"
"Weight multiplier","gewicht multiplier"
"Weight rounding","gewicht afronding"
"Weight unit","gewichtseenheid"
"Weight unit:","Gewicht eenheid:"
"What is your word for 'tax'?","Wat is jouw woord voor 'tax'?"
"Where to position custom product attributes on the picklists.<br />Default: Columns","Waar te positioneren aangepaste product attributen op de selectielijsten <br /> Standaard:. Columns"
"Which Aitoc attribute codes?","Welke Aitoc codes toe te schrijven?"
"Which Options?","Welke opties?"
"Which value for configurable product names?","Welke waarde voor configureerbare productnamen?"
"Which?","Welke?"
"Width","Breedte"
"X days after printing date?","X dagen na het afdrukken date?"
"X-Nudge","X-Nudge"
"X-pos","X-pos"
"X-Pos [434]","X-Pos [434]"
"X-Pos.  images 222","X-Pos. images 222"
"X-Pos. attr. 2","X-Pos. attr. 2"
"X-Pos. attr. 2 (+ prices col)","X-Pos. attr. 2 (+ prijzen col)"
"X-Pos. attr. 2 (+ prices, tax cols)","X-Pos. attr. 2 (+ prijzen, tax cols)"
"X-Pos. attr. 3","X-Pos. attr. 3"
"X-Pos. attr. 3 (+ prices col)","X-Pos. attr. 3 (+ prijzen col)"
"X-Pos. attr. 3 (+ prices, tax cols)","X-Pos. attr. 3 (+ prijzen, tax cols)"
"X-Pos. barcodes","X-Pos. barcodes"
"X-Pos. custom product options","X-Pos. aangepaste product opties"
"X-Pos. custom product options (+ prices col)","X-Pos. aangepaste product opties (+ prijzen col)"
"X-Pos. custom product options (+ prices, tax cols)","X-Pos. aangepaste product opties (+ prijzen, tax cols)"
"X-Pos. date","X-Pos. datum"
"X-Pos. images","X-Pos. afbeeldingen"
"X-Pos. images (+ prices col)","X-Pos. foto's (+ prijzen col)"
"X-Pos. images (+ prices, tax cols)","X-Pos. foto's (+ prijzen, tax cols)"
"X-Pos. name","X-Pos. naam"
"X-Pos. name (+ prices col)","X-Pos. Naam (+ prijzen col)"
"X-Pos. name (+ prices, tax cols)","X-Pos. Naam (+ prijzen, tax cols)"
"X-Pos. numbered list","X-Pos. genummerde lijst"
"X-Pos. numbered list bundle children","X-Pos. genummerde lijst bundel kinderen"
"X-Pos. product discount","X-Pos. product korting"
"X-Pos. product discount?","X-Pos. product korting?"
#N/A
"X-Pos. product line total?","X-Pos. productlijn in totaal?"
"X-Pos. qty","X-Pos. Aantal"
"X-Pos. qty (+ prices col)","X-Pos. aantal (+ prijzen col)"
"X-Pos. qty (+ prices, tax cols)","X-Pos. aantal (+ prijzen, tax cols)"
"X-Pos. shelf","X-Pos. plank"
"X-Pos. shelf (+ prices col)","X-Pos. shelf (+ prijzen col)"
"X-Pos. shelf (+ prices, tax cols)","X-Pos. shelf (+ prijzen, tax cols)"
"X-Pos. sku","X-Pos. sku"
"X-Pos. sku (+ prices col)","X-Pos. sku (+ prijzen col)"
"X-Pos. sku (+ prices, tax cols)","X-Pos. sku (+ prijzen, tax cols)"
"X-Pos. SKU barcode","X-Pos. SKU streepjescode"
"X-Pos. SKU barcode (+ prices col)","X-Pos. SKU barcode (+ prijzen col)"
"X-Pos. SKU barcode (+ prices, tax cols)","X-Pos. SKU barcode (+ prijzen, tax cols)"
"X-Pos. tickbox","X-Pos. tickbox"
"X-Pos. tickbox (+ prices col)","X-Pos. tickbox (+ prijzen col)"
"X-Pos. tickbox (+ prices, tax cols)","X-Pos. tickbox (+ prijzen, tax cols)"
"X-Pos. total price","X-Pos. totale prijs"
"X-Pos. total price (+ tax col)","X-Pos. totale prijs (+ belasting col)"
"X-Pos. unit price","X-Pos. eenheid prijs"
"X-Pos. unit price (+ tax col)","X-Pos. eenheidsprijs (+ belasting col)"
"X-Pos. unit tax","X-Pos. unit tax"
"X-Pos. unit tax?","X-Pos. unit belasting?"
"XML/CSV Cargo Packing Sheet","XML / CSV Cargo Verpakking Sheet"
"Xpos name","xpos naam"
"Xpos qty","xpos aantal"
"Xpos shelving","xpos rekken"
"Y-pos","Y-pos"
"Yes","Ja"
"Yes (After tax)","Ja (na belastingen)"
"Yes (item custom attribute with specific date)","Ja (punt aangepaste kenmerk met specifieke datum)"
"Yes (Multiple products)","Ja (Multiple producten)"
"Yes (Single products)","Ja (Single producten)"
"Yes in Packing Sheets & Invoices Only","Ja in Verpakking Sheets & Facturen Only"
"Yes in Picklists Only","Ja in keuzelijsten Alleen"
"Yes, *not* including email","Ja, * niet * met inbegrip van e-mail"
"Yes, 2 messages, depending on customer group","Ja, 2 berichten, afhankelijk van de groepsgrootte van de klant"
"Yes, after shipping address","Ja, na het afleveradres"
"Yes, an image","Ja, een afbeelding"
"Yes, and don\'t include date","Ja, en don \ 't zijn onder andere datum"
"Yes, and double-quote quotes","Ja, en dubbel-quote quotes"
"Yes, and include date","Ja, en omvatten datum"
"Yes, and strip all quotes","Ja, en strippen alle quotes"
"Yes, average price paid (taken from invoice row)","Ja, gemiddelde prijs betaald (overgenomen uit factuur rij)"
"Yes, before shipping address","Ja, voor de scheepvaart adres"
"Yes, below product line, linear","Ja, onder de productlijn, lineair"
"Yes, below product line, stacked","Ja, onder de productlijn, gestapeld"
"Yes, below product line, stacked & boxed","Ja, onder de productlijn, gestapeld & boxed"
"Yes, both in a Tax column and a Tax subtotal","Ja, zowel in een Tax kolom en een Tax subtotaal"
"Yes, by Order Attribute","Ja, door Attribute Order"
"Yes, by Order Status","Ja, door Status Bestel"
"Yes, by Shipping Method","Ja, door Verzendmethode"
"YES, CAPITALISE","YES, Profiteren"
"Yes, Child (Simple product full SKU (include option))","Ja, Child (Simple product volledige SKU (inclusief optie))"
"Yes, Child (Simple product full SKU, including product options)","Ja, Child (Simple product volledige SKU, met inbegrip van product opties)"
"Yes, Child (Simple product SKU **Default**)","Ja, Child (Simple product SKU ** Standaard **)"
"Yes, Child (Simple product)","Ja, Child (Simple product)"
"Yes, combined in movable box","Ja, gecombineerd beweegbare kast"
"Yes, combined in new page","Ja, gecombineerd in nieuwe pagina"
"Yes, combined in positionable box","Ja, gecombineerd positioneren vak"
"Yes, combined under products list","Ja, gecombineerd onder producten lijst"
"Yes, combined under shipping address","Ja, samengebracht onder verzendadres"
"Yes, combo attributes","Ja, combo attributen"
"Yes, concise","Ja, beknopte"
"Yes, count each option as a separate SKU","Ja, telt elke optie als een aparte SKU"
"Yes, count each option as a separate SKU, grouped under parent product","Ja, telt elke optie als een aparte SKU, gegroepeerd onder ouder product"
"Yes, custom attribute","Ja, aangepast kenmerk"
"Yes, depending on Country Group","Ja, afhankelijk van het land Group"
"Yes, filter by notes text","Ja, filter door notities tekst"
"Yes, fixed text","Ja, vaste tekst"
"Yes, for Pick Lists and Packing Sheets","Ja, voor Pick Lists en Packing Sheets"
"Yes, from custom attribute","Ja, uit aangepast kenmerk"
"Yes, full SKU","Ja, volledige SKU"
"Yes, Garuda [good for: Thai, Latin]","Ja, Garuda [goed voor: Thai, Latijn]"
"Yes, grayed out","Ja, grijs"
"Yes, group parent SKUs and option SKUs","Ja, de groep ouder SKU's en optie SKU"
"Yes, in a Tax column","Ja, in een kolom Belasting"
"Yes, in a Tax subtotal","Ja, in een Tax subtotaal"
"Yes, in page base","Ja, in pagina base"
"Yes, in positionable box (handy for tear-off labels)","Ja, in positioneren box (handig voor tear-off labels)"
"Yes, in separate column","Ja, in aparte kolom"
"Yes, in title","Ja, in de titel"
"Yes, incl. tax","Ja, incl. belasting"
"Yes, including email","Ja, inclusief e-mail"
"Yes, inline with product SKU","Ja, in lijn met het product SKU"
"Yes, Invoice ID","Ja, Invoice ID"
"Yes, Kinnari (similar to Georgia) [good for: Thai, Latin]","Ja, Kinnari (vergelijkbaar met Georgia) [goed voor: Thai, Latijn]"
"Yes, Marketplace Order ID","Ja, Marketplace Order ID"
"Yes, MS Gothic [large filesize, good for: Japanese, Latin]","Ja, MS Gothic [grote bestandsgrootte, goed voor: Japans, Latijn]"
"Yes, new line for each, under product SKU","Ja, nieuwe regel voor elk, onder product SKU"
"Yes, on a new page","Ja, op een nieuwe pagina"
"Yes, on same label","Ja, op hetzelfde label"
"Yes, on separate label","Ja, op aparte label"
"Yes, one message, horizontal strip","Ja, een boodschap, horizontale strip"
"Yes, one message, positionable box","Ja, een boodschap, positioneren doos"
"Yes, one product per label","Ja, één product per label"
"Yes, only output Invoiced items","Ja, alleen uitgevoerd gefactureerde artikelen"
"Yes, only output Shipped items","Ja, alleen uitgevoerd Verzonden items"
"Yes, order details + shipping label","Ja, ordergegevens + verzendkosten label"
"Yes, order details only","Ja, order Home alleen"
"Yes, Order ID","Ja, Order ID"
"Yes, Parent (Configurable parent **Default**)","Ja, Parent (configureerbare ouder ** Standaard **)"
"Yes, Parent (Configurable parent SKU)","Ja, Parent (configureerbare ouder SKU)"
"Yes, product category","Ja, productcategorie"
"Yes, product ID","Ja, product ID"
"Yes, product name","Ja, productnaam"
"Yes, product SKU","Ja, product SKU"
"Yes, Purisa (similar to Comic Sans) [good for: Thai, Latin]","Ja, purisa (vergelijkbaar met Comic Sans) [goed voor: Thai, Latijn]"
"Yes, Sawasdee [good for: Thai, Latin]","Ja, Sawasdee [goed voor: Thai, Latijn]"
"Yes, shipping label only","maar ja, de scheepvaart label"
"Yes, show only notes tagged \'visible on frontend\'","Ja, toon alleen notities tag \ 'zichtbaar op frontend \'"
"Yes, Simplified Chinese [good for: Chinese]","Ja, Vereenvoudigd Chinees [goed voor: Chinese]"
"Yes, split parent SKUs if option SKUs vary","Ja, splitsen ouder SKU's als optie SKU's variëren"
"Yes, standard fonts [large filesize, good for accented Latin]","Ja, standaard lettertypes [grote bestandsgrootte, goed voor geaccentueerde Latijn]"
"Yes, Tahoma [medium filesize, good for: Arabic, Latin]","Ja, Tahoma [medium bestandsgrootte, goed voor: Arabisch, Latijn]"
"Yes, to 0 decimal places","Ja, naar 0 decimalen"
"Yes, total product cost price","Ja, de totale productkosten prijs"
"Yes, total sold price, excluding shipping","Ja, totale verkochte prijs, exclusief verzendkosten"
"Yes, total sold price, including shipping","Ja, de totale prijs verkocht, inclusief verzendkosten"
"Yes, Traditional Chinese [good for: Chinese]","Ja, Traditioneel Chinees [goed voor: Chinese]"
"Yes, under individual product","Ja, in het kader van individuele product"
"Yes, under product list","Ja, onder productlijst"
"Yes, up to a pallet","Ja, tot pallet"
"Yes, Uppercase","Ja, Hoofdletters"
"Yes, with no tax info","Ja, met geen belasting info"
"Yes, with Tax","Ja, met Tax"
"Yes, with VAT info","Ja, met BTW-info"
"Yes: bold","Ja: bold"
"Yes: bold & underline","Ja: bold & underline"
"Yes: bold, underlined & red","Ja: vet, onderstreept & rood"
"Yes: boxed","Ja: boxed"
"You need courierRules installed for this to work. This will use the specific label generated by courierRules.","Je moet courierRules geïnstalleerd om dit te laten werken. Dit zal de specifieke label gegenereerd door courierRules gebruiken."
"Filter/split by supplier?","Filter / splitsen van de leverancier?"
"'Combined Packing Sheet/Invoice' grouped by Order ID?",""Gecombineerde Packing vel / Invoice 'gegroepeerd per Order ID?"
"Reset pickPack","Reset pickPack"
"Export pickPack Settings","Export pickPack Instellingen"
"Import pickPack Settings","Import pickPack Instellingen"
"'PDF Invoice & Packing Sheet' Sort","'PDF Invoice & Packing Sheet' Sort"
"Customise CSVs","Pas CSV"
"Customise PDFs","Pas PDFs"
"Customise Admin/Frontend Options","Pas Admin / Frontend Opties"
"pickPack User Guide","pickPack User Guide"
"Moogento Store","Moogento Store"