"'Allowance' column title",""Ersättning" kolumnrubriken"
"'Attribute 1' column","kolumnen Attribut 1 '"
"'Attribute 2' column","kolumnen "Attribut 2 '"
"'Attribute 3' column","kolumn Attribut 3 '"
"'Attribute 4' column","kolumnen "Attribut 4 '"
"'Attribute Combine' column","Attributet Kombinera kolumnen"
"'Product barcode' column",""Produkt streckkod kolumnen"
"'Product images' column",""Nätbutiker kolumnen"
"'Product name' column",""Produktnamn" kolumnen"
"'Product weight' column",""Produktvikt kolumnen"
"'Qty' column",""Antal" kolonn"
"'ship-address' and 'bill-address' column format","Skepps adress "och" bill-adress kolumnen format"
"'ship-address' and' bill-address' column format","Skepps adress "och" bill-adress kolumnen format"
"'SKU' column",""SKU" kolonn"
"'Stock qty' column",""Lager Antal kolumnen"
"'Stock warning' column",""Stock varning kolumnen"
"'Tick boxes' next to item SKUs?",""kryssa" nästa punkt SKU?"
"'Tickbox 2nd' column",""Kryssrutan 2nd kolumnen"
"'Tickbox' column",""Kryssrutan" kolonn"
"'Warehouse' column",""Lager kolumnen"
"(%) Default is 100%","(%) Standard är 100%"
"(Attribute must exist)","(Attribut måste finnas)"
"(Default : "Total Price Col" X-Pos)","(Standard: "pris Col" X-Pos)"
"(Default:No)","(Standard: Nej)"
"(Default:Yes)","(Standard: Ja)"
"(negative to shift it down)","(Negativ för att skifta den ner)"
"(standard for invoices)","(Standard för fakturor)"
"(Tip: Upload placeholder images in Config > Catalog)","(Tips: Ladda platshållarbilder i Config> Katalog)"
"(Upload placeholder images in Config > Catalog)","(Ladda platshållarbilder i Config> Katalog)"
"(Used if 'Position of shelving info' set to 'Columns')","(Används om "placering hyllor info" inställd på "Kolumner")"
"['Payment due ']","[ 'Betalning']"
"[#000000] (#HEX colour code)","[# 000000] (#hex färgkod)"
"[#111111] (#HEX colour code)","[# 111111] (#hex färgkod)"
"[#5BA638] (#HEX colour code)","[# 5BA638] (#hex färgkod)"
"[#87CEEB] (#HEX colour code)","[# 87CEEB] (#hex färgkod)"
"[#8AC371] (#HEX colour code)","[# 8AC371] (#hex färgkod)"
"[#FFFFFF] (#HEX colour code)","[#FFFFFF] (#hex Färgkod)"
"[10] (negative to shift it down)","[10] (negativ att flytta ner)"
"[10] (negative to shift it down)<br />(Make about half image height to center text)<br />(If you need to show options, probably don't shift)","[10] (negativ att flytta ner) <br /> (Lägg ungefär halva bildhöjd till centrum text) <br /> (Om du behöver visa alternativ, förmodligen inte flytta)"
"[10pt]/5pt (top/bottom), 5pt (left/right)","[10pt] / 5pt (upp / ned), 5pt (vänster / höger)"
"[15pt] - Set larger to print a larger barcode","[15pt] - Ställ större för att skriva ut en större streckkod"
"[30] - Set to same as Sku X-Pos to print barcode under Sku","[30] - Ställ in samma som Sku X-Pos ut streckkoder enligt Sku"
"[blank]","[tom]"
"[Default = No]","[Standard = No]"
"[Equal]","[Lika]"
"[Invoice then Packing Sheet]","[Faktura sedan Pack Sheet]"
"[Italic]","[Kursiv]"
"[More than]","[Mer än]"
"[No]","[Nej]"
"[No] : Default","[Nej]: Standard"
"[No] (No = Word-wrap)","[Nej] (Nej = Word-wrap)"
"[No] If set to yes, gift messages will print with this font.","[Nej] Om satt till ja, present meddelanden ut med detta teckensnitt."
"[OpenSans]","[Opensans]"
"[Packing Sheet then Invoice]","[Förpacknings Sheet sedan faktura]"
"[Partially: Lines top &amp; bottom]","[Delvis: Linjer top & amp; botten]"
"[price]","[pris]"
"[qty]","[St]"
"[Regular]","[Regelbunden]"
"[sku]","[Sku]"
"[stock]","[stock]"
"[Yes (from Magento)]","[Ja (från Magento)]"
"[Yes]","[Ja]"
"[Yes] : Default;","[Ja]: Standard;"
"[Yes] (Adds 'Included' to tax label)","[Ja] (Lägger till "ingår" skatte etikett)"
"[Yes] (No = Word-wrap)","[Ja] (Nej = Word-wrap)"
"[Yes]<br />- If you have slightly 'dirty data' (eg. product names with linebreaks in) set this to yes.","[Ja] <br /> - (. T.ex. produktnamn med radbrytningar i) Om du har något "smutsig uppgifter" som detta till ja."
"[Yes]<br />- If you have spreadsheet cells getting mixed up, check this is turned on.<br />- If set to Yes, set the spreadsheet importer to 'Fields de-limited by " character'.","[Ja] <br /> -. Om du har kalkylbladsceller få blandas ihop, kontrollera detta är påslagen <br /> - Om satt till Ja, ställa in kalkyl importören "Fields de begränsad med" karaktär "."
"&nbsp;&nbsp;Custom Value","& Nbsp; & nbsp; eget värde"
"&nbsp;&nbsp;Value","& Nbsp; & nbsp; Värde"
"&nbsp;Eg. enter 'Captured amount' to not show authorize.net payments<br / >Separate multiple phrases by the pipe character: <b>|</b>","& Nbsp; eg. ange "Captured mängd" att inte visa authorize.net betalningar <br /> Separera flera fraser genom röret tecken: <b> | </ b>"
"<b>Default Label dimensions (portrait):</b>","<B> Standard Label dimensioner (stående): </ b>"
"<b>Label dimensions:250,200</b>","<B> Label dimensioner: 250.200 </ b>"
"<div class="column_config_section" style="width:60%!important">","<Div class = "column_config_section" style = "width: 60% viktig">"
"<div class="column_config_section">","<Div class = "column_config_section">"
"<div class="column_config_section"><div class="column_config_para" style="margin-top: -12em;"><b>Structure:</b> <span class = "comment_code">{if X}</span><span class = "comment_code">{X}</span>,|<span  class = "comment_code">{/if}</span><br /><b>Can use these codes: </b><br /><span class = "comment_code">{prefix}</span><span  class = "comment_code">{name}</span><span class = "comment_code">{firstname}</span><span class = "comment_code">{lastname}</span><span  class = "comment_code">{suffix}</span><span class = "comment_code">{company}</span><span class = "comment_code">{street}</span><span  class = "comment_code">{city}</span><span class = "comment_code">{postcode}</span><span class = "comment_code">{country}</span><br />","<Div class = "column_config_section"> <div class = "column_config_para" style = "margin-top: -12em;"> <b> Struktur: </ b> <span class = "comment_code"> {if X} </ span> <span class = "comment_code"> {X} </ span>, | <span class = "comment_code"> {/ if} </ span> <br /> <b> kan använda dessa koder: </ b > <br /> <span class = "comment_code"> {prefix} </ span> <span class = "comment_code"> {namn} </ span> <span class = "comment_code"> {firstname} </ span> <span class = "comment_code"> {lastname} </ span> <span class = "comment_code"> {suffix} </ span> <span class = "comment_code"> {företag} </ span> <span class = " comment_code "> {gata} </ span> <span class =" comment_code "> {city} </ span> <span class =" comment_code "> {postnummer} </ span> <span class =" comment_code "> {land } </ span> <br />"
"<div class="column_config_section"><div class="column_config_para" style="margin-top: -7.5em;"><b>Structure:</b> <span class = "comment_code">{Attribute A}</span>,<span class = "comment_code">{Attribute  B}</span>","<Div class = "column_config_section"> <div class = "column_config_para" style = "margin-top: -7.5em;"> <b> Struktur: </ b> <span class = "comment_code"> {A Attribut} < / span> <span class = "comment_code"> {Attribut B} </ span>"
"<div class="column_config_section"><div class="column_config_para" style="margin-top: -7.5em;"><b>Structure:</b> <span class = "comment_code">{if x}</span><span class = "comment_code">{x}</span>,|<span  class = "comment_code">{/if}</span><br /><b>Can use these codes: </b><br /><span class = "comment_code">{prefix}</span><span  class = "comment_code">{name}</span><span class = "comment_code">{firstname}</span><span class = "comment_code">{lastname}</span><span  class = "comment_code">{suffix}</span><span class = "comment_code">{company}</span><span class = "comment_code">{street}</span><span  class = "comment_code">{city}</span><span class = "comment_code">{postcode}</span><span class = "comment_code">{country}</span><br />","<Div class = "column_config_section"> <div class = "column_config_para" style = "margin-top: -7.5em;"> <b> Struktur: </ b> <span class = "comment_code"> {if x} < / span> <span class = "comment_code"> {x} </ span>, | <span class = "comment_code"> {/ if} </ span> <br /> <b> kan använda dessa koder: </ b> <br /> <span class = "comment_code"> {prefix} </ span> <span class = "comment_code"> {namn} </ span> <span class = "comment_code"> {firstname} </ span > <span class = "comment_code"> {lastname} </ span> <span class = "comment_code"> {suffix} </ span> <span class = "comment_code"> {företag} </ span> <span class = "comment_code"> {gata} </ span> <span class = "comment_code"> {city} </ span> <span class = "comment_code"> {postnummer} </ span> <span class = "comment_code"> { land} </ span> <br />"
"<div class="column_config_section"><div class="column_config_para" style="margin-top: -7.5em;"><b>Structure:</b><br />","<Div class = "column_config_section"> <div class = "column_config_para" style = "margin-top: -7.5em;"> <b> Struktur: </ b> <br />"
"<div class="column_config_section"><div class="column_config_para">[No] Some couriers (like Royal Mail) require no accents in shipping labels.</div></div>","<Div class = "column_config_section"> <div class = "column_config_para"> [Inga] Vissa kurirer (som Royal Mail) kräver inga accenter i fraktsedlar. </ Div> </ div>"
"<div class="column_config_section"><div class="column_config_para"><b>Structure:</b><br />","<Div class = "column_config_section"> <div class = "column_config_para"> <b> Struktur: </ b> <br />"
"<div class="column_config_section"><div class="column_config_para">eg. Put your country, then only overseas orders will have country added </div></div>","<Div class = "column_config_section"> <div class = "column_config_para"> t ex. Sätt ditt land, då endast utländska order kommer att ha land läggas </ div> </ div>"
"<div class="column_config_section"><div class="column_config_para">If your PDFs print with missing or tofu (<b style="font-size:200%;font-weight:100;display:inline;position:relative;top:5px;">&#9647;</b>) characters, set this to 'Yes'.<br/>Setting this to 'Yes' will make your PDFs about 0.4mb bigger.<br/>If that doesn't work for you: set 'Customise fonts' to 'Yes'; then set 'Use non-roman characters to 'Yes'; then try the other font families.</div></div>","<Div class = "column_config_section"> <div class = "column_config_para"> Om dina PDF-filer ut med saknas eller tofu (<b style = "font-size: 200%; font-weight: 100; display: inline; positioner: relativ ; top: 5px; "> & # 9647; </ b>) tecken, som detta" ja "<br/> ställa in detta till" Ja "kommer att göra dina PDF-filer om 0,4MB större <br/> Om det.. inte fungerar för dig: set "skräddarsy typsnitt" till "Ja"; ställ sedan in "Använd icke-latinska bokstäver till" Ja "; sedan prova andra familjer teckensnitt. </ div> </ div>"
"<div class="column_config_section"><div class="column_config_para">Set to the most prominent colour in your logo. [#8AC371]<br/>(Used for title borders).</div></div>","<Div class = "column_config_section"> <div class = "column_config_para"> Ställ in den mest framträdande färgen i logotypen. [# 8AC371] <br/> (Används för titel gränser). </ Div> </ div>"
"<div class="column_config_section"><div class="column_config_para">Use this if you need a specific cutoff point (eg for labels) which the auto-cutoff is going over","<Div class = "column_config_section"> <div class = "column_config_para"> Använd detta om du behöver en viss brytpunkten (t.ex. för etiketter) som auto-cutoff går över"
"<img src="//moogento.com/logo/moogento_tinylogo.lp.png" alt="Moogento" width="20" style="vertical-align:bottom;margin-left:-1px;"/> MOOGENTO Extensions","<img src = "// moogento.com/logo/moogento_tinylogo.lp.png" alt = "Moogento" width = "20" style = "vertikal-align: bottom; margin-left: -1px;" /> MOOGENTO Extensions"
"18 Flag","18 Flagga"
"2 places","2 platser"
"21 Flag","21 Flagga"
"2a Shipmethod match","2a Shipmethod match"
"2b Shipmethod match","2b Shipmethod match"
"2c Shipmethod match","2c Shipmethod match"
"2d Country negative match","2d Land negativ matchning"
"2nd attribute?","2. Attribut?"
"2nd background image?","2: a bakgrundsbild?"
"2nd Custom page title","2nd Anpassad sidtitel"
"2nd Image file","2nd bildfil"
"2nd Order attribute code","2nd Order attribut kod"
"2nd Order custom attribute?","2nd Order anpassat attribut?"
"2nd page title","2nd sidtitel"
"2nd Sort by :","2 Sortera efter:"
"2nd sort direction :","2 sorteringsordning:"
"3 places","3 platser"
"3rd attribute?","3. Attribut?"
"4 places","4 platser"
"4th attribute?","4. Attribut?"
"Above address","ovanstående adress"
"According to the USPS all addresses should be capitalised to improve delivery time","Enligt USPS alla adresser ska aktiveras för att förbättra leveranstiden"
"According to the USPS all addresses should be capitalised to improve delivery time and accuracy","Enligt USPS alla adresser ska aktiveras för att förbättra leveranstider och noggrannhet"
"Action Menu Options","Action menyalternativ"
"Actual attribute code (eg: shelf)","Faktiska attribut kod (t.ex. hylla)"
"Add 'Packed by' note?","Lägg "packad med" not?"
"Add <b><a href="https://moogento.com/autocn22">autoCN22</a> Customs label?</b>","Lägg <b> <a href="https://moogento.com/autocn22"> autoCN22 </a> tull etikett? </ B>"
"Add 1 per line, exact attribute labels which you *don't* want to show","Tillsätt 1 per rad, exakta attribut etiketter som du * inte * vill visa"
"Add 2nd Order ID barcode?","Lägg 2nd Order ID streckkod?"
"Add 2nd shipping address?","Lägg 2nd leveransadress?"
"Add 2nd shipping-type image?","Lägg till 2: a shipping-typ bild?"
"Add 3rd shipping-type image?","Lägg till 3 shipping-typ bild?"
"Add a 2nd background image?","Lägg till en 2: a bakgrundsbild?"
"Add a 2nd page title?","Lägg till en 2: a sida titel?"
"Add a background image?","Lägg till en bakgrundsbild?"
"Add a flat shipping address?","Lägg till en platt leveransadress?"
"Add address label?","Lägg till adress etikett?"
"Add an <b>autoCN22</b> page?","Lägg till ett <b> autoCN22 </ b>?"
"Add an <b>order-summary</b> label?","Lägg till ett <b> order sammanfattning </ b> etikett?"
"Add company address to header?","Lägg företagets adress till header?"
"Add company address?","Lägg företagets adress?"
"Add fixed weight?","Lägg fast vikt?"
"Add flare to gift messages?","Lägg flare present meddelanden?"
"Add flat shipping address?","Lägg till platt leveransadress?"
"Add full-page background image?","Lägg till helsida bakgrundsbild?"
"Add header logo?","Lägg header logo?"
"Add image background to label?","Lägg bildens bakgrund att märka?"
"Add letterhead?","Lägg brev?"
"Add logo?","Lägg logo?"
"Add on right of SKU","Lägg på höger av SKU"
"Add Order ID above address?","Lägg Order ID ovanstående adress?"
"Add Order ID barcode?","Lägg Order ID streckkod?"
"Add ordered qty to stock-needed qty?","Lägg beordrade st till aktie behövs st?"
"Add page background image?","Lägg till sidan bakgrundsbild?"
"Add return address at bottom?","Lägg avsändaradress längst ned?"
"Add return address?","Lägg avsändaradress?"
"Add shipping address at bottom?","Lägg leveransadress på botten?"
"Add shipping label image?","Lägg fraktetikett bild?"
"Add shipping label?","Lägg fraktsedel?"
"Add shipping-type image?","Lägg shipping-typ bild?"
"Add static text?","Lägg till statisk text?"
"Add tax in order subtotal [Europe Standard]","Lägg skatt för delsumma [Europa Standard]"
"Add tax to number?","Lägg skatt till nummer?"
"Add tax to product line subtotal [US Standard]","Lägg skatt till produktlinje delsumma [US Standard]"
"Add tracking number as barcode?","Lägg till spårningsnummer som streckkod?"
"Add tracking number?","Lägg spårningsnummer?"
"Address format","adressformat"
"Address label : Color","Adressetikett: Färg"
"Address label : Font","Adressetikett: Font"
"Address label : Size","Adressetikett: Storlek"
"Address label : Style","Adressetikett: Style"
"Address text","adresstext"
"Address text, Default","Adress text, Standard"
"Address text, Group 1","Adress text, Grupp 1"
"Address text, Group 2","Adress text, Grupp 2"
"Address text, Group 3","Adress text, Grupp 3"
"Address-label Sheet Options","Adress-etikettark Alternativ"
"Adds a field for shipping methods that don't come from WSA Store Pickup","Lägger till ett fält för leveransmetoder som inte kommer från WSA Store Pickup"
"Admin: Order-view PDF Invoice and Packing Sheet button?","Admin: Order-PDF Faktura och Förpackning Sheet knappen?"
"Admin: Order-view PDF Invoice button?","Admin: Order-PDF Invoice-knappen?"
"Admin: Order-view PDF Packing Sheet button?","Admin: Order-PDF Förpackningsblad knappen?"
"Admin: Order-view PDF Zebra Label button?","Admin: Order-PDF Zebra Label-knappen?"
"Admin: Order-view Resend Email button?","Admin: Order-view Skicka om knappen E-post?"
"Alert Flag","Alert sjunker"
"Align text : center","Justera text: center"
"Align text : left","Justera text: vänster"
"All","Alla"
"All : non-interlaced <b>and</b> non-transparent .png","All: non-interlaced <b> och </ b> icke-transparent .png"
"Allow Customers to Make PDFs?","Ger kunderna möjlighet att göra PDF-filer?"
"Alternate row color","Alternerande rad färg"
"Alternate row in picklists","Alternerande rad i picklists"
"Alternate, billing down, shipping up","Suppleant, fakturering ner, sjöfart upp"
"Always override &amp; use courierRules Shipping Connector Label if available?","Åsidosätter alltid & amp; Använd courierRules Shipping Connector Etikett om tillgängligt?"
"Amount to add","Mängd för att lägga till"
"Angle Text","vinkel~~POS=TRUNC Text"
"Angled Ribbon","vinklad Ribbon"
"Applies to Packing Sheets and Invoices, in the section which shows shipping method etc.","Gäller Lakan och fakturor Förpackning, i avsnittet som visar leveransmetod etc."
"Ascending","Stigande"
"Attr.(1) Xpos","Attr. (1) XPOS"
"Attr.(2) Xpos","Attr. (2) XPOS"
"Attr.(3) Xpos","Attr. (3) XPOS"
"Attr.(4) Xpos","Attr. (4) XPOS"
"Attribute 1","Attribut 1"
"Attribute 2","Attribut 2"
"Attribute 3","Attribut 3"
"Attribute 4","Attribut 4"
"Attribute code","Attribut-kod"
"Attribute code (eg. for shelving info, maybe you have an attribute: shelf)<br /><b>You need to have created this attribute, and assigned values for each product for it to work!</b>","Attribut kod (. T.ex. hyllor info, kanske du har ett attribut: hylla) <br /> <b> Du måste ha skapat detta attribut, och tilldelas värden för varje produkt för att det ska fungera </ b>"
"Attribute code 1:","Attribut kod 1:"
"Attribute code 2:","Attribut-kod 2:"
"Attribute code 3:","Attribut kod 3:"
"Attribute code 4:","Attribut kod 4:"
"Attribute code 5:","Attribut kod 5:"
"Attribute code for shelving info; eg. shelf","Attribut kod för hyllor info; t.ex. hylla"
"Attribute code for supplier data; Default: supplier","Attribut kod för leverantör data; Standard: leverantör"
"Attribute code; eg. shelf","Attribut kod; t.ex. hylla"
"Attribute codes?","Attribut koder?"
"Attribute column title","Attribut kolumnrubriken"
"Attribute to show","Attribut för att visa"
"Attribute to sort by :","Attribut för att sortera efter:"
"Attribute to use as product name","Attribut för att använda som produktnamn"
"Auto description 1","Auto beskrivning 1"
"Auto description 3","Auto beskrivning 3"
"Auto Processing","auto Processing"
"Automatic action :","Automatisk åtgärd:"
"Automatic action #2:","Automatisk åtgärd # 2:"
"Automatic action #3:","Automatisk åtgärd nr 3:"
"Automation Connection","automation Anslutning"
"Background Image","Bakgrundsbild"
"Background image position","Bakgrundsbild läge"
"Background image?","Bakgrundsbild?"
"barcode : Font","streckkod: Font"
"barcode font size","streckkod teckenstorlek"
"barcode Font Size (Orders)","streckkod Teckenstorlek (Order)"
"barcode Font Size (Products)","streckkod Teckenstorlek (produkter)"
"barcode font-size","streckkod font-size"
"barcode size","streckkod storlek"
"barcode X-pos.","streckkod X-pos."
"Because the Order currency is different from the Store currency, the conversion from","Eftersom order valutan skiljer sig från Store valutan, omvandlingen från"
"Beside address","bredvid adress"
"Billing address position","Faktureringsadress läge"
"Billing address posititon","Faktureringsadress posititon"
"Billing address title","Faktureringsadress titel"
"Bkg","Bkg"
"Blank = #000000 (#HEX colour code)","Blank = # 000000 (#hex färgkod)"
"Blank box image","Blank ask bilder"
"Bold","Djärv"
"Bold 'Extra shipping details' labels?","Bold "Extra leveransinformation" etiketter?"
"Bold italic","fet kursiv"
"Bold last line in page-base shipping addresses?","Fet sista raden i sidan baserade leveransadresser?"
"Bold last line in page-top shipping addresses?","Fet sista raden i sidan-top leveransadresser?"
"Bold product name?","Fet produktnamn?"
"Border color","Gräns ​​färg"
"Bottom of page","Längst ned på sidan"
"Box 1 Image","Box 1 Bild"
"Box 2a Image (Store Pickup)","Box 2a bild (Store Pickup)"
"Box 2b Image (Express Mail)","Box 2b bild (Express Mail)"
"Box 2c Image (Priority International)","Box 2c bild (Priority International)"
"Box 2d Image (Standard International)","Box 2D-bild (Standard International)"
"Box 3 Image","Box 3 Bild"
"Box count estimation?","Box räkna uppskattning?"
"Bring up top address?","Ta uppe adress?"
"Buttons for PDFs","Knappar för PDF-filer"
"By default we output ANSI, which works well for Windows machines and special characters.<br >If you need UTF-8, just choose that here","Som standard vi output ANSI, som fungerar bra för Windows-maskiner och specialtecken. <br> Om du behöver UTF-8, bara välja det här"
"By Height","genom Höjd"
"By Width","genom Bredd"
"Calculate line totals by:","Beräkna linje uppgår efter:"
"Callout colour","Bildtext färg"
"Can be handy to reduce customer support - eg. set to a custom Processing status of 'Packing your order now'","Kan vara praktiskt att minska kundsupport - eg. inställd på en anpassad behandling statusen "Packning din beställning nu""
"Cancel?","Annullera?"
"Capitalise shipping labels?","Tillvarata fraktsedlar?"
"Category translation","kategori översättning"
"Center values?","Center-värden?"
"Centered in page","Centrerad i sidan"
"Centered in product list","Centrerad i produktlista"
"Change order status","Ändra orderstatus"
"Change the layout of shipping addresses","Ändra layout leveransadresser"
"Change to status:","Byt till status:"
"Check for gift message?","Kontrollera om gåva meddelande?"
"Clear Cached Images in pickPack","Tydliga Cached bilder i pickPack"
"Code","Koda"
"Color","Färg"
"Color attribute","färgattribut"
"Color X-pos.","Färg X-pos."
"Column mapping","kolumn kartläggning"
"Columns Y-X-pos.","Kolumner Y-X-pos."
"Combine attribute?","Kombinera attribut?"
"Combine custom attributes under product line?","Kombinera anpassade attribut under produktlinjen?"
"Combine custom product attributes under the product line?","Kombinera anpassade produktattribut under produktlinjen?"
"Combine pdfs","kombinera pdfs"
"Combine product line details?","Kombinera produktlinje uppgifter?"
"Combine the custom attributes listed below?","Kombinera anpassade attribut som anges nedan?"
"Combined Attributes Xpos","Kombinerade Attributes XPOS"
"Combined Packing Sheet/Invoice' grouped by Order ID?","Kombinerad Packning ark / faktura grupperade efter Order ID?"
"Combined pdfs?","Kombinerade pdfs?"
"Comma separated top,bottom widths (eg 1,2)","Kommaseparerade toppen, botten bredder (t.ex. 1,2)"
"Comma-separated list of customer group names where you don't want the group name","Kommaseparerad lista över kundgruppnamn där du inte vill att gruppnamnet"
"Comma-separated list of SKUs to *not* show","Kommaseparerad lista SKU till * inte * show"
"Comma-separated list of SKUs to *not* show a count for","Kommaseparerad lista SKU till * inte * visar en räkning för"
"Comments","kommentarer"
"Company address","Företags Adress"
"Company address : Color","Företagets adress: Färg"
"Company address : Font","Företagets adress: Font"
"Company address : Size","Företagets adress: Storlek"
"Company address : Style","Företagets adress: Style"
"Company address, Default","Företagets adress, standard"
"Company address, Group 1","Företagets adress, grupp 1"
"Company address, Group 2","Företagets adress, grupp 2"
"Company address, Group 3","Företagets adress, Grupp 3"
"Condition","Skick"
"Configurable product name","Konfigurerbar produktnamn"
"Cost (base) to (display) exchange rate","Kostnad (bas) till (display) växelkurs"
"Cost currency prefix","Kostnad valutaprefix"
"Cost multiplier","kostnad multiplikator"
"Cost subtotal?","Kostnad delsumma?"
"courierRules Method","courierRules Metod"
"courierRules method?","courierRules metod?"
"courierRules Shipping Method","courierRules Sändningsmetod"
"CSV (Order-combined Products)","CSV (Order-kombinerade produkter)"
"CSV (Order-combined Products) Options","CSV (Order-kombinerade produkter) Alternativ"
"CSV (Order-combined Products)?","CSV (Order-kombinerade produkter)?"
"CSV (Order-separated Products)","CSV (Order-separerade apparater)"
"CSV (Order-separated Products) Options","CSV (Order-separerade produkter) Alternativ"
"CSV (Order-separated Products)?","CSV (Order-separerade produkter)?"
"CSV (Orders)","CSV (Order)"
"CSV (Orders) Options","CSV (Beställningar) Alternativ"
"CSV (Orders)?","CSV (Order)?"
"CSV field separator","CSV fältseparator"
"CSV output encoding","CSV utgångs kodning"
"CSV/XML (Cargo Manifest)","CSV / XML (fraktsedel)"
"CSV/XML (Cargo Manifest)?","CSV / XML (fraktsedel)?"
"Custom","Beställnings"
"Custom Attribute","anpassade Attribut"
"Custom attribute (1)","Anpassade attribut (1)"
"Custom attribute (2)","Anpassade attribut (2)"
"Custom attribute (3)","Anpassade attribut (3)"
"Custom attribute (4)","Anpassade attribut (4)"
"Custom CSV field separator","Anpassad CSV fältseparator"
"Custom font file","Anpassad typsnittsfil"
"Custom image","anpassad bild"
"Custom Message : Background Color","Custom Meddelande: bakgrundsfärg"
"Custom Message : Color","Custom Meddelande: Färg"
"Custom Message : Font","Custom Meddelande: Font"
"Custom Message : Size","Anpassad Meddelande: Storlek"
"Custom Message : Style","Custom Meddelande: Style"
"Custom message under product list?","Beställnings- meddelande under produktlista?"
"Custom options column title","Anpassade alternativ kolumn titel"
"Custom Order Attribute","Custom Order Attribut"
"Custom page title","Anpassad sida titel"
"Custom product attribute code (eg: shelf)","Anpassade produktattribut kod (t.ex. hylla)"
"Custom product attribute?","Anpassade produktattribut?"
"Custom text image","Anpassad text bild"
"Custom text under product list?","Anpassad text under produktlista?"
"Custom Value","anpassad Värde"
"Custom weight fields?","Anpassade vikt fält?"
"Custom weightbased count?","Anpassad weightbased count?"
"Custom Weightbased label?","Anpassad Weightbased etikett?"
"Custom Weightbased text?","Anpassad Weightbased text?"
"Customer Address X-pos.","Kund Adress X-pos."
"Customer attribute code","Kundattribut koden"
"Customer Comments","kund~~POS=TRUNC Kommentarer"
"Customer custom attribute?","Kund anpassade attribut?"
"Customer Email","kund~~POS=TRUNC E"
"Customer Email?","Kund E?"
"Customer group?","Kundgrupp?"
"Customer ID (Footer) X-pos.","Kund-ID (sidfot) X-pos."
"Customer ID X-pos.","Kund-ID X-pos."
"Customer ID?","Kundnummer?"
"Customer name X-pos.","Kundnamn X-pos."
"Customer VAT title","Kundmoms titel"
"Customer: Change "Print Invoice" to "PDF Invoices"?","Kund: Ändra "Skriv ut faktura" till "PDF fakturor"?"
"Customer: Change "Print Order" to "PDF Invoices"?","Kund: Ändra "Print Order" till "PDF fakturor"?"
"Customer: PDF Invoice button?","Kund: PDF-faktura knappen?"
"Customer: PDF Packing Sheet button?","Kund: PDF Förpackningsblad knappen?"
"Customise 'Packed by' text","Skräddarsy "Packat med" text"
"Customise fonts/colours?","Anpassa teckensnitt / färg?"
"Customize page title?","Anpassa sida titel?"
"Date format","Datumformat"
"Date printed?","Datum skrivas ut?"
"Day","Dag"
"Deadline text","deadline text"
"Deadline text / date?","Deadline text / datum?"
"Default","Standard"
"Default : Yes","Standard: Ja"
"Default (Use standard)","Standard (Använd standard)"
"Default (Use Total Price Xpos)","Standard (Använd pris XPOS)"
"Default (Use total prixe Xpos)","Standard (Använd total prixe XPOS)"
"Default top-right; eg. 'Invoice'","Standard övre högra; t.ex. 'Faktura'"
"Default top-right; eg. 'Packing Sheet'","Standard övre högra; t.ex. "Förpacknings Sheet""
"Default:","Standard:"
"Default: -230,-210","Standard: -230, -210"
"Default: ,","Standard: ,"
"Default: 'OK'","Standard: "OK""
"Default: 'OK' -->","Standard: "OK" ->"
"Default: "Payment due "","Standard: "Betalning""
"Default: {blank}","Standard: {tom}"
"Default: #DDDDDD","Standard: #DDDDDD"
"Default: #FFFFFF","Standard: #FFFFFF"
"Default: 0<br />Eg. 21.6700 @ 0 = 22; @ 1 = 21.7; @ 2 = 21.67; @ -1 = 20","Standard: 0 <br /> T.ex.. 21,6700 @ 0 = 22; @ 1 = 21,7; @ 2 = 21,67; @ -1 = 20"
"Default: 1<br />Eg. Change the display cost to match your actual end costs","Standard: 1 <br /> T.ex.. Ändra visnings kostnaden för att matcha din faktiska slutkostnad"
"Default: 1<br />Eg. kg -> lb = 2.2046; lb -> kg = 0.4536","Standard: 1 <br /> T.ex.. kg -> lb = 2,2046; lb -> kg = 0,4536"
"Default: 1<br />Eg. your base currency is USD, your manifest display currency is GBP : enter the exchange rate multiplier for USD -> GBP","Standard: 1 <br /> T.ex.. din basvaluta är USD, din uppenbart display valuta är GBP: Ange växelkursen multiplikator för USD -> GBP"
"Default: 100","Standard: 100"
"Default: 13pt/5pt (top/bottom), 5pt (left/right)","Standard: 13pt / 5pt (upp / ned), 5pt (vänster / höger)"
"Default: 17","Standard: 17"
"Default: 185","Standard: 185"
"Default: 2 [1.1256 becomes 1.13]","Standard: 2 [1,1256 blir 1,13]"
"Default: 2<br />Eg. 21.6700 @ 0 = 22; @ 1 = 21.7; @ 2 = 21.67; @ -1 = 20","Standard: 2 <br /> T.ex.. 21,6700 @ 0 = 22; @ 1 = 21,7; @ 2 = 21,67; @ -1 = 20"
"Default: 200","Standard: 200"
"Default: 22pt (top/bottom), 30pt (left/right)","Standard: 22pt (topp / botten), 30pt (vänster / höger)"
"Default: 25","Standard: 25"
"Default: 25 -->","Standard: 25 ->"
"Default: 25, 25 (can leave one blank)","Standard: 25, 25 (kan lämna en blank)"
"Default: 250","Standard: 250"
"Default: 250, 100. Need to select [Yes] on "Show order gift message" or "Show product gift message".","Standard: 250, 100. Behovet av att välja [Ja] på "Visa order gåva meddelande" eller "Visa produkt gåva meddelande"."
"Default: 250, 100. Need to select yes on "Show order gift message" or "Show product gift message"","Standard: 250, 100. Du måste välja ja på "Visa order gåva meddelande" eller "Visa produkt gåva meddelandet""
"Default: 250x182","Standard: 250x182"
"Default: 3","Standard: 3"
"Default: 350","Standard: 350"
"Default: 380","Standard: 380"
"Default: 40","Standard: 40"
"Default: 400","Standard: 400"
"Default: 420","Standard: 420"
"Default: 450","Standard: 450"
"Default: 460","Standard: 460"
"Default: 475","Standard: 475"
"Default: 480","Standard: 480"
"Default: 50","Standard: 50"
"Default: 500","Standard: 500"
"Default: 520","Standard: 520"
"Default: 5pt (top/bottom), 5pt (left/right)","Standard: 5pt (överst / underst), 5pt (vänster / höger)"
"Default: 5pt/5pt (top/bottom), 5pt/5pt (left/right)","Standard: 5pt / 5pt (upp / ned), 5pt / 5pt (vänster / höger)"
"Default: 67","Standard: 67"
"Default: 8","Standard: 8"
"Default: 80","Standard: 80"
"Default: backordered","Standard: restnoterade"
"Default: Bold","Standard: Fet"
"Default: center","Standard: center"
"Default: Code128","Standard: Code128"
"Default: codes","Standard: koder"
"Default: Empty","Standard: Tom"
"Default: Grand Total","Standard: Totalsumma"
"Default: ID","Standard: ID"
"Default: ID -->","Standard: ID ->"
"Default: invoice_","Standard: invoice_"
"Default: invoice+packing-sheet_","Standard: faktura + packning-sheet_"
"Default: items","Standard: objekt"
"Default: Left (if right, turn off barcodes, addresses; if full-width no company","Standard: Vänster (om höger, stänga streckkoder, adresser, om full bredd inget företag"
"Default: M j, Y . Format this according to www.php.net/date","Standard: M j, Y. Formatera detta enligt www.php.net/date"
"Default: Method B","Standard: Metod B"
"Default: name","Standard: namn"
"Default: order-combined_","Standard: order combined_"
"Default: order-separated_","Standard: order separated_"
"Default: out-of-stock-list_","Standard: out-of-lager-resealternativ"
"Default: packing-sheet_","Standard: packning-sheet_"
"Default: Phone","Standard: Telefon"
"Default: Phone -->","Standard: Telefon ->"
"Default: product-separated_","Standard: produkt separated_"
"Default: pt (top/bottom), pt (left/right)","Standard: pt (upp / ned), pt (vänster / höger)"
"Default: Qty","Standard: Antal"
"Default: Qty -->","Standard: Antal ->"
"Default: Ship to:","Standard: Skicka till:"
"Default: Shipping","Standard: Shipping"
"Default: Simple product name","Standard: Enkel produktnamn"
"Default: Source","Standard: Source"
"Default: Subtotal","Standard: Delsumma"
"Default: tax","Standard: skatt"
"Default: total","Standard: total"
"Default: USD","Standard: USD"
"Default: VAT Rateable","Standard: moms Taxeringsvärde"
"Default: warehouse","Standard: lager"
"Default: Y_m_d . Format this according to www.php.net/date","Standard: Y_m_d. Formatera detta enligt www.php.net/date"
"Default: Zero-rated","Standard: noll"
"Default:7","Standard: 7"
"Default: No","Standard: Nej"
"Default: Yes","Standard: Ja"
"Depends on your stock management system","Beror på lagerhanteringssystem"
"Descending","Nedåtgående"
"Detailed CC info?","Detaljerad CC information?"
"Dimensions","Mått"
"Dimensions : 'Label width' x 'Label height' @ 300dpi : non-interlaced and non-transparent .png","Mått: "Label bredd" X "Etiketthöjd" @ 300dpi: non-interlaced och icke-transparent .png"
"Dimensions 180<b style="color:red;">pt</b> x 120<b style="color:red;">pt</b> @ 300dpi : non-interlaced <b>and</b> non-transparent .png","Mått 180 <b style = "color: red;"> pt </ b> x 120 <b style = "color: red;"> pt </ b> @ 300dpi: non-interlaced <b> och </ b> icke-transparent .png"
"Dimensions 540<b style="color:red;">pt</b>(A4)|562<b style="color:red;">pt</b>(US Letter) x 1-200<b style="color:red;">pt</b> @ 300dpi : non-interlaced <b>and</b> non-transparent .png","Mått 540 <b style = "color: red;"> pt </ b> (A4) | ​​562 <b style = "color: red;"> pt </ b> (US Letter) x 1-200 <b style = "color: red;"> pt </ b> @ 300dpi: non-interlaced <b> och </ b> icke-transparent .png"
"Dispatch Date?","Försändelsedatum?"
"Don't count these custom option SKUs :","Räkna inte dessa anpassade alternativ SKU:"
"Double-line spacing?","Dubbel radavstånd?"
"Double-up this barcode?","Dubbel upp denna streckkod?"
"Drink Flag","dricka Flag"
"E: ","E:"
"Eg. nudge it up off integrated labels","T.ex. knuffa upp av integrerade etiketter"
"eg. put 'wholesale', then only wholesale customers will see 'Message B'","t.ex. sätta grossist ", då endast grossistkunder kommer att se" Message B ""
"eg. put your country, then only overseas orders will have country added","t.ex. sätta ditt land, tillade sedan bara utländska order kommer att ha land"
"Eg. shelving info","T.ex. hyllor info"
"Email: Body","E-post: Body"
"Email: Send To","E-post: Skicka till"
"Email: Sender","E-post avsändare"
"Email: Subject","E-post: Ämne"
"Enable auto processing?","Aktivera automatisk bearbetning?"
"Enter your license key here","Ange din licensnyckel här"
"Exactly position shipping detail (eg. for envelope window)","Exakt läge frakt detalj (t.ex.. För kuvert fönster)"
"Exactly position top address (eg. for envelope window)","Exakt positionera topp adress (t.ex.. För kuvert fönster)"
"Export","Exportera"
"Export: Path","Export: Path"
"Extra attribute position","Extra attribut ståndpunkt"
"F: ","F:"
"File Path","Sökväg"
"Fill Bars?","Fyll Bars?"
"Fill bkg comments box ?","Fyll bkg kommentarfältet?"
"Fill columns titlebar?","Fylla kolumner namnlisten?"
"Filter again?","Filter igen?"
"Filter by supplier?","Filtrera efter leverantör?"
"Filter items again?","Filtrera objekt igen?"
"Filter items by status?","Filtrera objekt efter status?"
"Filter items?","Filter objekt?"
"Filter order notes?","Filter ordersedlar?"
"Filter out some options?","Filtrera bort vissa alternativ?"
"Filter out some?","Filtrera bort vissa?"
"Filter out these attributes","Filtrera bort dessa attribut"
"Filter out these custom option SKUs :","Filtrera bort dessa anpassade alternativ SKU:"
"Filter shipped items?","Filter levereras maskiner?"
"Filter text","filter text"
"Filter text (don't show notes containg this text)","Filter text (inte visa noter containg denna text)"
"Filter?","Filtrera?"
"Filter/Split which PDFs?","Filter / Split som PDF-filer?"
"Filters: Order-separated PDFs, Order-combined PDFs","Filter: Beställ separerade PDF, Order-kombinerade PDF-filer"
"First Name","Förnamn"
"First order starts at","Första ordern börjar"
"Fix Subtotals to page base","Fix delsummor till sida bas"
"Flat-address font size","Platt-adress teckenstorlek"
"Font","Font"
"Font size","Textstorlek"
"Font size (Product Lines)","Teckenstorlek (produktlinjer)"
"Font size (Return address)","Teckenstorlek (Return adress)"
"Font size (Shipping address)","Teckenstorlek (Leveransadress)"
"For all customer group types","För alla typer kundgrupp"
"For any customer group containing filter word","För varje kundgrupp som innehåller filter ord"
"For configurable products, show:","För konfigurerbara produkter, show:"
"For custom minimum stock levels for specific SKUs, set like this:","För anpassade lägsta lagernivåer för specifika SKU, som så här:"
"For full-page sharp backgrounds, upload images with dimensions  595<b style="color:red;">pt</b> x 842<b style="color:red;">pt</b> (A4), or 612<b style="color:red;">pt</b> x 792<b style="color:red;">pt</b> (Letter)","För helsidor skarpa bakgrunder, ladda upp bilder med dimensioner 595 <b style = "color: red;"> pt </ b> x 842 <b style = "color: red;"> pt </ b> (A4), eller 612 <b style = "color: red;"> pt </ b> x 792 <b style = "color: red;"> pt </ b> (Letter)"
"For Internal Print Flags use "0" to avoid duplicate printing","För interna print Flags använda "0" för att undvika dubbletter utskrift"
"Force gift message font?","Force present meddelande font?"
"Format product options?","Format produktalternativ?"
"Format product?","Format produkten?"
"FTP host","FTP-värd"
"FTP password","FTP-lösenord"
"FTP port","FTP-porten"
"FTP remote path","FTP fjärr bana"
"FTP user","FTP-användare"
"Full height of each label (default 168pt)","Full höjd varje etikett (standard 168pt)"
"Full height of each label (default 432pt)","Full höjd varje etikett (standard 432pt)"
"Full Page Width","Full Sidbredd"
"Full width of each label (default 190pt)","Full bredd av varje etikett (standard 190pt)"
"Full width of each label (default 288pt)","Full bredd av varje etikett (standard 288pt)"
"Gallery Images (Max 2)","Gallery bilder (Max 2)"
"General : CSV","Allmänt: CSV"
"General : PDF","Allmänt: PDF"
"General Options","allmänna alternativ"
"Germany CN22 Label Image","Tyskland CN22 Label Image"
"Gift card","Present kort"
"Gift message","gåva meddelande"
"Gift Message : Background Color","Gåva Meddelande: Bakgrundsfärg"
"Gift Message : Color","Gåva Meddelande: Färg"
"Gift Message : Font","Gåva Meddelande: Font"
"Gift Message : Size","Gåva Meddelande: Storlek"
"Gift Message : Style","Gåva Meddelande: Style"
"Gift wrap","Presentpapper"
"Goes at page base - good for integrated labels","Går vid sidan bas - bra för integrerade etiketter"
"Goes at page base - handy for QC","Går vid sidan bas - praktiskt för QC"
"Goes on the right of the header logo","Går till höger om sidhuvudet logotypen"
"Goes on the top-left of the page","Går på övre vänstra på sidan"
"Good for 3-part integrated labels, eg. for peel-off address records","Bra för 3-del integrerade etiketter, t ex. för peel-off adressposter"
"Good for a footer image","Bra för en sidfot bild"
"Good for integrated labels","Bra för integrerade etiketter"
"Good for tax numbers, return instructions","Bra för skattenummer, returanvisningar"
"Good for things like tear-off labels, or adding to the return address abel to make it a 'Returns Label'","Bra för saker som tear-off etiketter eller lägga till avsändaradressen abel att göra det en "returetiketten""
"Grand Total (from Magento)?","Totalsumma (från Magento)?"
"Grey out products from other suppliers","Grå ut produkter från andra leverantörer"
"Group by Category?","Grupp efter kategori?"
"Group With Other Prints","Grupp med andra Skriver"
"Header logo","Header logo"
"Hide if gift order?","Gömma sig om gåva order?"
"Hide prices if a gift order?","Göm priser om en gåva order?"
"Hide product option labels?","Hide produkt optionsetiketter?"
"Hide products from other suppliers","Göm produkter från andra leverantörer"
"Hide Shipping Method for Store-Pickup orders?","Hide Sändningsmetod för Store-Pickup order?"
"Hide supplier attribute column?","Hide leverantör attribut kolumn?"
"Hide these groups :","Dölja dessa grupper:"
"Hide this 'country name'","Dölja denna "landets namn""
"Hide this 'country name' :","Dölja denna "country name":"
"Hide this' country name' :","Dölja denna "country name":"
"Hide Virtual and Downloadable products from PDFs?","Göm virtuella och nedladdningsbara produkter från PDF-filer?"
"Hide zero discount value?","Hide noll rabatt värde?"
"Hide zero shipping value?","Dölja noll fraktvärde?"
"Hide zero tax value?","Hide noll skattevärde?"
"High-res","Högupplöst"
"high-res/low-res?","kick-res / lågupplöst?"
"High/Low Resolution?","Hög / Låg upplösning?"
"Hold?","Håll?"
"Holland CN22 Label Image","Holland CN22 Label Image"
"Horizontal bars : Background Color","Horisontella staplar: Bakgrundsfärg"
"Ie. if you want them listed together and not in separate columns","Dvs. om du vill visa dem tillsammans och inte i separata kolumner"
"If 'Yes' this won't include items which have been marked as shipped.","Om "Ja" detta kommer inte att innehålla poster som har markerats som levereras."
"If child image missing, show parent?","Om barn image missing visar förälder?"
"If set to Yes, after an order has been printed, you can only re-print it from inside the Order Detail page.<br />The aim is to avoid shipping the same order multiple times by mistake.","Om satt till Ja, efter en beställning har skrivits ut, kan du bara åter skriva ut den inifrån Order detaljsidan. <br /> Målet är att undvika levererar samma ordning flera gånger av misstag."
"If supplier 'logged in', do what with other suppliers products?","Om leverantören "inloggad", gör vad med andra leverantörer produkter?"
"If you get long addresses that spill over the edge of your label, set this number to force a linebreak","Om du får långa adresser som sprider över kanten på etiketten, ange detta nummer för att tvinga fram en radbrytning"
"If you ship a lot of single items, this can help alert your shipping staff that","Om du skickar en hel del av enskilda punkter, kan detta hjälpa till att uppmärksamma din frakt personal som"
"If you ship a lot of single items, this can help alert your shipping staff that there's more than one!","Om du skickar en hel del av enskilda punkter, kan detta hjälpa till att uppmärksamma din frakt personal att det finns mer än en!"
"If you're using shipEasy, and have setup any of the 3 custom flag columns, you can show the value.","Om du använder shipEasy, och har ställt någon av de tre anpassade flaggan kolumner, kan du visa värdet."
"Image behind return address?","Bild bakom returadress?"
"Image behind ship address?","Bild bakom fartygs adress?"
"Image border color","Bild kantfärg"
"Image file","bildfil"
"Image nudge","bild knuff"
"Image position nudge","Bildposition knuff"
"Images column title","Bilder kolumnrubriken"
"Import","Importera"
"In positionable box (handy for tear-off labels)","I placer box (praktiskt för tear-off etiketter)"
"Incl.","Inkl."
"Include customer phone in addresses?","Inkludera kund telefon i adresser?"
"Include discount?","Inkludera rabatt?"
"Include discounts in product line price","Inkludera rabatter i sortimentet pris"
"Include Order ID in filename for single page print?","Inkludera ordernummer i filnamnet vid enkelsidig utskrift?"
"Include Order ID in filename for single page prints?","Inkludera ordernummer i filnamn för enkelsidiga utskrifter?"
"Include order notes?","Inkluderar order anteckningar?"
"Include shipping country in addresses?","Inkludera leveransland i adresser?"
"Include tax in 'Shipping'?","Inkluderar skatt i "Shipping"?"
"Include Tax in Price?","Inkludera skatt i pris?"
"Include Tax in Shipping Price?","Inkluderar skatt i Shipping Pris?"
"Include tax in value?","Inkluderar skatt i värde?"
"Include tax?","Inkluderar skatt?"
"Installation Server","installation Server"
"Invert some of the title colors...","Invertera några av titel färger ..."
"Invoice Address","Fakturaadress"
"Invoice Date","Fakturadatum"
"Invoice ID?","Faktura ID?"
"Invoice Number","Fakturanummer"
"Invoice Options","faktura Val"
"Invoiced Date","fakturerade Datum"
"Is this included in the Subtotal?","Är detta ingår i delsumman?"
"Italic","Kursiv"
"Item Count","punkt Count"
"Items column title","Objekt kolumnrubriken"
"Items count?","Poster räknas?"
"Label","Märka"
"Label height","etikett~~POS=TRUNC höjd~~POS=HEADCOMP"
"Label margins","etikettmarginaler"
"Label Nudge","etikett Nudge"
"Label padding","etikett stoppning"
"Label width","etikettbredd"
"Layout template","layout mall"
"License","Licens"
"License Key","Licensnyckel"
"Line above fixed footer image?","Linjen ovanför fast footer image?"
"Line widths","linjebredder"
"Lock image to page base?","Lås bild sidan bas?"
"Logo position","logo ståndpunkt"
"Low-res","Lågupplöst"
"Magento Order ID","Magento Order ID"
"Main Image","huvudbild"
"Makes gift orders a bit happier-looking by adding a special image on the message box.","Gör beställningar lite gladare blickande genom att tillsätta en särskild bild i meddelanderutan."
"Manual description 1","Manuell beskrivning 1"
"Margin (from right)","Marginal (från höger)"
"Margin (from right) for flat-address","Marginal (från höger) för platt-adress"
"Marketplace Order ID","Marknads Order ID"
"Match shipping description :","Matcha transportbeskrivning:"
"Match text:","Match text:"
"Max address width (pt)","Max adressbredden (pt)"
"Max dimensions","max dimensioner"
"Max weight per box","Max vikt per låda"
"Max width","Max bredd"
"Messages","meddelanden"
"Middle of page","Mitt på sidan"
"Min. weight to hide shipment method and put 'Pallet'","Min. vikt att dölja leveransmetod och sätta "Pall""
"Minimum stock qty","Minimilager st"
"Moogento","Moogento"
"Moogento pickPack","Moogento pickPack"
"Moogento pickPack : CSV (Order-combined Products)","Moogento pickPack: CSV (Order-kombinerade produkter)"
"Moogento pickPack : CSV (Order-separated Products)","Moogento pickPack: CSV (Order-separerade apparater)"
"Moogento pickPack : CSV (Orders)","Moogento pickPack: CSV (Order)"
"Moogento pickPack : CSV/XML (Cargo Manifest)","Moogento pickPack: CSV / XML (fraktsedel)"
"Moogento pickPack : PDF (Address Labels)","Moogento pickPack: PDF (adressetiketter)"
"Moogento pickPack : PDF (CN22 Labels)","Moogento pickPack: PDF (CN22 etiketter)"
"Moogento pickPack : PDF (Gift Message)","Moogento pickPack: PDF (Gift Message)"
"Moogento pickPack : PDF (Invoice and Packing Sheet)","Moogento pickPack: PDF (Faktura och Förpackning Sheet)"
"Moogento pickPack : PDF (Invoice)","Moogento pickPack: PDF (Faktura)"
"Moogento pickPack : PDF (Order-combined Picklist)","Moogento pickPack: PDF (Order-kombinerad Plock)"
"Moogento pickPack : PDF (Order-separated Picklist)","Moogento pickPack: PDF (Order-separerade Plock)"
"Moogento pickPack : PDF (Orders Summary)","Moogento pickPack: PDF (Order Sammanfattning)"
"Moogento pickPack : PDF (Packing Sheet)","Moogento pickPack: PDF (Förpacknings Sheet)"
"Moogento pickPack : PDF (Product-separated Picklist)","Moogento pickPack: PDF (Product separerade Plock)"
"Moogento pickPack : PDF (Troylleybox Picklist)","Moogento pickPack: PDF (Troylleybox Plock)"
"Moogento pickPack : PDF (Zebra Labels)","Moogento pickPack: PDF (Zebra etiketter)"
"Moogento pickPack : PDF/CSV (Out-of-stock List)","Moogento pickPack: PDF / CSV (Out-of-lager List)"
"Multiplier Attribute","multiplikator Attribut"
"Multiplies product price by set multiplication factor. Eg. use to show product price limit for substitutions in pick","Multiplicerar produktpriset av inställda multiplikationsfaktorn. T.ex. användas för att visa produktprisgräns för ersättningar i pick"
"Multiplies product price by set multiplication factor.<br />Eg. use to show product price limit for substitutions in pick","Multiplicerar produktpriset av inställda multiplikationsfaktorn. <br /> Eg. användas för att visa produktprisgräns för ersättningar i pick"
"Multiply prices by attribute?","Multiplicera priserna med attribut?"
"Name from Order","Namn från Order"
"Name from Product > Default Store","Namn från Produkt> Standard Store"
"Name from Product > Order Store *Default*","Namn från Produkt> Order butik * Standard *"
"Name from Product > Specific Store","Namn från Produkt> specifik butik"
"New page per order?","Ny sida per beställning?"
"New PDF per name?","Ny PDF per namn?"
"No","Nej"
"No (default)","Nej (standard)"
"No of Items per page","Antal produkter per sida"
"No, include all items in order","Nej, inkluderar samtliga poster i ordning"
"No, include it in the product price","Nej, inkludera den i produktpriset"
"No, include it in the product price (but also show a tax subtotal summary)","Nej, inkludera den i produktpriset (men visar också en skatte delsumma sammanfattning)"
"No, move other items to new line (+ keep linebreaks)","Nej, flytta andra objekt till ny rad (+ hålla radbrytningar)"
"No, without Tax","Nej, utan skatt"
"None","Ingen"
"Normal' Dimensions:  269<b style="color:red;">pt</b> x 41<b style="color:red;">pt</b> @ 300dpi<br />","Normala "Mått: 269 <b style =" color: red; "> pt </ b> x 41 <b style =" color: red; "> pt </ b> @ 300dpi <br />"
"Not recommended... Use at your own risk...","rekommenderas inte ... Använd på egen risk ..."
"Nudge","Knuff"
"Nudge 'Packed 2 by' note","Knuff "packad 2 med" not"
"Nudge 'Packed by' text","Knuffa "packad med" text"
"Nudge <b>autoCN22</b> label","Knuffa <b> autoCN22 </ b> etikett"
"Nudge 2nd address","Knuffa 2. Adress"
"Nudge 2nd barcode","Knuffa 2. Streckkod"
"Nudge 2nd custom title","Knuffa 2. Anpassad titel"
"Nudge 2nd image","Knuffa 2. Bild"
"Nudge address","knuff adress"
"Nudge background image","Nudge bakgrundsbild"
"Nudge barcode","knuffa streckkod"
"Nudge CN22 label","Knuffa CN22 etikett"
"Nudge company address","Nudge företagsadress"
"Nudge details","knuffa detaljer"
"Nudge entire label","Knuffa hela etiketten"
"Nudge fixed image","Knuffa fast bild"
"Nudge flat-address","Knuffa platt-adress"
"Nudge gift message","Knuff present meddelande"
"Nudge image","Nudge bild"
"Nudge label image","Knuff etikettbild"
"Nudge logo","knuff logotyp"
"Nudge Order ID","Knuffa Order ID"
"Nudge Order ID barcode","Knuffa Order ID streckkod"
"Nudge order notes","Knuffa ordersedlar"
"Nudge product line","Knuff produktlinje"
"Nudge qr-code (1)","Knuffa qr-kod (1)"
"Nudge qr-code (2)","Knuffa qr-kod (2)"
"Nudge return address","Nudge returadress"
"Nudge return label","Knuff returetikett"
"Nudge Rotated Product List","Knuffa roterad produktlistan"
"Nudge shelving","knuffa hyllor"
"Nudge shipping address","Knuffa leveransadress"
"Nudge shipping address only","Knuffa endast leveransadress"
"Nudge supplier attribute","attributet knuff leverantör"
"Nudge title","knuffa titel"
"Nudge tracking barcode","Knuffa spårning streckkod"
"Nudge tracking number","Knuffa spårningsnummer"
"Nudge Zipcode barcode","Knuffa Postnr streckkod"
"Nudge' Packed by' note","Knuffa "packad med" not"
"Number product list?","Antal produktlista?"
"Only print once?","Endast ut en gång?"
"Only process orders matching shipEasy attribute?","Endast processbeställningar som matchar shipEasy attribut?"
"Operand?","Operand?"
"Order Attribute","För Attribut"
"Order attribute code","Ordningsattribut kod"
"Order attribute code:","Ordningsattribut-kod:"
"Order Attribute Value","För attributvärde"
"Order Comments","beställa Kommentarer"
"Order custom attribute?","Beställa anpassade attribut?"
"Order date","Orderdatum"
"Order date X-pos.","Orderdatum X-pos."
"Order Date?","Orderdatum?"
"Order ID (Footer) X-pos.","Order ID (sidfot) X-pos."
"Order ID X-pos.","För ID X-pos."
"Order ID?","För ID?"
"Order of subtotals","Order of delsummor"
"Order Source","För Källa"
"Order Source?","Beställa Source?"
"Order-combined Pick List Options","Order kombinerad Pick alternativlistan"
"Order-separated Pick List Options","Order separerade Pick alternativlistan"
"Orders with In Stock Items Only","Beställningar med i lager Endast"
"Others?","Andra?"
"Output as PDF or CSV?","Ut som PDF eller CSV?"
"Output Excel XML file (instead of CSV)","Utgång Excel XML-fil (i stället för CSV)"
"Output Filenames","utdatafilnamnen"
"Output only these suppliers (Hide/Grey-out others)","Utgångs endast dessa leverantörer (Dölj / grå-out andra)"
"Output only this supplier (Hide/Grey-out others) . . . Leave blank to auto-split all suppliers","Endast utgång denna leverantör (Dölj / Grey-out andra). . . Lämna tomt för att auto-split alla leverantörer"
"Override 'Minimum stock qty'","Åsido "Minsta lager Antal""
"Override default address formatting?","Åsidostandardadress formatering?"
"Override default address layout?","Åsidostandardadresslayouten?"
"Override filter notes messages","Override filter noterar meddelanden"
"Override stock qty output with location-specific stock?","Åsido lager Antal utgång med platsspecifik lager?"
"Override' Minimum stock qty'","Åsido "Minsta lager Antal""
"Packing  Sheet Products : Separating Vertical Line Color","Förpackningsblad produkter: Separera Vertical Line Color"
"Packing Sheet Options","Förpackningsblad Alternativ"
"Packing Sheet Products : Separating Line Color","Förpackningsblad produkter: Separera linjefärg"
"Packing Sheet Products : Separating Vertical Line Color","Förpackningsblad produkter: Separera Vertical Line Color"
"Padding","Stoppning"
"Page 1 Product-lines cutoff Y-pos","Page 1 Produktlinjer cutoff Y-pos"
"Page 1 products cutoff position","Page 1 produkter avstängt läge"
"Page Body : Color","Page Kropp: Färg"
"Page Body : Font","Page Kropp: Font"
"Page Body : Size","Page Kropp: Storlek"
"Page Body : Style","Page Kropp: Style"
"Page padding","sida stoppning"
"page padding","sida stoppning"
"Page size","sidstorlek"
"Page template :","Sidmall:"
"Page title : Color","Sidans titel: Färg"
"Page title : Font","Sidans titel: Font"
"Page title : Size","Sidans titel: Storlek"
"Page title : Style","Sidans titel: Style"
"Paid Date","betald Datum"
"Paid Date?","Betald datum?"
"Pallet 'go' weight","Pall "go" vikt"
"Pallet' go' weight","Pall "go" vikt"
"Paper height","pappershöjd"
"Paper margins","pappers~~POS=TRUNC marginaler"
"Partially: lines top & bottom","Delvis: linjer toppen och botten"
"Pattern text","mönster text"
"Pattern to match :","Mönster för att matcha:"
"Payment","Betalning"
"Payment method?","Betalningsmetod?"
"PDF (Address Labels)","PDF (adressetiketter)"
"PDF (Address Labels)?","PDF (adressetiketter)?"
"PDF (CN22 Labels)","PDF (CN22 etiketter)"
"PDF (CN22 Labels)?","PDF (CN22 etiketter)?"
"PDF (Gift Message)","PDF (Gift Message)"
"PDF (Gift Message)?","PDF (Gift Message)?"
"PDF (Invoice & Packing Sheet)","PDF (Faktura & Förpacknings Sheet)"
"PDF (Invoice and Packing Sheet)?","PDF (Faktura och Förpackning Sheet)?"
"PDF (Invoice)","PDF (Faktura)"
"PDF (Invoice)?","PDF (Faktura)?"
"PDF (Order-combined Picklist)","PDF (Order-kombinerad Plock)"
"PDF (Order-combined Picklist)?","PDF (Order-kombinerad Plock)?"
"PDF (Order-separated Picklist)","PDF (Order-separerade Plock)"
"PDF (Order-separated Picklist)?","PDF (Order-separerade Plock)?"
"PDF (Orders Summary)","PDF (Order Sammanfattning)"
"PDF (Orders Summary)?","PDF (Order sammanfattning)?"
"PDF (Out-of-stock List)","PDF (Out-of-lager List)"
"PDF (Out-of-stock List)?","PDF (Out-of-lager List)?"
"PDF (Packing Sheet)","PDF (Förpacknings Sheet)"
"PDF (Packing Sheet)?","PDF (förpacknings Sheet)?"
"PDF (Product-separated Picklist)","PDF (Product separerade Plock)"
"PDF (Product-separated Picklist)?","PDF (Product separerade Plock)?"
"PDF (Trolleybox Picklist)","PDF (Trolleybox Plock)"
"PDF (Trolleybox Picklist)?","PDF (Trolleybox Plock)?"
"PDF (Zebra Labels)","PDF (Zebra etiketter)"
"PDF (Zebra Labels)?","PDF (Zebra etiketter)?"
"PDF Address-label Sheet","PDF Adress märke Sheet"
"PDF Gift Message","PDF Gift Meddelande"
"PDF Invoice","PDF-faktura"
"PDF Invoice &amp; Packing Sheet' Sort","PDF-faktura & amp; Förpacknings Sheet "Sort"
"PDF Letter","PDF Letter"
"PDF Order-combined Picklist","PDF Order-kombinerad Plock"
"PDF Order-separated Picklist","PDF Order-separerade Plock"
"PDF Orders Summary","PDF-Order Sammanfattning"
"PDF Packing Sheet","PDF Förpackningsblad"
"PDF Packing Sheet + Invoice","PDF Förpackningsblad + Faktura"
"PDF page size","PDF sidstorlek"
"PDF Product-separated Picklist","PDF Produkt separerade Plock"
"PDF Zebra Label","PDF Zebra Label"
"PDF/CSV (Out-of-stock List)","PDF / CSV (Out-of-lager List)"
"PDF/CSV Out-of-stock List","PDF / CSV Out-of-lager Lista"
"PDF/CSV Out-of-stock List Options","PDF / CSV Out-of-lager alternativlistan"
"Pick Lists only","endast plocklistor"
"pickPack","pickPack"
"pickPack Validation Key","pickPack Validering Key"
"Pickup Date","Upphämtningsdatum"
"Pickup Store Address","Pickup Store Adress"
"Pickup Store Email","Uppsamling Butiks E"
"Pickup Store ID","Uppsamling Butiks ID"
"Pickup Store Phone","Uppsamling Butiks Phone"
"Pickup Time","Upphämtningstid"
"Position","Placera"
"Position custom text box","Position anpassad textruta"
"Position of custom attributes","Ställning anpassade attribut"
"Position of notes :","Ställning anteckningar:"
"Position of shelving info","Ställning hyllor info"
"Position the addresses exactly - for integrated labels","Placera adresser exakt - för integrerade etiketter"
"Position the message box exactly","Placera meddelanderutan exakt"
"Positionable box position","Positionerbar rutans läge"
"Pre-cells","Pre-celler"
"Price column title","Pris kolumnrubriken"
"Price position","prisposition"
"Price X-pos.","Pris X-pos."
"Prices","priserna"
"Prices converted from","Priserna omvandlas från"
"Print All?","Skriv ut alla?"
"Print barcode in separate line?","Print streckkod i separat rad?"
"Print Condition","print skick"
"Print Credit Memos?","Skriva ut kreditnotor?"
"Print Invoices?","Skriv ut fakturor?"
"Print orders once only?","Skriv ut order bara en gång?"
"Print Packingslips?","Skriva ut Packingslips?"
"Print products label after address label?","Trycksaker etiketten efter adresslapp?"
"Print resolution","utskriftsupplösning"
"Print Shipping Labels?","Skriv fraktsedlar?"
"Print supplier attribute?","Print leverantör attribut?"
"Priority of custom attribute grouping","Prioritet anpassade attribut gruppering"
"Process date?","Process datum?"
"Process orders that include out-of-stock items?","Processorder som omfattar out-of-lager artiklar?"
"Processing schedule","bearbetning schema"
"Product Category Label","Produktkategori Label"
"Product discount title","Produkt där rabatten titel"
"Product discount title?","Produkten rabatt titel?"
"Product gift message xpos","Produkten gåva meddelande XPOS"
"Product id below barcode font-size","Produkt-id under streckkod font-size"
"Product images?","Nätbutiker?"
"Product line nudge","Produktlinje knuff"
"Product line total title","Produktlinje totala titel"
"Product line total title?","Produktlinje totala titel?"
"Product list sort direction :","Produktlista sorteringsordning:"
"Product list titlebar padding bot","Produktlista namnlistens stoppning bot"
"Product list titlebar padding top","Produktlista namnlistens stoppning topp"
"Product Name","produktnamn"
"Product name position","Produktnamn läge"
"Product name X-pos.","Produktnamn X-pos."
"Product name?","Produktnamn?"
"Product names or attributes contain non-roman characters?","Produktnamn eller attribut innehålla icke-latinska bokstäver?"
"Product Options : Size","Produkt alternativ finns: Storlek"
"Product options?","Produkt alternativ?"
"Product Price x","Produkt Pris x"
"Product SKU barcode?","Produkt SKU streckkod?"
"Product SKU below barcode font-size","Produkt SKU under streckkod font-size"
"Product SKU below barcode?","Produkt SKU under streckkoden?"
"Product weight?","Produktens vikt?"
"Product-price Multiplier","Produkt pris Multiplier"
"Pull from custom attribute","Dra från anpassat attribut"
"Purchase order #?","Inköpsorder #?"
"Put in separate column","Sätt i separat kolumn"
"Puts in total weight, shipping carrier, payment method","Sätter i totalvikten, fraktbolaget, betalningssätt"
"q(Qty left to ship), s(Qty shipped), o(Qty ordered)","q (Antal kvar att leverera), s (Antal sänds), o (Antal beställda)"
"Qty column title","Antal kolumnrubriken"
"Qty invoiced","Antal fakturerade"
"Qty left to ship","Antal kvar att transportera"
"Qty X-pos.","Antal X-pos."
"Quote all values in CSV exports?","Citera alla värden i CSV export?"
"Recalculate","räkna om"
"Recommend for long SKU","Rekommenderar länge SKU"
"Reformat address?","Formatera adress?"
"Reformat?","Formatera?"
"Regular","Regelbunden"
"Remove accents from letters in address?","Ta accenter från bokstäver i adressen?"
"Remove product tax from subtotal?","Ta bort produkten skatt från delsumma?"
"Remove shipping tax from","Ta frakt skatt från"
"Remove shipping tax from subtotal?","Ta frakt skatt från delsumma?"
"Remove shipping tax from tax","Ta frakt skatt från skatt"
"Repeat gift message?","Upprepa gåva meddelande?"
"Replace Default ERP Invoice with pickPacks?","Ersätt standard ERP faktura med pickPacks?"
"Replace Default ERP Packing Sheet with the one from pickPack?","Byt Standard ERP Packning ark med en från pickPack?"
"Reset","Återställa"
"Return address","Returadress"
"return address - Default","returadress - Standard"
"return address - Group 1","returadress - Grupp 1"
"return address - Group 2","returadress - Grupp 2"
"return address - Group 3","returadress - Grupp 3"
"Return Address Label : Color","Adressetiketter: Färg"
"Return Address Label : Font","Adressetiketter: Font"
"Return Address Label : Size","Adressetiketter: Storlek"
"Return Address Label : Style","Adressetiketter: Style"
"Return address text","Returadress text"
"Right","Höger"
"Right Margin X","Höger marginal X"
"Rotate <b>autoCN22</b> page?","Rotera <b> autoCN22 </ b>?"
"Rotate entire label?","Rotera hela etiketten?"
"Rotate label?","Rotera etikett?"
"Rotate Product list","Rotera Produktlista"
"Rotate return address?","Rotera returadress?"
"Rotate?","Rotera?"
"Round cost by ? decimal places","Runda kostnad av? decimaler"
"Round custom attribute numbers?","Runda anpassade attributnummer?"
"Round weight by ? decimal places","Färskvikten per? decimaler"
"Rounding to 2 decimals can work well for price display.<br /><i>Default: No</i>","Avrundning till 2 decimaler kan fungera bra för prismärkning <br /> <i> Standard. Nej </ i>"
"Rule 1?","Regel 1?"
"Rule 2?","Regel 2?"
"Rules are processed in order from low to high priority numbers.<br/>","Regler behandlas i ordning från låg till hög prioritet nummer. <br/>"
"Scale Shipping Labels","Skala fraktsedlar"
"Seeing tofu : <b style="font-size:200%;font-weight:100;display:inline;position:relative;top:5px;">&#9647;</b>?","Ser tofu: <b style = "font-size: 200%; font-weight: 100; display: inline; positioner: relativ; top: 5px;"> & # 9647; </ b>?"
"Select Order Attribute To Update","Välj ordningsattribut att uppdatera"
"Separate multiple matches by comma.'","Separera flera matcher med kommatecken. '"
"Seperator 1?","Seperator 1?"
"Seperator 2?","Seperator 2?"
"Server Name","Server namn"
"Set in 'Shipping Labels' section","Beläget i avsnittet "fraktsedlar""
"Set in 'Shipping Labels' section<br />Enable this to show eg. Royal Mail PPI labels","Frakt Datum"
"Set Internal Printed Flag?","Ställ Intern Tryckt flagga?"
"Set the currency symbol","Ställ valutasymbolen"
"Set to Low to keep filesize low (but background image blurred), set to High to get a sharp background (and larger filesize)","Inställd på Låg för att hålla filstorleken låg (men bakgrundsbild suddig), inställd på hög för att få en skarp bakgrund (och större filstorlek)"
"Settings File","inställningar File"
"Shelving attribute","hyllsystem attribut"
"Shelving position","Fraktadres"
"Shelving Xpos","hyllor XPOS"
"Shift Bundle Children Xpos","Skifta Bundle Barn XPOS"
"Ship Date","Leveransdatum"
"shipEasy Connection","shipEasy Connection"
"shipEasy Connection","shipEasy Connection"
"shipEasy flag column #","shipEasy flaggkolumnen #"
"shipEasy flag value?","shipEasy flaggvärdet?"
"Shipping Address","leverans adress"
"Shipping address padding","Leveransadress stoppning"
"Shipping address phone?","Leveransadress telefon?"
"Shipping address title","Leveransadress titel"
"Shipping Date?","Fraktdatum?"
"Shipping Image #1","Frakt Bild # 1"
"Shipping Image #2","Frakt Bild # 2"
"Shipping Image #3","Frakt Bild # 3"
"Shipping Labels","fraktsedlar"
"Shipping Method (Default)","Sändningsmetod (standard)"
"Shipping method?","Fraktsätt?"
"Shipping options?","Leveransalternativ?"
"Shipping Type","Frakt Typ"
"Shipping/Billing Title : Style","Shipping / Billing Titel: Style"
"Shipping/Billing title position","Sändnings / Billing titel ståndpunkt"
"Show","Show"
"Show 'Allowance'?","Show "ersättning"?"
"Show 'Message B' for this group :","Show "Meddelande B" för denna grupp:"
"Show 'Message B' for this group :","Show "Meddelande B" för denna grupp:"
"Show 'Packed 2 by' note?","Visa "packad 2 med" notera?"
"Show 'Packed by' note?","Visa "packad med" notera?"
"Show 'Packed by' note?","Visa "packad med" notera?"
"Show 'total item count'?","Show "total post count"?"
"Show 'total order count'?","Show "totala order count"?"
"Show 'total paid'?","Show "totala belopp som betalats"?"
"Show 'total shipping paid'?","Show "total frakt betalas"?"
"Show 'Total Taxed Product Value'?","Show "Total beskattade produktvärde"?"
"Show 'Total UnTaxed Product Value'?","Show "Totalt obeskattade produktvärdet"?"
"Show #Order or #Invoice","Show #Order eller #Invoice"
"Show 0 qty items?","Visa 0 st objekt?"
"Show 2nd attribute?","Visa 2. Attribut?"
"Show 2nd order custom attribute?","Visa 2nd order anpassat attribut?"
"Show 2nd Order ID?","Visa 2nd Order-ID?"
"Show 2nd qrcode?","Visa 2. Qrcode?"
"Show 2nd?","Visa 2.?"
"Show 3rd attribute?","Visa 3. Attribut?"
"Show address in product label?","Visa adress i produktetiketten?"
"Show advanced options?","Visa avancerade alternativ?"
"Show Aitoc Checkout Fields?","Visar Aitoc kassan Fields?"
"Show Amasty Order Attributes?","Visa Amasty Order attribut?"
"Show Amasty order delivery date?","Visa Amasty order leveransdatum?"
"Show another attribute?","Visa ett annat attribut?"
"Show as Icon?","Visa som ikon?"
"Show attribute titles?","Show attribut titlar?"
"Show barcode SKU?","Visa streckkod SKU?"
"Show Base Currency values in Subtotals?","Visa basvalutan värden i delsummor?"
"Show BetaBoxes?","Show BetaBoxes?"
"Show billing address at top?","Visa faktureringsadress på toppen?"
"Show billing address?","Visa faktureringsadress?"
"Show billing phone under shipping address ?","Visa fakturerings telefonen under leveransadress?"
"Show billing phone?","Visa fakturerings telefon?"
"Show Box 1?","Visa Box 1?"
"Show Box 2?","Visa Box 2?"
"Show Box 3?","Visa Box 3?"
"Show box estimation?","Visa box uppskattning?"
"Show brackets around tax?","Visa konsoler runt skatt?"
"Show bundle parent?","Visar bunt förälder?"
"Show bundle parents?","Visar bunt föräldrar?"
"Show bundle product children?","Visa bunt produkt barn?"
"Show column titles?","Visa kolumnrubriker?"
"Show cost subtotal?","Visa kostnads ​​delsumma?"
"Show Currency Exchange Rate in Subtotals?","Visa växelkursen i delsummor?"
"Show custom attribute?","Visa anpassade attribut?"
"Show custom barcode?","Visa anpassad streckkod?"
"Show custom product attribute (2)?","Visa anpassade produktattribut (2)?"
"Show custom product attribute (3)?","Visa anpassad produkt attribut (3)?"
"Show custom product attribute (4)?","Visa anpassade produktattribut (4)?"
"Show custom product attribute?","Visa anpassad produkt attribut?"
"Show custom product attributes?","Visa anpassade produkt attribut?"
"Show custom product options?","Visa anpassade produktalternativ?"
"Show custom qrcode?","Visa anpassad qrcode?"
"Show customer email?","Visa kund e-post?"
"Show customer group?","Visa kundgrupp?"
"Show customer ID?","Visa kund-ID?"
"Show customer phone?","Visa kund telefon?"
"Show customer VAT number?","Visa kundmomsregistreringsnummer?"
"Show custommer comment?","Visa custommer kommentar?"
"Show date printed?","Visa datum?"
"Show deadline text / date?","Visa deadline text / datum?"
"Show discount?","Visa rabatt?"
"Show discounts in order subtotal","Visa rabatter för delsumma"
"Show discounts in order subtotal'","Visa rabatter för delsumma ""
"Show discounts where?","Visa eventuella rabatter?"
"Show discounts?","Visa rabatter?"
"Show Earned Points?","Visa intjänade poäng?"
"Show extended info line?","Visa utökad information linje?"
"Show extra shipping details?","Visa extra leveransinformation?"
"Show fixed text?","Visa fast text?"
"Show fixed-text for non-Store-Pickup orders?","Visa fast text för icke-Store-Pickup order?"
"Show for bundle children?","Visa för bunt barn?"
"Show full payment?","Visa full betalning?"
"Show gift message title 'to/from'","Visa gåva meddelande titeln "till / från""
"Show gift message?","Visa gåva meddelande?"
"Show gift messages?","Visa present meddelanden?"
"Show gift wrap message?","Visa presentpapper meddelande?"
"Show gift wrap style?","Visa presentpapper stil?"
"Show giftwrap label?","Visa giftwrap etikett?"
"Show Grand Total?","Visa Grand Total?"
"Show icon top-of-page for wrap orders?","Visa ikon top-of-sida för wrap order?"
"Show invoiced date?","Visa fakturerad datum?"
"Show items count?","Visa poster räknas?"
"Show logo on Pick Lists?","Visa logotypen på plocklistor?"
"Show logo on picklists?","Visa logotypen på picklists?"
"Show mageworld order delivery date?","Visa mageworld order leveransdatum?"
"Show Mageworx Multifees?","Visar Mageworx Multifees?"
"Show movable Order ID?","Visa rörliga Order-ID?"
"Show name?","Visa namn?"
"Show on line item' can help reduce customs fees","Visa på Posten kan bidra till att minska tullavgifter"
"Show order column titles?","Visa orderkolumnrubriker?"
"Show order comments?","Visa order kommentarer?"
"Show order custom attribute?","Visa beställning anpassade attribut?"
"Show order date?","Visa orderdatum?"
"Show order gift message?","Visa för gåva budskap?"
"Show Order Grand Total","Visa Order Grand Total"
"Show Order ID (above address)?","Visa Order ID (adress som ovan)?"
"Show Order ID above address?","Visa Order ID ovanstående adress?"
"Show Order ID barcode?","Visa Order ID streckkod?"
"Show Order ID barcodes?","Visa Order ID streckkoder?"
"Show Order ID in product label?","Visa ordernummer i produktetiketten?"
"Show Order ID?","Visa Order-ID?"
"Show Order IDs?","Visa Order ID?"
"Show order number?","Visa ordernummer?"
"Show Order Subtotals?","Visa Order delsummor?"
"Show Order Tax Total","Visa Order Tax Totalt"
"Show Order Total (no Tax)","Visa Order Total (ingen skatt)"
"Show page title bar?","Visa sida i namnlisten?"
"Show parent product name","Visa förälder produktnamn"
"Show payment method?","Visa betalningsmetod?"
"Show phone numbers?","Visa telefonnummer?"
"Show pickup date/time on same line?","Visa pickup datum / tid på samma linje?"
"Show Point Discount?","Visa Point rabatt?"
"Show Price?","Visa pris?"
"Show prices?","Visa priser?"
"Show product gift message?","Visa produkt gåva budskap?"
"Show Product Gift-Wrap Column?","Visa Produktpresentpapper Column?"
"Show Product Grand Total","Visa Produkttotalsumma"
"Show Product ID barcode","Visa Produkt ID streckkod"
"Show product ID below barcode?","Visa produkt-ID under streckkoden?"
"Show product images?","Visa produktbilder?"
"Show product line total?","Visa produktlinje totalt?"
"Show Product list?","Visa produktlista?"
"Show product name bold?","Visa produktnamnet fet?"
"Show product name?","Visa produktnamn?"
"Show product names?","Visa produktnamn?"
"Show product options?","Visa produktalternativ?"
"Show Product qty?","Visa Produkt Ant?"
"Show product sku barcode?","Visa produkt sku streckkod?"
"Show product sku?","Visa produkten sku?"
"Show Product Tax Total","Visa Produkt Tax Totalt"
"Show Product Total(no Tax)","Visa produkt Total (ingen skatt)"
"Show product type?","Visa produkttyp?"
"Show product-level gift messages?","Visa produktnivå present meddelanden?"
"Show purchase order #?","Visa inköpsorder #?"
"Show qty as:","Visa st som:"
"Show return address?","Visa avsändaradress?"
"Show Sheet Grand Total with Tax/ without Tax","Visa Blad Totalsumma med skatt / utan skatt"
"Show Sheet Total","Visa omslutningen"
"Show Sheet Total with Tax/ without Tax","Visa omslutningen med Tax / utan skatt"
"Show shelving info?","Visar hyllor information?"
"Show Ship Grand Total","Visa Ship Grand Total"
"Show Ship Tax Total","Visa Ship Tax Totalt"
"Show Ship Total (no Tax)","Visa Ship Totalt (ingen skatt)"
"Show shipping address at top?","Visa leveransadress på toppen?"
"Show shipping address title?","Visa leveransadress titel?"
"Show shipping address?","Visa leveransadress?"
"Show shipping carrier?","Visa sändningsbäraren?"
"Show shipping method?","Visa leveranssätt?"
"Show Shipping Price?","Visa frakt Pris?"
"Show Shipping subtotal?","Visa frakt delsumma?"
"Show shipping warehouse?","Visa leveranslagret?"
"Show simple product name","Visa enbart beteckningen"
"Show SKU?","Visar SKU?"
"Show Source in subtotal?","Visa Källa i delsumma?"
"Show specific attribute?","Visa specifika attribut?"
"Show Spent Points?","Visa bringade Points?"
"Show stock alert below...","Visa lager alert nedan ..."
"Show stock alerts?","Visa lager varningar?"
"Show stock qty?","Visa lager Antal?"
"Show subtotal?","Visa delsumma?"
"Show Subtotals?","Show delsummor?"
"Show tax breakdown?","Visa skatt sammanbrott?"
"Show tax separately?","Visa skatt separat?"
"Show tickbox 2nd?","Visar tickbox 2.?"
"Show tickbox?","Visa tickbox?"
"Show total discount?","Visa total rabatt?"
"Show Total Due?","Visa Total Due?"
"Show Total Order","Visa totala order"
"Show Total Paid?","Visa Totalt betald?"
"Show total shipping?","Visa total leverans?"
"Show total tax?","Visa totala skatt?"
"Show total weight?","Visa totalvikt?"
"Show tracking number as barcode?","Visa spårningsnummer som streckkod?"
"Show tracking number?","Visa spårningsnummer?"
"Show unit price?","Visa styckpris?"
"Show unit tax Total","Show enhet skatt Summa"
"Show unit tax?","Visa enhet skatt?"
"Show which date?","Visa vilken tidpunkt?"
"Show which Store-Pickup details?","Visa vilken Store-Pickup detaljer?"
"Show which value for configurable product names?","Visa vilket värde för konfigurerbara produktnamn?"
"Show which value for product names?","Visa vilket värde för produktnamn?"
"Show WSA Store-Pickup details?","Visa WSA Store-Pickup detaljer?"
"Show zero-value discount?","Visa noll-värde rabatt?"
"Show zero-value shipping?","Visa noll-värde sjöfarten?"
"Show zero-value tax?","Visa noll-värde skatt?"
"Show Zipcode barcode?","Visa Postnr streckkod?"
"Show?","Show?"
"Shows item if stock below this; Default: 1","Visar post om lager under denna; Standard: 1"
"Shows SKU in red if stock below this number","Visar SKU i rött om lager under detta nummer"
"Signature line?","Signatur linje?"
"Simple product name","Enbart beteckningen"
"Simple product name, even in configurable","Enkel produktnamn, även i konfigurerbar"
"Size","Storlek"
"Size attribute","storlek attribut"
"Size X-pos.","Storlek X-pos."
"SKU barcode column title","SKU streckkod kolumnrubriken"
"SKU column title","SKU kolumnrubriken"
"SKU position","SKU ståndpunkt"
"SKU X-pos.","SKU X-pos."
"SKU?","SKU?"
"Small Image","liten bild"
"Sort bundle children?","Sortera bunt barn?"
"Sort by :","Sortera efter :"
"Sort direction :","Sorteringsordning:"
"Sort items by :","Sortera objekt efter:"
"Sort product lists by :","Sortera produktlistor efter:"
"Sort product lists?","Sortera produktförteckningar?"
"Sort products by :","Sortera produkter efter:"
"Sort Secondary by :","Sortera Sekundär efter:"
"Sorting attribute :","Sortering attribut:"
"Spacer character:","Spacer karaktär:"
"Specific font-size for Town/State/Zip","Specifik font-size för Town / Stat / Zip"
"Split &amp; group bundle parents and children/simple-products separately","Split & amp; grupp bunt föräldrar och barn / enkla produkter separat"
"Split by logged-in user?","Split av inloggad användare?"
"Split PDFs by supplier","Split PDF-filer från leverantören"
"Standard : shipping on left, billing on right","Standard: sjöfart till vänster, fakturering på höger"
"Star specific value?","Star specifikt värde?"
"Start from fixed Y-Pos?","Börja från fast Y-Pos?"
"Start overflow pages where?","Börja spill sidor där?"
"Start with 'From :' to have that a different size","Börja med "Från:" att ha det en annan storlek"
"Status","Status"
"Stock alert below...","Lager alert nedan ..."
"Stock alerts?","Lager varningar?"
"Stock Filter","lager Filter"
"Store","Lagra"
"Strip line breaks and commas?","Strip radbrytningar och kommatecken?"
"Strip linebreaks from non-address fields in CSV exports?","Skala radbrytningar från icke-adressfält i CSV export?"
"Strip linebreaks in gift messages?","Skala radbrytningar i present meddelanden?"
"Strip linebreaks in order comments?","Skala radbrytningar i order kommentarer?"
"Style","Stil"
"Subheadings : Color","Rubriker: Färg"
"Subheadings : Font","Rubriker: Font"
"Subheadings : Size","Rubriker: Storlek"
"Subheadings : Style","Moms"
"Subsection height","Moms"
"Subtotal align","Moms"
"Subtotal Labels X-pos","Delsumma Etiketter X-pos"
"Subtotal Numbers X-pos","Delsumma Numbers X-pos"
"Suggested : [blank] or 'billing details'","Föreslagna: [blank] eller "faktureringsinformation""
"Suggested : [blank] or 'Ship","Föreslaget: [blank] eller "Ship"
"Suggested : [blank] or 'shipping details'","Föreslagna: [blank] eller "leveransinformation""
"Supplier  'login'","Leverantörens inloggning ""
"Supplier attribute","leverantör attribut"
"Supplier options","leverantörs alternativ"
"Supplier username:suppliername","Leverantör användarnamn: suppliername"
"Switched, billing on donw, shipping on up","Switched, fakturering på donw, sjöfart på upp"
"Switched, billing on left, shipping on right","Switched, fakturering på vänster, sjöfart på höger"
"T: ","T:"
"Take product name from:","Ta produktnamn från:"
"Tax column title","Skattekolumnrubriken"
"Tax display method","Skattevisningsmetod"
"Tax Incl.","Inkl."
"Tax Label","skatte Label"
"Tax Label Incl.","Skatte Label Inkl."
"Tax paid?","Betald skatt?"
"Teando Delivery Options?","Teando Leverans alternativ?"
"Temando Delivery Options?","Temando Leverans alternativ?"
"Text","Text"
"Text for 'Packed 2 by' note :","Text för "packad 2 med" anmärkning:"
"Thailand CN22 Label Image","Thailand CN22 Label Image"
"This needs the <b><a href="https://moogento.com/shipeasy" target="_blank">shipEasy</a></b> extension to work","Detta behöver <b> <a href="https://moogento.com/shipeasy" target="_blank"> shipEasy </a> </ b> förlängning arbete"
"This option will work if you have installed Gift Wrap feature of Magento Enterprise","Detta alternativ kommer att fungera om du har installerat Presentinslag inslag i Magento Enterprise"
"This option will work if you have installed warehouse extension.","Detta alternativ kommer att fungera om du har installerat lager förlängning."
"This sets: Packing Sheets, Invoices, Picklists.","Detta ställer: lakan packning, fakturor, Picklists."
"This will add an info label at the end of every print run.","Detta kommer att lägga till ett informationsetikett i slutet av varje upplaga."
"This will be added to each order's total weight","Detta kommer att läggas till varje beställning totalvikt"
"This will create different pick lists per supplier","Detta kommer att skapa olika plocklistor per leverantör"
"This will group all products by their category (useful for outbound customs declarations)","Detta kommer gruppera alla produkter från sin kategori (användbara för utgående tulldeklarationer)"
"This will move the image on each label","Detta kommer att flytta bilden på varje etikett"
"This will slow down PDF generation by a lot, so leave 'No' unless you really need it","Detta kommer att sakta ner PDF-generering av en hel del, så lämna "Nej" om du verkligen behöver det"
"Thumbnail","thumbnail"
"Tickbox 2nd Xpos","Tickbox 2. XPOS"
"Tickbox 2nd?","Tickbox 2.?"
"Tickbox Xpos","tickbox XPOS"
"Tickbox?","Tickbox?"
"Time","Tid"
"Tip : Use short title(s) if you choose 'beside'","Tips: Använd kort titel (s) om du väljer "bredvid""
"Title","Titel"
"Title text","Titel text"
"Titlebars Bkg Color","Namnlister Bkg Färg"
"Today\'s Date","Dagens datum"
"Top address padding","Top adress stoppning"
"Top Left","Övre vänstra"
"Top of page","Överst på sidan"
"Top-left Ribbon","Övre vänstra Ribbon"
"Total invoiced items count?","Totala fakturerade poster räknas?"
"Total items count?","Totalt objekt räkna?"
"Total order count?","Den totala order räkna?"
"Total paid column","Totalt betalade kolonn"
"Total paid for each SKU?","Totalt betalas för varje SKU?"
"Total paid?","Totala belopp som betalats?"
"Total price column title","Totalpris kolumnrubriken"
"Total product qty title","Total produkt st titel"
"Total shipped items count?","Totalt levererades objekt räkna?"
"Total shipping paid?","Totalt frakt betalt?"
"Total weight?","Totalvikt?"
"Tracking number font size","Spårningsnummer teckenstorlek"
"Tracking Number?","Spårningsnummer?"
"Trigger statuses","trigger statusar"
"Trim long content?","Trim lång innehåll?"
"Trim long?","Trim länge?"
"Trim long SKUs?","Trim långa SKUs?"
"Trim Product Name","Trim Produktnamn"
"Trim Product Name?","Trim Produktnamn?"
"Trim SKU?","Trim SKU?"
"Trim?","Trim?"
"Truncate items to fit in columns?","Trunkera objekt för att passa i kolumner?"
"UK CN22 Label Image","UK CN22 Label Image"
"Under product-list message","Under produktmeddelandelistan"
"Under product-list Message A","Under produktlista Meddelande A"
"Under product-list Message B","Under produktlista Meddelande B"
"Under shipping details","Under leveransinformation"
"Unhold?","Återta?"
"Unit price column title","Styckpris kolumnrubriken"
"Unit price title","Styckpris titel"
"Unit tax title","Enhet skatte titel"
"Unit tax title?","Enhet skatte titel?"
"Update after process","Uppdatering efter process"
"Update Order Attribute","Uppdatera Beställnings Attribut"
"Update shipEasy Flag","Uppdatering shipEasy sjunker"
"Upload a .ttf or .otf font file","Ladda upp en Ttf eller .otf typsnittsfil"
"Upload a .ttf or .otf font file <br />'Font style' settings","Ladda upp en Ttf eller .otf typsnittsfil <br /> "Font stil" inställningar"
"Upload a .ttf or .otf font file <br />'Font style' settings are ignored with custom fonts","Ladda upp en Ttf eller .otf typsnittsfil <br /> "Font stil" inställningar ignoreras med egna teckensnitt"
"Upload a .ttf or .otf font file'Font style' settings","Ladda upp en Ttf eller .otf font file'Font stil "inställningar"
"Upload a .ttf or .otf font file<br />'Font style' settings are ignored with custom fonts","Ladda upp en Ttf eller .otf typsnittsfil <br /> "Font stil" inställningar ignoreras med egna teckensnitt"
"Upsize + bold qty, if qty = 2+","Upsize + fet st, om st = 2+"
"USA CN22 Label Image","USA CN22 Label Image"
"Use <b>courierRules</b> generated shipping label?","Använd <b> courierRules </ b> genererade fraktsedel?"
"Use as a way to constrain the address inside a specific label or area","Använd som ett sätt att begränsa adress i en specifik etikett eller område"
"Use GFS Shipping Labels?","Använd GFS fraktsedlar?"
"Use logged-in language","Använd inloggad språk"
"Use Magento Grand Total?","Använd Magento Grand Totalt?"
"Use Magento subtotals?","Använda Magento delsummor?"
"Use order storeview language","Använda ordning storeview språk"
"Use together with 'Update shipEasy Flag' -> 'Yes, Printed'","Används tillsammans med "Update shipEasy flaggan" -> "Ja, tryckt""
"Use what language and when?","Använd vilket språk och när?"
"Use which image?","Använd vilken bild?"
"Use which?","Använd vilken?"
"Uses header logo from Packing Sheet","Använder header logotyp från Förpacknings Sheet"
"Using One Step Checkout (Magestore) delivery date","Använda One Step kassan (Magestore) leveransdatum"
"Usually goes at page base - handy for QC","Vanligtvis går vid sidan bas - praktiskt för QC"
"Value","Värde"
"Vert Line","vert Linje"
"Warehouse?","Warehouse?"
"Weight Based number?","Räknat antal?"
"Weight Based?","Räknat?"
"Weight multiplier","vikt multiplikator"
"Weight rounding","vikt avrundning"
"Weight unit","viktenhet"
"Weight unit:","Viktenhet:"
"What is your word for 'tax'?","Vad är ditt ord för "skatt"?"
"Where to position custom product attributes on the picklists.<br />Default: Columns","Var att placera anpassade produktegenskaper på picklists <br /> Standard. Kolumner"
"Which Aitoc attribute codes?","Vilka Aitoc attribut koder?"
"Which Options?","Vilka alternativ?"
"Which value for configurable product names?","Vilket värde för konfigurerbara produktnamn?"
"Which?","Som?"
"Width","Bredd"
"X days after printing date?","X dagar efter utskrift datum?"
"X-Nudge","X-Nudge"
"X-pos","X-pos"
"X-Pos [434]","X-Pos [434]"
"X-Pos.  images 222","X-Pos. bilder 222"
"X-Pos. attr. 2","X-Pos. attr. 2"
"X-Pos. attr. 2 (+ prices col)","X-Pos. attr. 2 (+ priser COL)"
"X-Pos. attr. 2 (+ prices, tax cols)","X-Pos. attr. 2 (+ priser, skatte kolumner)"
"X-Pos. attr. 3","X-Pos. attr. 3"
"X-Pos. attr. 3 (+ prices col)","X-Pos. attr. 3 (+ priser COL)"
"X-Pos. attr. 3 (+ prices, tax cols)","X-Pos. attr. 3 (+ priser, skatte cols)"
"X-Pos. barcodes","X-Pos. streckkoder"
"X-Pos. custom product options","X-Pos. anpassade produktalternativ"
"X-Pos. custom product options (+ prices col)","X-Pos. anpassade produktalternativ (+ priser Col)"
"X-Pos. custom product options (+ prices, tax cols)","X-Pos. anpassade produktalternativ (+ priser, skatte COLS)"
"X-Pos. date","X-Pos. datum"
"X-Pos. images","X-Pos. bilder"
"X-Pos. images (+ prices col)","X-Pos. bilder (+ priser Col)"
"X-Pos. images (+ prices, tax cols)","X-Pos. bilder (+ priser, skatte kolumner)"
"X-Pos. name","X-Pos. namn"
"X-Pos. name (+ prices col)","X-Pos. namn (+ priser COL)"
"X-Pos. name (+ prices, tax cols)","X-Pos. namn (+ priser, skatte cols)"
"X-Pos. numbered list","X-Pos. numrerad lista"
"X-Pos. numbered list bundle children","X-Pos. numrerad lista bunt barn"
"X-Pos. product discount","X-Pos. produkt där rabatten"
"X-Pos. product discount?","X-Pos. produkt rabatt?"
#N/A
"X-Pos. product line total?","X-Pos. produktlinje totalt?"
"X-Pos. qty","X-Pos. st"
"X-Pos. qty (+ prices col)","X-Pos. st (+ priser COL)"
"X-Pos. qty (+ prices, tax cols)","X-Pos. Antal (+ priser, skatte COLS)"
"X-Pos. shelf","X-Pos. hylla"
"X-Pos. shelf (+ prices col)","X-Pos. hylla (+ priser COL)"
"X-Pos. shelf (+ prices, tax cols)","X-Pos. hylla (+ priser, skatte kolumner)"
"X-Pos. sku","X-Pos. sku"
"X-Pos. sku (+ prices col)","X-Pos. sku (+ priser COL)"
"X-Pos. sku (+ prices, tax cols)","X-Pos. SKU (+ priser, skatte COLS)"
"X-Pos. SKU barcode","X-Pos. SKU streckkod"
"X-Pos. SKU barcode (+ prices col)","X-Pos. SKU streckkod (+ priser COL)"
"X-Pos. SKU barcode (+ prices, tax cols)","X-Pos. SKU streckkod (+ priser, skatte kolumner)"
"X-Pos. tickbox","X-Pos. tickbox"
"X-Pos. tickbox (+ prices col)","X-Pos. kryssrutan (+ priser COL)"
"X-Pos. tickbox (+ prices, tax cols)","X-Pos. kryssrutan (+ priser, skatte COLS)"
"X-Pos. total price","X-Pos. totalbelopp"
"X-Pos. total price (+ tax col)","X-Pos. totalpris (+ moms col)"
"X-Pos. unit price","X-Pos. Styckpris"
"X-Pos. unit price (+ tax col)","X-Pos. enhetspris (+ moms col)"
"X-Pos. unit tax","X-Pos. enhet skatt"
"X-Pos. unit tax?","X-Pos. enhet skatt?"
"XML/CSV Cargo Packing Sheet","XML / CSV last förpackning Sheet"
"Xpos name","XPOS namn"
"Xpos qty","XPOS st"
"Xpos shelving","XPOS hyllor"
"Y-pos","Y-pos"
"Yes","Ja"
"Yes (After tax)","Ja (efter skatt)"
"Yes (item custom attribute with specific date)","Ja (punkt anpassade attribut med visst datum)"
"Yes (Multiple products)","Ja (åtskilliga produkter)"
"Yes (Single products)","Ja (Enstaka produkter)"
"Yes in Packing Sheets & Invoices Only","Ja i Förpacknings Lakan och fakturor Endast"
"Yes in Picklists Only","Ja i Picklists Endast"
"Yes, *not* including email","Ja, * inte * inklusive e-post"
"Yes, 2 messages, depending on customer group","Ja, 2 meddelanden, beroende på kundgrupp"
"Yes, after shipping address","Ja, efter leveransadress"
"Yes, an image","Ja, en bild"
"Yes, and don\'t include date","Ja, och don \ 't inkluderar datum"
"Yes, and double-quote quotes","Ja, och dubbla citationstecken citat"
"Yes, and include date","Ja, och inkludera datum"
"Yes, and strip all quotes","Ja, och ta bort alla citat"
"Yes, average price paid (taken from invoice row)","Ja, genomsnittlig betalkurs (tagen från fakturaraden)"
"Yes, before shipping address","Ja, före leveransadress"
"Yes, below product line, linear","Ja, under produktlinjen, linjär"
"Yes, below product line, stacked","Ja, under produktlinjen, staplade"
"Yes, below product line, stacked & boxed","Ja, under produktlinjen, staplade och inramade"
"Yes, both in a Tax column and a Tax subtotal","Ja, både i en skatte kolumn och en skatte delsumma"
"Yes, by Order Attribute","Ja, genom beslut Attribut"
"Yes, by Order Status","Ja, genom orderstatus"
"Yes, by Shipping Method","Ja, genom Sändningsmetod"
"YES, CAPITALISE","YES, Tillvarata"
"Yes, Child (Simple product full SKU (include option))","Ja, barn (Enkel produkten fullt SKU (inkluderar tillval))"
"Yes, Child (Simple product full SKU, including product options)","Ja, barn (Enkel produkten fullt SKU, inklusive produktalternativ)"
"Yes, Child (Simple product SKU **Default**)","Ja, barn (Enkel produkt SKU ** Standard **)"
"Yes, Child (Simple product)","Ja, barn (enkel produkt)"
"Yes, combined in movable box","Ja, kombineras i rörlig låda"
"Yes, combined in new page","Ja, kombineras i ny sida"
"Yes, combined in positionable box","Ja, kombineras i placer låda"
"Yes, combined under products list","Ja, kombineras under produkter lista"
"Yes, combined under shipping address","Ja, kombineras under leveransadress"
"Yes, combo attributes","Ja, attribut combo"
"Yes, concise","Ja, koncis"
"Yes, count each option as a separate SKU","Ja, räkna varje alternativ som en separat SKU"
"Yes, count each option as a separate SKU, grouped under parent product","Ja, räkna varje alternativ som en separat SKU, grupperade under förälder produkt"
"Yes, custom attribute","Ja, anpassat attribut"
"Yes, depending on Country Group","Ja, beroende på land Group"
"Yes, filter by notes text","Ja, filter med anteckningar text"
"Yes, fixed text","Ja, fast text"
"Yes, for Pick Lists and Packing Sheets","Ja, för plocklistor och Sheets Förpackning"
"Yes, from custom attribute","Ja, från anpassade attribut"
"Yes, full SKU","Ja, hela SKU"
"Yes, Garuda [good for: Thai, Latin]","Ja, Garuda [bra för: Thai, Latin]"
"Yes, grayed out","Ja, nedtonade"
"Yes, group parent SKUs and option SKUs","Ja, grupp förälder SKU och alternativ SKU"
"Yes, in a Tax column","Ja, i en skatte kolonn"
"Yes, in a Tax subtotal","Ja, i en skatte delsumma"
"Yes, in page base","Ja, i sidan bas"
"Yes, in positionable box (handy for tear-off labels)","Ja, i placer box (praktiskt för tear-off etiketter)"
"Yes, in separate column","Ja, i separat kolumn"
"Yes, in title","Ja, i titeln"
"Yes, incl. tax","Ja, inkl. beskatta"
"Yes, including email","Ja, inklusive e-post"
"Yes, inline with product SKU","Ja, i linje med produkten SKU"
"Yes, Invoice ID","Ja, Faktura ID"
"Yes, Kinnari (similar to Georgia) [good for: Thai, Latin]","Ja, Kinnari (liknande Georgien) [bra för: Thai, Latin]"
"Yes, Marketplace Order ID","Ja, Marknads Order ID"
"Yes, MS Gothic [large filesize, good for: Japanese, Latin]","Ja, MS Gothic [stor filstorlek, bra för: Japanska, Latin]"
"Yes, new line for each, under product SKU","Ja, ny rad för varje, under produkt SKU"
"Yes, on a new page","Ja, på en ny sida"
"Yes, on same label","Ja, på samma etikett"
"Yes, on separate label","Ja, på separat etikett"
"Yes, one message, horizontal strip","Ja, ett meddelande, horisontell remsa"
"Yes, one message, positionable box","Ja, ett meddelande, placer box"
"Yes, one product per label","Ja, en produkt per etikett"
"Yes, only output Invoiced items","Ja, bara ut Fakturerade objekt"
"Yes, only output Shipped items","Ja, bara produktionen levereras objekt"
"Yes, order details + shipping label","Ja, beställningsinformation + fraktsedel"
"Yes, order details only","Ja, detaljer endast för"
"Yes, Order ID","Ja, Order ID"
"Yes, Parent (Configurable parent **Default**)","Ja, Förälder (konfigurerbar förälder ** Standard **)"
"Yes, Parent (Configurable parent SKU)","Ja, Förälder (konfigurerbar förälder SKU)"
"Yes, product category","Ja, produktkategori"
"Yes, product ID","Ja, produkt-ID"
"Yes, product name","Ja, produktnamn"
"Yes, product SKU","Ja, produkt SKU"
"Yes, Purisa (similar to Comic Sans) [good for: Thai, Latin]","Ja, Purisa (liknande Comic Sans) [bra för: Thai, Latin]"
"Yes, Sawasdee [good for: Thai, Latin]","Ja, Sawasdee [bra för: Thai, Latin]"
"Yes, shipping label only","bara Ja, fraktetikett"
"Yes, show only notes tagged \'visible on frontend\'","Ja, visa bara anteckningar taggade \ 'synlig på frontend \'"
"Yes, Simplified Chinese [good for: Chinese]","Ja, förenklad kinesiska [bra för: Kinesiska]"
"Yes, split parent SKUs if option SKUs vary","Ja, dela förälder SKU om alternativet SKU varierar"
"Yes, standard fonts [large filesize, good for accented Latin]","Ja, standardtypsnitt [stor filstorlek, bra för accent Latin]"
"Yes, Tahoma [medium filesize, good for: Arabic, Latin]","Ja, Tahoma [medel filstorlek, bra för: arabiska, Latin]"
"Yes, to 0 decimal places","Ja, till 0 decimaler"
"Yes, total product cost price","Ja, totala produkt självkostnadspris"
"Yes, total sold price, excluding shipping","Ja, totalt såldes pris exklusive frakt"
"Yes, total sold price, including shipping","Ja, totalt såldes pris inklusive frakt"
"Yes, Traditional Chinese [good for: Chinese]","Ja, traditionell kinesisk [bra för: Kinesiska]"
"Yes, under individual product","Ja, enligt enskild produkt"
"Yes, under product list","Ja, under produktlista"
"Yes, up to a pallet","Ja, upp till en lastpall"
"Yes, Uppercase","Ja, Versaler"
"Yes, with no tax info","Ja, med ingen skatt info"
"Yes, with Tax","Ja, med skatt"
"Yes, with VAT info","Ja, med moms info"
"Yes: bold","Ja: bold"
"Yes: bold & underline","Ja: fet och understruken"
"Yes: bold, underlined & red","Ja: fet, understruken och röd"
"Yes: boxed","Ja: boxed"
"You need courierRules installed for this to work. This will use the specific label generated by courierRules.","Du behöver courierRules installerats för att det ska fungera. Detta kommer att använda särskild märkning som genereras av courierRules."
"Filter/split by supplier?","Filter / delas av leverantör?"
"'Combined Packing Sheet/Invoice' grouped by Order ID?","Kombinerade Packning ark / faktura grupperade efter Order ID?"
"Reset pickPack","Återställ pickPack"
"Export pickPack Settings","Export pickPack Settings"
"Import pickPack Settings","Import pickPack Settings"
"'PDF Invoice & Packing Sheet' Sort",""PDF-faktura & Förpackning Sheet" Sort"
"Customise CSVs","skräddarsy CSVs"
"Customise PDFs","Anpassa PDF: er"
"Customise Admin/Frontend Options","Skräddarsy Admin / Frontend Alternativ"
"pickPack User Guide","pickPack användarhandbok"
"Moogento Store","Moogento Store"