"'Allowance' column title","'Allowance' Spaltentitel"
"'Attribute 1' column","'Attribut 1' Spalte"
"'Attribute 2' column","'Attribut 2' Spalte"
"'Attribute 3' column","'Attribut 3' Spalte"
"'Attribute 4' column","'Attribut 4' Spalte"
"'Attribute Combine' column","'Attribut Combine "Spalte"
"'Product barcode' column",""Produkt-Barcode" Spalte"
"'Product images' column","'Produktbilder' Spalte"
"'Product name' column",""Produktname" Spalte"
"'Product weight' column","'Produktgewicht' Spalte"
"'Qty' column","'Menge' Spalte"
"'ship-address' and 'bill-address' column format",""Schiff-Adresse" und "bill-Adresse" Spaltenformat"
"'ship-address' and' bill-address' column format",""Schiff-Adresse" und "bill-Adresse" Spaltenformat"
"'SKU' column","'SKU' Spalte"
"'Stock qty' column","'Stock Menge' Spalte"
"'Stock warning' column","'Stock Warnung' Spalte"
"'Tick boxes' next to item SKUs?",""Tick-Boxen 'neben Artikel SKUs?"
"'Tickbox 2nd' column","'Tickbox 2. "Spalte"
"'Tickbox' column","'Tickbox' Spalte"
"'Warehouse' column","'Warehouse' Spalte"
"(%) Default is 100%","(%) Standard ist 100%"
"(Attribute must exist)","(Attribut muss vorhanden sein)"
"(Default : "Total Price Col" X-Pos)","(Default: "Gesamtpreis Col" X-Pos)"
"(Default:No)","(Standard: Nein)"
"(Default:Yes)","(Standard: Ja)"
"(negative to shift it down)","(Negative es nach unten zu verschieben)"
"(standard for invoices)","(Standard für Rechnungen)"
"(Tip: Upload placeholder images in Config > Catalog)","(Tipp: Upload Platzhalter Bilder in Config> Katalog)"
"(Upload placeholder images in Config > Catalog)","(Upload Platzhalter Bilder in Config> Katalog)"
"(Used if 'Position of shelving info' set to 'Columns')","(Wird verwendet, wenn 'Position von Info Regale' auf 'Spalten')"
"['Payment due ']","['Zahlung fällig ']"
"[#000000] (#HEX colour code)","[# 000000] (#hex Farbcode)"
"[#111111] (#HEX colour code)","[# 111111] (#hex Farbcode)"
"[#5BA638] (#HEX colour code)","[# 5BA638] (#hex Farbcode)"
"[#87CEEB] (#HEX colour code)","[# 87CEEB] (#hex Farbcode)"
"[#8AC371] (#HEX colour code)","[# 8AC371] (#hex Farbcode)"
"[#FFFFFF] (#HEX colour code)","[# FFFFFF] (#hex Farbcode)"
"[10] (negative to shift it down)","[10] (negative es nach unten zu verschieben)"
"[10] (negative to shift it down)<br />(Make about half image height to center text)<br />(If you need to show options, probably don't shift)","[10] (negativ, um es nach unten verschieben) <br /> (Machen Sie etwa eine halbe Bildhöhe Text zu zentrieren) <br /> (Wenn Sie Optionen zeigen müssen, wahrscheinlich nicht verschieben)"
"[10pt]/5pt (top/bottom), 5pt (left/right)","[10pt] / 5pt (oben / unten), 5pt (links / rechts)"
"[15pt] - Set larger to print a larger barcode","[15pt] - größer Stellen einen größeren Barcode zu drucken"
"[30] - Set to same as Sku X-Pos to print barcode under Sku","[30] - Auf gleiche wie Sku X-Pos Barcode unter ANR zu drucken"
"[blank]","[leer]"
"[Default = No]","[Default = No]"
"[Equal]","[Gleich]"
"[Invoice then Packing Sheet]","[Rechnung dann Verpackungsblatt]"
"[Italic]","[Kursiv]"
"[More than]","[Mehr als]"
"[No]","[Nein]"
"[No] : Default","[Kein Standard"
"[No] (No = Word-wrap)","[Nein] (No = Zeilenumbruch)"
"[No] If set to yes, gift messages will print with this font.","[Nein] Wenn auf yes gesetzt, Geschenk-Nachrichten werden mit dieser Schriftart gedruckt werden."
"[OpenSans]","[OpenSans]"
"[Packing Sheet then Invoice]","[Verpackungsblatt dann Rechnung]"
"[Partially: Lines top &amp; bottom]","[Teilweise: Die Linien oben & amp; Boden]"
"[price]","[Preis]"
"[qty]","[Menge]"
"[Regular]","[Regulär]"
"[sku]","[Sku]"
"[stock]","[Stock]"
"[Yes (from Magento)]","[Ja (von Magento)]"
"[Yes]","[Ja]"
"[Yes] : Default;","[Ja]: Standard;"
"[Yes] (Adds 'Included' to tax label)","[Ja] (Adds 'inklusive' zu Steuerbanderole)"
"[Yes] (No = Word-wrap)","[Ja] (No = Zeilenumbruch)"
"[Yes]<br />- If you have slightly 'dirty data' (eg. product names with linebreaks in) set this to yes.","[Ja] <br /> - (. ZB Produktnamen mit Zeilenumbrüchen in) Wenn Sie etwas "schmutzigen Daten 'ja' setzen."
"[Yes]<br />- If you have spreadsheet cells getting mixed up, check this is turned on.<br />- If set to Yes, set the spreadsheet importer to 'Fields de-limited by " character'.","[Ja] <br /> -. Wenn Sie Tabellenzellen haben duldet, überprüfen Sie diese Option aktiviert ist <br /> - Wenn Ja, stellen Sie den Tabellen Importeur "Fields de-begrenzt durch" Charakter "."
"&nbsp;&nbsp;Custom Value","& Nbsp; & nbsp; Benutzerdefinierte Wert"
"&nbsp;&nbsp;Value","& Nbsp; & nbsp; Wert"
"&nbsp;Eg. enter 'Captured amount' to not show authorize.net payments<br / >Separate multiple phrases by the pipe character: <b>|</b>","& Nbsp; Eg. Geben Sie "Captured Menge 'zu zeigen, nicht authorize.net Zahlungen <br /> Trennen Sie mehrere Sätze von der Pipe-Zeichen: <b> | </ b>"
"<b>Default Label dimensions (portrait):</b>","<B> Standard-Label Dimensionen (Hochformat): </ b>"
"<b>Label dimensions:250,200</b>","<B> Etikettenmaße: 250200 </ b>"
"<div class="column_config_section" style="width:60%!important">","<Div class = "column_config_section" style = "width: 60% wichtig">"
"<div class="column_config_section">","<Div class = "column_config_section">"
"<div class="column_config_section"><div class="column_config_para" style="margin-top: -12em;"><b>Structure:</b> <span class = "comment_code">{if X}</span><span class = "comment_code">{X}</span>,|<span  class = "comment_code">{/if}</span><br /><b>Can use these codes: </b><br /><span class = "comment_code">{prefix}</span><span  class = "comment_code">{name}</span><span class = "comment_code">{firstname}</span><span class = "comment_code">{lastname}</span><span  class = "comment_code">{suffix}</span><span class = "comment_code">{company}</span><span class = "comment_code">{street}</span><span  class = "comment_code">{city}</span><span class = "comment_code">{postcode}</span><span class = "comment_code">{country}</span><br />","<Div class = "column_config_section"> <div class = "column_config_para" style = "margin-top: -12em;"> <b> Struktur: </ b> <span class = "comment_code"> {if X} </ span> <span class = "comment_code"> {X} </ span>, | <span class = "comment_code"> {/ if} </ span> <br /> <b> Kann diese Codes verwenden: </ b > <br /> <span class = "comment_code"> {prefix} </ span> <span class = "comment_code"> {name} </ span> <span class = "comment_code"> {Vorname} </ span> <span class = "comment_code"> {Nachname} </ span> <span class = "comment_code"> {suffix} </ span> <span class = "comment_code"> {company} </ span> <span class = " comment_code "> {Straße} </ span> <span class =" comment_code "> {city} </ span> <span class =" comment_code "> {PLZ} </ span> <span class =" comment_code "> {Land } </ span> <br />"
"<div class="column_config_section"><div class="column_config_para" style="margin-top: -7.5em;"><b>Structure:</b> <span class = "comment_code">{Attribute A}</span>,<span class = "comment_code">{Attribute  B}</span>","<Div class = "column_config_section"> <div class = "column_config_para" style = "margin-top: -7.5em;"> <b> Struktur: </ b> <span class = "comment_code"> {Attribut A} < / span> <span class = "comment_code"> {Attribut B} </ span>"
"<div class="column_config_section"><div class="column_config_para" style="margin-top: -7.5em;"><b>Structure:</b> <span class = "comment_code">{if x}</span><span class = "comment_code">{x}</span>,|<span  class = "comment_code">{/if}</span><br /><b>Can use these codes: </b><br /><span class = "comment_code">{prefix}</span><span  class = "comment_code">{name}</span><span class = "comment_code">{firstname}</span><span class = "comment_code">{lastname}</span><span  class = "comment_code">{suffix}</span><span class = "comment_code">{company}</span><span class = "comment_code">{street}</span><span  class = "comment_code">{city}</span><span class = "comment_code">{postcode}</span><span class = "comment_code">{country}</span><br />","<Div class = "column_config_section"> <div class = "column_config_para" style = "margin-top: -7.5em;"> <b> Struktur: </ b> <span class = "comment_code"> {if x} < / span> <span class = "comment_code"> {x} </ span>, | <span class = "comment_code"> {/ if} </ span> <br /> <b> diese Codes verwenden können: </ b> <br /> <span class = "comment_code"> {prefix} </ span> <span class = "comment_code"> {name} </ span> <span class = "comment_code"> {Vorname} </ span > <span class = "comment_code"> {Nachname} </ span> <span class = "comment_code"> {suffix} </ span> <span class = "comment_code"> {company} </ span> <span class = "comment_code"> {Straße} </ span> <span class = "comment_code"> {city} </ span> <span class = "comment_code"> {PLZ} </ span> <span class = "comment_code"> { Land} </ span> <br />"
"<div class="column_config_section"><div class="column_config_para" style="margin-top: -7.5em;"><b>Structure:</b><br />","<Div class = "column_config_section"> <div class = "column_config_para" style = "margin-top: -7.5em;"> <b> Struktur: </ b> <br />"
"<div class="column_config_section"><div class="column_config_para">[No] Some couriers (like Royal Mail) require no accents in shipping labels.</div></div>","<Div class = "column_config_section"> <div class = "column_config_para"> [No] Einige Kuriere (wie Royal Mail) erfordern keine Akzente in Versandetiketten. </ Div> </ div>"
"<div class="column_config_section"><div class="column_config_para"><b>Structure:</b><br />","<Div class = "column_config_section"> <div class = "column_config_para"> <b> Struktur: </ b> <br />"
"<div class="column_config_section"><div class="column_config_para">eg. Put your country, then only overseas orders will have country added </div></div>","<Div class = "column_config_section"> <div class = "column_config_para"> zB. Setzen Sie Ihr Land, dann nur im Ausland Aufträge Land haben hinzugefügt </ div> </ div>"
"<div class="column_config_section"><div class="column_config_para">If your PDFs print with missing or tofu (<b style="font-size:200%;font-weight:100;display:inline;position:relative;top:5px;">&#9647;</b>) characters, set this to 'Yes'.<br/>Setting this to 'Yes' will make your PDFs about 0.4mb bigger.<br/>If that doesn't work for you: set 'Customise fonts' to 'Yes'; then set 'Use non-roman characters to 'Yes'; then try the other font families.</div></div>","<Div class = "column_config_section"> <div class = "column_config_para"> Wenn Sie Ihre PDF-Dateien drucken mit fehlenden oder Tofu (<b style = "font-size: 200%; font-weight: 100; display: inline; position: relative ; top: 5px; "> & # 9647; Wenn das </ b>) Zeichen, setzen Sie diese auf 'Ja' <br/> diese Einstellung auf 'Ja' wird Ihre PDF-Dateien über 0,4MB größer machen <br/>.. nicht für Sie arbeiten: Set 'Schriftarten Fertigen' auf 'Ja'; dann setzen "Verwenden Sie nicht-lateinische Zeichen auf" Ja "; dann versuchen, die anderen Schriftfamilien. </ div> </ div>"
"<div class="column_config_section"><div class="column_config_para">Set to the most prominent colour in your logo. [#8AC371]<br/>(Used for title borders).</div></div>","<Div class = "column_config_section"> <div class = "column_config_para"> Setzen Sie auf die prominenteste Farbe in Ihrem Logo. [# 8AC371] <br/> (verwendet für Titel Grenzen). </ Div> </ div>"
"<div class="column_config_section"><div class="column_config_para">Use this if you need a specific cutoff point (eg for labels) which the auto-cutoff is going over","<Div class = "column_config_section"> <div class = "column_config_para"> Verwenden Sie diese Option, wenn Sie einen bestimmten Cutoff-Punkt (zB für Etiketten) benötigen, die die automatische Abschaltung wird über"
"<img src="//moogento.com/logo/moogento_tinylogo.lp.png" alt="Moogento" width="20" style="vertical-align:bottom;margin-left:-1px;"/> MOOGENTO Extensions","<Img src = "// moogento.com/logo/moogento_tinylogo.lp.png" alt = "Moogento" width = "20" style = "vertical-align: bottom; margin-left: -1px;" /> MOOGENTO Extensions"
"18 Flag","18 Flag"
"2 places","2 Plätze"
"21 Flag","21 Flag"
"2a Shipmethod match","2a Shipmethod Spiel"
"2b Shipmethod match","2b Shipmethod Spiel"
"2c Shipmethod match","2c Shipmethod Spiel"
"2d Country negative match","2d Land negativ Spiel"
"2nd attribute?","2. Attribut?"
"2nd background image?","2. Hintergrundbild?"
"2nd Custom page title","2. Benutzerdefinierte Seitentitel"
"2nd Image file","2. Bilddatei"
"2nd Order attribute code","2. Ordnung Attribut Code"
"2nd Order custom attribute?","2. Ordnung benutzerdefinierte Attribute?"
"2nd page title","2. Seitentitel"
"2nd Sort by :","2. Sortieren nach:"
"2nd sort direction :","2. Sortierrichtung:"
"3 places","3 Plätze"
"3rd attribute?","3. Attribut?"
"4 places","4 Plätze"
"4th attribute?","4. Attribut?"
"Above address","Vor Adresse"
"According to the USPS all addresses should be capitalised to improve delivery time","Nach Angaben der USPS sollte alle Adressen aktiviert werden, Lieferzeit zu verbessern"
"According to the USPS all addresses should be capitalised to improve delivery time and accuracy","Nach Angaben der USPS sollte alle Adressen aktiviert werden, Lieferzeit und die Genauigkeit zu verbessern"
"Action Menu Options","Aktion Menüoptionen"
"Actual attribute code (eg: shelf)","Die tatsächlichen Attributcode (zB: Regal)"
"Add 'Packed by' note?","Add 'Verpackt durch "Anmerkung?"
"Add <b><a href="https://moogento.com/autocn22">autoCN22</a> Customs label?</b>","In <b> <a href="https://moogento.com/autocn22"> autoCN22 </a> Zoll Label? </ B>"
"Add 1 per line, exact attribute labels which you *don't* want to show","1 pro Zeile, genaue Attribut Etiketten, die Sie * nicht * wollen zeigen,"
"Add 2nd Order ID barcode?","In 2. Bestell-ID-Barcode?"
"Add 2nd shipping address?","In der 2. Lieferadresse?"
"Add 2nd shipping-type image?","In der 2. Versand-Typ Bild?"
"Add 3rd shipping-type image?","In der 3. Versand-Typ Bild?"
"Add a 2nd background image?","Fügen Sie einen zweiten Hintergrundbild?"
"Add a 2nd page title?","Fügen Sie einen zweiten Seitentitel?"
"Add a background image?","Fügen Sie ein Hintergrundbild?"
"Add a flat shipping address?","In eine flache Lieferadresse?"
"Add address label?","In Adressetikett?"
"Add an <b>autoCN22</b> page?","Fügen Sie ein <b> autoCN22 </ b> Seite?"
"Add an <b>order-summary</b> label?","Fügen Sie ein <b> Auftrags Zusammenfassung </ b> Label?"
"Add company address to header?","Eine Firma hinzufügen Adresse Header?"
"Add company address?","In Firmensitz?"
"Add fixed weight?","In festen Gewicht?"
"Add flare to gift messages?","Fügen Sie Aufflackern Geschenk-Nachrichten?"
"Add flat shipping address?","In flachen Lieferadresse?"
"Add full-page background image?","In ganzseitigen Hintergrundbild?"
"Add header logo?","In Header Logo?"
"Add image background to label?","Bild hinzufügen Hintergrund kennzeichnen?"
"Add letterhead?","In Briefpapier?"
"Add logo?","In Logo?"
"Add on right of SKU","Fügen Sie auf der rechten Seite von SKU"
"Add Order ID above address?","In Bestell-ID oben Adresse?"
"Add Order ID barcode?","In Bestell-ID-Barcode?"
"Add ordered qty to stock-needed qty?","In bestellte Menge an Lager benötigte Menge?"
"Add page background image?","Seite hinzufügen Hintergrundbild?"
"Add return address at bottom?","Fügen Sie Absender-Adresse unten?"
"Add return address?","In Rückkehr-Adresse?"
"Add shipping address at bottom?","Versandkosten-Adresse unten?"
"Add shipping label image?","Bild hinzufügen Versandetikett?"
"Add shipping label?","In Versandetikett?"
"Add shipping-type image?","Versandkosten-Typ Bild?"
"Add static text?","In statischen Text?"
"Add tax in order subtotal [Europe Standard]","In Steuern um Wert Ihrer [Europa Standard]"
"Add tax to number?","In Steuer-Nummer?"
"Add tax to product line subtotal [US Standard]","In Steuer-Produktlinie Wert Ihrer [US Standard]"
"Add tracking number as barcode?","Fügen Sie Tracking-Nummer als Barcode?"
"Add tracking number?","In Tracking-Nummer?"
"Address format","Adressformat"
"Address label : Color","Adressaufdruck: Farbe"
"Address label : Font","Adressaufdruck: Font"
"Address label : Size","Adressaufdruck: Größe"
"Address label : Style","Adressaufdruck: Stil"
"Address text","Adresse Text"
"Address text, Default","Adresse Text, Standard"
"Address text, Group 1","Adresse Text, Gruppe 1"
"Address text, Group 2","Adresse Text, Gruppe 2"
"Address text, Group 3","Adresse Text, Gruppe 3"
"Address-label Sheet Options","Adress-Etikett Blattoptionen"
"Adds a field for shipping methods that don't come from WSA Store Pickup","Fügt ein Feld für Versandarten, die von WSA Shop Pickup kommen nicht"
"Admin: Order-view PDF Invoice and Packing Sheet button?","Admin: Auftragsansicht PDF-Rechnung und Verpackungsblatt-Taste?"
"Admin: Order-view PDF Invoice button?","Admin: Auftragsansicht PDF-Rechnungs Taste?"
"Admin: Order-view PDF Packing Sheet button?","Admin: Auftragsansicht PDF Verpackungsblatt-Taste?"
"Admin: Order-view PDF Zebra Label button?","Admin: Auftragsansicht PDF Zebra Etiketten Taste?"
"Admin: Order-view Resend Email button?","Admin: Order-Ansicht erneut senden E-Mail-Taste?"
"Alert Flag","Alert-Flagge"
"Align text : center","Ausrichten von Text: center"
"Align text : left","Ausrichten von Text: links"
"All","Alle"
"All : non-interlaced <b>and</b> non-transparent .png","Alle: non-interlaced <b> und </ b> nicht-transparenten .png"
"Allow Customers to Make PDFs?","Lassen Sie Kunden zu PDF-Dateien machen?"
"Alternate row color","Alternative Zeilenfarbe"
"Alternate row in picklists","Alternate Zeile in Auswahllisten"
"Alternate, billing down, shipping up","Alternate, Abrechnung nach unten, Versand bis"
"Always override &amp; use courierRules Shipping Connector Label if available?","Immer überschreiben & amp; courierRules Versand-Connector Etikett, wenn diese verfügbar?"
"Amount to add","Betrag hinzufügen"
"Angle Text","Angle Text"
"Angled Ribbon","abgewinkelt Band"
"Applies to Packing Sheets and Invoices, in the section which shows shipping method etc.","Gilt für Verpackungsblätter und Rechnungen im Abschnitt, die Versandart usw. zeigt"
"Ascending","Aufsteigend"
"Attr.(1) Xpos","Attr. (1) Xpos"
"Attr.(2) Xpos","Attr. (2) Xpos"
"Attr.(3) Xpos","Attr. (3) Xpos"
"Attr.(4) Xpos","Attr. (4) Xpos"
"Attribute 1","Attribut 1"
"Attribute 2","Attribut 2"
"Attribute 3","Attribut 3"
"Attribute 4","Attribut 4"
"Attribute code","Attributcode"
"Attribute code (eg. for shelving info, maybe you have an attribute: shelf)<br /><b>You need to have created this attribute, and assigned values for each product for it to work!</b>","Attribut-Code (. ZB für Info Regale, vielleicht haben Sie ein Attribut: Regal) <br /> <b> Sie müssen dieses Attribut erstellt haben, und zugeordneten Werte für jedes Produkt für sie zu arbeiten </ b>!"
"Attribute code 1:","Attributcode 1:"
"Attribute code 2:","Attribut Code 2:"
"Attribute code 3:","Attributcode 3:"
"Attribute code 4:","Attribut Code 4:"
"Attribute code 5:","Attributcode 5:"
"Attribute code for shelving info; eg. shelf","Attribut-Code für Info-Regal; z.B. Regal"
"Attribute code for supplier data; Default: supplier","Attribut-Code für Lieferantendaten; Standard: Lieferant"
"Attribute code; eg. shelf","Attribut-Code; z.B. Regal"
"Attribute codes?","Attribut-Codes?"
"Attribute column title","Attribut Spaltentitel"
"Attribute to show","Attribut zu zeigen,"
"Attribute to sort by :","Attribut zu sortieren nach:"
"Attribute to use as product name","Attribut als Produktnamen zu verwenden,"
"Auto description 1","Auto Beschreibung 1"
"Auto description 3","Auto Beschreibung 3"
"Auto Processing","Auto Processing"
"Automatic action :","Automatische Aktion:"
"Automatic action #2:","Automatische Aktion # 2:"
"Automatic action #3:","Automatische Aktion # 3:"
"Automation Connection","Automation-Verbindung"
"Background Image","Hintergrundbild"
"Background image position","Hintergrund Bildposition"
"Background image?","Hintergrundbild?"
"barcode : Font","Barcode: Font"
"barcode font size","Barcode-Schriftgröße"
"barcode Font Size (Orders)","Barcode-Schriftgröße (Orders)"
"barcode Font Size (Products)","Barcode-Schriftgröße (Produkte)"
"barcode font-size","Barcode-font-size"
"barcode size","Barcode-Größe"
"barcode X-pos.","Barcode-X-pos."
"Because the Order currency is different from the Store currency, the conversion from","Da die Auftragswährung unterscheidet sich von der Store Währung, die Umwandlung von"
"Beside address","Neben Adresse"
"Billing address position","Rechnungsadresse Position"
"Billing address posititon","Rechnungsadresse posititon"
"Billing address title","Rechnungsadresse Titel"
"Bkg","Bkg"
"Blank = #000000 (#HEX colour code)","Blank = # 000000 (#hex Farbcode)"
"Blank box image","Blank box image"
"Bold","Fett gedruckt"
"Bold 'Extra shipping details' labels?","Bold Extra Versanddetails 'Etiketten?"
"Bold italic","Fett Kursiv"
"Bold last line in page-base shipping addresses?","Bold letzte Zeile in Seite-Basis Lieferadressen?"
"Bold last line in page-top shipping addresses?","Bold letzte Zeile in Seite-Top-Lieferadressen?"
"Bold product name?","Bold Produktnamen?"
"Border color","Randfarbe"
"Bottom of page","Seitenende"
"Box 1 Image","Box 1 Bild"
"Box 2a Image (Store Pickup)","Box 2a Bild (Store Pickup)"
"Box 2b Image (Express Mail)","Box 2b Bild (Express Mail)"
"Box 2c Image (Priority International)","Box 2c Bild (Priority International)"
"Box 2d Image (Standard International)","Box 2D-Bild (Standard International)"
"Box 3 Image","Box 3 Bild"
"Box count estimation?","Box zählen Schätzung?"
"Bring up top address?","Rufen Sie Top-Adresse?"
"Buttons for PDFs","Tasten für PDFs"
"By default we output ANSI, which works well for Windows machines and special characters.<br >If you need UTF-8, just choose that here","Standardmäßig geben wir ANSI, die auch für Windows-Rechner und Sonderzeichen funktioniert. <br> Wenn Sie UTF-8 müssen, wählen Sie einfach, dass hier"
"By Height","Durch die Höhe"
"By Width","Durch die Breite"
"Calculate line totals by:","Berechnen Zeilensummen von:"
"Callout colour","Callout Farbe"
"Can be handy to reduce customer support - eg. set to a custom Processing status of 'Packing your order now'","Kann sein handliches Kunden-Support zu reduzieren - zB. auf einen benutzerdefinierten Bearbeitungsstatus von 'jetzt Ihre Bestellung Verpackung'"
"Cancel?","Stornieren?"
"Capitalise shipping labels?","Profitieren Versandetiketten?"
"Category translation","Kategorie Übersetzung"
"Center values?","-Center-Werte?"
"Centered in page","Mittig Seite"
"Centered in product list","in der Produktliste Centered"
"Change order status","Ändern Sie den Auftragsstatus"
"Change the layout of shipping addresses","Ändern des Layouts von Lieferadressen"
"Change to status:","Wechseln Sie in Status:"
"Check for gift message?","Überprüfen Sie für Geschenk Nachricht?"
"Clear Cached Images in pickPack","Klar Cached Bilder in pickPack"
"Code","Code"
"Color","Farbe"
"Color attribute","Farbe Attribut"
"Color X-pos.","Farbe X-pos."
"Column mapping","Spaltenzuordnung"
"Columns Y-X-pos.","Spalten Y-X-pos."
"Combine attribute?","Combine zuschreiben?"
"Combine custom attributes under product line?","Kombinieren Sie benutzerdefinierte Attribute unter Produktlinie?"
"Combine custom product attributes under the product line?","Kombinieren Sie individuelle Produkteigenschaften unter der Produktlinie?"
"Combine pdfs","Kombinieren Sie pDF-Dateien"
"Combine product line details?","Kombinieren Sie Details Produktlinie?"
"Combine the custom attributes listed below?","Kombinieren Sie die benutzerdefinierte Attribute unten aufgeführt?"
"Combined Attributes Xpos","Kombinierte Attribute Xpos"
"Combined Packing Sheet/Invoice' grouped by Order ID?","Kombinierte Verpackungsblatt / Rechnung "gruppiert nach Bestell-ID?"
"Combined pdfs?","Kombinierte pdfs?"
"Comma separated top,bottom widths (eg 1,2)","Eine durch Kommata getrennte oben, unten Breiten (zB 1,2)"
"Comma-separated list of customer group names where you don't want the group name","Kommagetrennte Liste von Kundengruppennamen in dem Sie den Namen der Gruppe nicht wollen"
"Comma-separated list of SKUs to *not* show","Kommagetrennte Liste von SKUs * nicht * zeigen"
"Comma-separated list of SKUs to *not* show a count for","Kommagetrennte Liste von SKUs * nicht * eine Zählung zeigen für"
"Comments","Bemerkungen"
"Company address","Firmenanschrift"
"Company address : Color","Firmenanschrift: Farbe"
"Company address : Font","Firmenanschrift: Font"
"Company address : Size","Firmenanschrift: Größe"
"Company address : Style","Firmenanschrift: Style"
"Company address, Default","Firmenadresse, Standard"
"Company address, Group 1","Firmenadresse, Gruppe 1"
"Company address, Group 2","Firmenadresse, Gruppe 2"
"Company address, Group 3","Firmenadresse, Gruppe 3"
"Condition","Bedingung"
"Configurable product name","Konfigurierbare Produktnamen"
"Cost (base) to (display) exchange rate","Kosten (Base) (Display) Wechselkurs"
"Cost currency prefix","Kosten Währung Präfix"
"Cost multiplier","kosten~~POS=TRUNC"
"Cost subtotal?","Kosten Zwischensumme?"
"courierRules Method","courierRules Methode"
"courierRules method?","courierRules Methode?"
"courierRules Shipping Method","courierRules Versandart"
"CSV (Order-combined Products)","CSV (Order-kombinierte Produkte)"
"CSV (Order-combined Products) Options","CSV (Order-Produkte kombiniert) Optionen"
"CSV (Order-combined Products)?","CSV (Order-kombinierte Produkte)?"
"CSV (Order-separated Products)","CSV (Order getrennte Produkte)"
"CSV (Order-separated Products) Options","CSV (Order-Produkte getrennt) Optionen"
"CSV (Order-separated Products)?","CSV (Order-getrennte Produkte)?"
"CSV (Orders)","CSV (Orders)"
"CSV (Orders) Options","CSV (Orders) Optionen"
"CSV (Orders)?","CSV (Orders)?"
"CSV field separator","CSV-Feld-Trenn"
"CSV output encoding","CSV-Ausgabecodierung"
"CSV/XML (Cargo Manifest)","CSV / XML (Manifest)"
"CSV/XML (Cargo Manifest)?","CSV / XML (Manifest)?"
"Custom","Brauch"
"Custom Attribute","Custom Attribute"
"Custom attribute (1)","Benutzerdefinierte Attribut (1)"
"Custom attribute (2)","Benutzerdefinierte Attribut (2)"
"Custom attribute (3)","Benutzerdefinierte Attribut (3)"
"Custom attribute (4)","Benutzerdefinierte Attribut (4)"
"Custom CSV field separator","Benutzerdefinierte CSV Feldtrenn"
"Custom font file","Benutzerdefinierte Schriftdatei"
"Custom image","Benutzerdefinierte Bild"
"Custom Message : Background Color","Benutzerdefinierte Nachricht: Hintergrundfarbe"
"Custom Message : Color","Benutzerdefinierte Nachricht: Farbe"
"Custom Message : Font","Benutzerdefinierte Nachricht: Schrift"
"Custom Message : Size","Benutzerdefinierte Nachricht: Größe"
"Custom Message : Style","Benutzerdefinierte Nachricht: Style"
"Custom message under product list?","Benutzerdefinierte Nachricht unter Produktliste?"
"Custom options column title","Benutzerdefinierte Optionen Spaltentitel"
"Custom Order Attribute","Custom Order Attribut"
"Custom page title","Benutzerdefinierte Seitentitel"
"Custom product attribute code (eg: shelf)","Kundenspezifische Produktattribut-Code (zB: Regal)"
"Custom product attribute?","Kundenspezifische Produkt zuschreiben?"
"Custom text image","Benutzerdefinierte Textbild"
"Custom text under product list?","Benutzerdefinierte Text unter Produktliste?"
"Custom Value","Benutzerdefinierte Wert"
"Custom weight fields?","Benutzerdefinierte Felder Gewicht?"
"Custom weightbased count?","Benutzerdefinierte weightbased Zahl?"
"Custom Weightbased label?","Benutzerdefinierte Weightbased Label?"
"Custom Weightbased text?","Benutzerdefinierte Weightbased Text?"
"Customer Address X-pos.","Kundenadresse X-pos."
"Customer attribute code","Kundenattributcode"
"Customer Comments","Kunden-Kommentare"
"Customer custom attribute?","Kunden benutzerdefinierte Attribut?"
"Customer Email","Kunden-eMail"
"Customer Email?","Kunden-eMail?"
"Customer group?","Kundengruppe?"
"Customer ID (Footer) X-pos.","Kundennummer (Footer) X-pos."
"Customer ID X-pos.","Kundennummer X-pos."
"Customer ID?","Kundennummer?"
"Customer name X-pos.","Kundenname X-pos."
"Customer VAT title","Kunden MwSt Titel"
"Customer: Change "Print Invoice" to "PDF Invoices"?","Kunde: Change "Rechnung drucken" auf "PDF Rechnungen"?"
"Customer: Change "Print Order" to "PDF Invoices"?","Kunde: Change "Druckauftrag" auf "PDF Rechnungen"?"
"Customer: PDF Invoice button?","Kunde: PDF-Rechnung-Taste?"
"Customer: PDF Packing Sheet button?","Kunde: PDF Verpackungsblatt-Taste?"
"Customise 'Packed by' text","Fertigen 'Verpackt durch' text"
"Customise fonts/colours?","Fertigen Schriften / Farben?"
"Customize page title?","Passen Sie Seitentitel?"
"Date format","Datumsformat"
"Date printed?","Druckdatum?"
"Day","Tag"
"Deadline text","Termin Text"
"Deadline text / date?","Termin Text / Datum?"
"Default","Standard"
"Default : Yes","Standard: Ja"
"Default (Use standard)","Standard (Verwenden Sie Standard)"
"Default (Use Total Price Xpos)","Standard (Use Gesamtpreis Xpos)"
"Default (Use total prixe Xpos)","Standard (Verwendung insgesamt prixe Xpos)"
"Default top-right; eg. 'Invoice'","Standard oben rechts; z.B. 'Rechnung'"
"Default top-right; eg. 'Packing Sheet'","Standard oben rechts; z.B. "Verpackungsblatt""
"Default:","Standard:"
"Default: -230,-210","Standard: -230, -210"
"Default: ,","Standard: ,"
"Default: 'OK'","Standard: 'OK'"
"Default: 'OK' -->","Standard: 'OK' ->"
"Default: "Payment due "","Default: "Zahlung fällig""
"Default: {blank}","Standard: {leer}"
"Default: #DDDDDD","Standard: #DDDDDD"
"Default: #FFFFFF","Standard: #FFFFFF"
"Default: 0<br />Eg. 21.6700 @ 0 = 22; @ 1 = 21.7; @ 2 = 21.67; @ -1 = 20","Standard: 0 <br /> Eg. 21,6700 @ 0 = 22; @ 1 = 21,7; @ 2 = 21,67; @ -1 = 20"
"Default: 1<br />Eg. Change the display cost to match your actual end costs","Default: 1 <br /> Eg. Ändern Sie die Anzeige Kosten Ihrer tatsächlichen Endkosten anzupassen"
"Default: 1<br />Eg. kg -> lb = 2.2046; lb -> kg = 0.4536","Default: 1 <br /> Eg. kg -> lb = 2,2046; lb -> kg = 0,4536"
"Default: 1<br />Eg. your base currency is USD, your manifest display currency is GBP : enter the exchange rate multiplier for USD -> GBP","Default: 1 <br /> Eg. Ihre Basiswährung ist USD, Manifest Anzeigewährung GBP: Der Wechselkurs-Multiplikator für USD eingeben -> GBP"
"Default: 100","Standard: 100"
"Default: 13pt/5pt (top/bottom), 5pt (left/right)","Standard: 13pt / 5pt (oben / unten), 5pt (links / rechts)"
"Default: 17","Standard: 17"
"Default: 185","Standard: 185"
"Default: 2 [1.1256 becomes 1.13]","Standard: 2 [1,1256 wird 1.13]"
"Default: 2<br />Eg. 21.6700 @ 0 = 22; @ 1 = 21.7; @ 2 = 21.67; @ -1 = 20","Standard: 2 <br /> Eg. 21,6700 @ 0 = 22; @ 1 = 21,7; @ 2 = 21,67; @ -1 = 20"
"Default: 200","Standard: 200"
"Default: 22pt (top/bottom), 30pt (left/right)","Standard: 22pt (oben / unten), 30pt (links / rechts)"
"Default: 25","Standard: 25"
"Default: 25 -->","Standard: 25 ->"
"Default: 25, 25 (can leave one blank)","Standard: 25, 25 (kann man leer lassen)"
"Default: 250","Standard: 250"
"Default: 250, 100. Need to select [Yes] on "Show order gift message" or "Show product gift message".","Standard: 250, 100. Sie benötigen, um [Ja] auf "Show bestellen Geschenk Nachricht" oder "Produkt anzeigen Geschenk Nachricht"."
"Default: 250, 100. Need to select yes on "Show order gift message" or "Show product gift message"","Standard: 250, 100. Sie benötigen ja auf "Show bestellen Geschenk Nachricht" zu wählen oder "Produkt anzeigen Geschenk Meldung""
"Default: 250x182","Standard: 250x182"
"Default: 3","Standard: 3"
"Default: 350","Standard: 350"
"Default: 380","Standard: 380"
"Default: 40","Standard: 40"
"Default: 400","Standard: 400"
"Default: 420","Standard: 420"
"Default: 450","Standard: 450"
"Default: 460","Standard: 460"
"Default: 475","Standard: 475"
"Default: 480","Standard: 480"
"Default: 50","Standard: 50"
"Default: 500","Standard: 500"
"Default: 520","Standard: 520"
"Default: 5pt (top/bottom), 5pt (left/right)","Standard: 5pt (oben / unten), 5pt (links / rechts)"
"Default: 5pt/5pt (top/bottom), 5pt/5pt (left/right)","Standard: 5pt / 5pt (oben / unten), 5pt / 5pt (links / rechts)"
"Default: 67","Standard: 67"
"Default: 8","Standard: 8"
"Default: 80","Standard: 80"
"Default: backordered","Standard: nachbestellen"
"Default: Bold","Standard: Bold"
"Default: center","Standard: Zentrum"
"Default: Code128","Standard: Code128"
"Default: codes","Standard: Codes"
"Default: Empty","Standard: Leer"
"Default: Grand Total","Standard: Endsumme"
"Default: ID","Standard: ID"
"Default: ID -->","Standard: ID ->"
"Default: invoice_","Standard: invoice_"
"Default: invoice+packing-sheet_","Standard: Rechnung + Pack sheet_"
"Default: items","Standard: Artikel"
"Default: Left (if right, turn off barcodes, addresses; if full-width no company","Standard: Links (wenn rechts, schalten Sie Barcodes, Adressen, wenn in voller Breite kein Unternehmen"
"Default: M j, Y . Format this according to www.php.net/date","Standard: M j, Y. Format Dieses nach www.php.net/date"
"Default: Method B","Standard: Methode B"
"Default: name","Standard: Name"
"Default: order-combined_","Standard: Auftrags combined_"
"Default: order-separated_","Standard: Auftrags separated_"
"Default: out-of-stock-list_","Standard: Out-of-Stock-list_"
"Default: packing-sheet_","Standard: Pack sheet_"
"Default: Phone","Standard: Telefon"
"Default: Phone -->","Standard: Telefon ->"
"Default: product-separated_","Standard: Produkt-separated_"
"Default: pt (top/bottom), pt (left/right)","Standard: pt (oben / unten), pt (links / rechts)"
"Default: Qty","Standard: Menge"
"Default: Qty -->","Standard: Menge ->"
"Default: Ship to:","Standard: Ship to:"
"Default: Shipping","Standard: Versand"
"Default: Simple product name","Standard: Einfach Produktnamen"
"Default: Source","Standard: Source"
"Default: Subtotal","Standard: Teilsumme"
"Default: tax","Standard: Steuer"
"Default: total","Standard: Gesamt"
"Default: USD","Standard: USD"
"Default: VAT Rateable","Standard: Mehrwertsteuer bewertbar"
"Default: warehouse","Standard: Lager"
"Default: Y_m_d . Format this according to www.php.net/date","Standard: Y_m_d. Format Dieses nach www.php.net/date"
"Default: Zero-rated","Standard: Null bewertet"
"Default:7","Standard: 7"
"Default: No","Standard: Nein"
"Default: Yes","Standard: Ja"
"Depends on your stock management system","Abhängig von Ihrem Lager-Management-System"
"Descending","Absteigend"
"Detailed CC info?","Detaillierte CC Informationen?"
"Dimensions","Maße"
"Dimensions : 'Label width' x 'Label height' @ 300dpi : non-interlaced and non-transparent .png","Maße: 'Label width' x 'Etikettenhöhe "@ 300 dpi: non-interlaced und nicht transparenten .png"
"Dimensions 180<b style="color:red;">pt</b> x 120<b style="color:red;">pt</b> @ 300dpi : non-interlaced <b>and</b> non-transparent .png","Abmessungen 180 <b style = "color: red;"> pt </ b> x 120 <b style = "color: red;"> pt </ b> @ 300 dpi: non-interlaced <b> und </ b> nicht transparenten .png"
"Dimensions 540<b style="color:red;">pt</b>(A4)|562<b style="color:red;">pt</b>(US Letter) x 1-200<b style="color:red;">pt</b> @ 300dpi : non-interlaced <b>and</b> non-transparent .png","540 Abmessungen <b style = "color: red;"> pt </ b> (A4) | ​​562 <b style = "color: red;"> pt </ b> (US-Letter) x 1-200 <b style = "color: red;"> pt </ b> @ 300 dpi: non-interlaced <b> und </ b> nicht-transparenten .png"
"Dispatch Date?","Versanddatum?"
"Don't count these custom option SKUs :","Dieses Gerät ist nicht benutzerdefinierte Option SKUs zählen:"
"Double-line spacing?","Doppel-Zeilenabstand?"
"Double-up this barcode?","Doppel-up dieser Barcode?"
"Drink Flag","Trinken Flagge"
"E: ","E:"
"Eg. nudge it up off integrated labels","Z.B. Schubs es aus integrierten Etiketten"
"eg. put 'wholesale', then only wholesale customers will see 'Message B'","z.B. setzen "Großkunden", dann nur Großkunden sehen 'Message B'"
"eg. put your country, then only overseas orders will have country added","z.B. setzen Sie Ihr Land, dann nur im Ausland Aufträge haben Land hinzugefügt"
"Eg. shelving info","Z.B. Regale info"
"Email: Body","E-Mail: Body"
"Email: Send To","E-Mail: Senden an"
"Email: Sender","E-Mail: Absender"
"Email: Subject","E-Mail Betreff"
"Enable auto processing?","Aktivieren Sie die automatische Verarbeitung?"
"Enter your license key here","Geben Sie Ihre Lizenzschlüssel hier"
"Exactly position shipping detail (eg. for envelope window)","Genau Position Versand Detail (z. B. für Umschlag Fenster)"
"Exactly position top address (eg. for envelope window)","Genau positionieren Top-Adresse (z. B. für Umschlag Fenster)"
"Export","Export"
"Export: Path","Export: Pfad"
"Extra attribute position","Zusätzliche Attributposition"
"F: ","F:"
"File Path","Dateipfad"
"Fill Bars?","Füllen Sie Bars?"
"Fill bkg comments box ?","Füllen Sie BKG Kommentarfeld?"
"Fill columns titlebar?","Füllen Sie Spalten titlebar?"
"Filter again?","Filter wieder?"
"Filter by supplier?","Filter nach Anbieter?"
"Filter items again?","Filter Artikel wieder?"
"Filter items by status?","Filter Artikel nach Status?"
"Filter items?","Filter Artikel?"
"Filter order notes?","Filter, um Notizen?"
"Filter out some options?","Filtern einige Optionen?"
"Filter out some?","Filtern einige?"
"Filter out these attributes","Filtern diese Attribute"
"Filter out these custom option SKUs :","Filtern diese benutzerdefinierten Option SKUs:"
"Filter shipped items?","Filter Artikel versandt?"
"Filter text","Filtertext"
"Filter text (don't show notes containg this text)","Filtertext (nicht zeigen Notizen containg diesen Text)"
"Filter?","Filter?"
"Filter/Split which PDFs?","Filter / Split die PDF-Dateien?"
"Filters: Order-separated PDFs, Order-combined PDFs","Filter: Auftrags getrennt PDFs, Bestell-Kombination PDFs"
"First Name","Vorname"
"First order starts at","Erster Auftrag beginnt bei"
"Fix Subtotals to page base","Fix Subtotals auf Seite Basis"
"Flat-address font size","Flach Adresse Schriftgröße"
"Font","Schriftart"
"Font size","Schriftgröße"
"Font size (Product Lines)","Schriftgröße (Produktlinien)"
"Font size (Return address)","Schriftgröße (Return-Adresse)"
"Font size (Shipping address)","Schriftgröße (Versandadresse)"
"For all customer group types","Für alle Kundengruppentypen"
"For any customer group containing filter word","Für jede Kundengruppe enthält Filterwort"
"For configurable products, show:","Für konfigurierbare Produkte, zeigen:"
"For custom minimum stock levels for specific SKUs, set like this:","Für kundenspezifische Mindestbestände für bestimmte SKUs, wie folgt festgelegt:"
"For full-page sharp backgrounds, upload images with dimensions  595<b style="color:red;">pt</b> x 842<b style="color:red;">pt</b> (A4), or 612<b style="color:red;">pt</b> x 792<b style="color:red;">pt</b> (Letter)","Für ganzseitige scharfe Hintergründe, Bilder hochladen mit den Maßen 595 <b style = "color: red;"> pt </ b> x 842 <b style = "color: red;"> pt </ b> (A4), oder 612 <b style = "color: red;"> pt </ b> x 792 <b style = "color: red;"> pt </ b> (Letter)"
"For Internal Print Flags use "0" to avoid duplicate printing","Für internen Druck Flags verwenden "0" Duplikat beim Drucken zu vermeiden"
"Force gift message font?","Force-Geschenk Nachricht Schriftart?"
"Format product options?","Format Produktoptionen?"
"Format product?","Format Produkt?"
"FTP host","FTP-Host"
"FTP password","FTP-Passwort"
"FTP port","FTP-Port"
"FTP remote path","FTP-Remote-Pfad"
"FTP user","FTP-Benutzer"
"Full height of each label (default 168pt)","Volle Höhe jedes Etiketts (default 168pt)"
"Full height of each label (default 432pt)","Volle Höhe jedes Etiketts (default 432pt)"
"Full Page Width","Ausführliche Breite"
"Full width of each label (default 190pt)","Volle Breite jedes Etiketts (default 190pt)"
"Full width of each label (default 288pt)","Volle Breite jedes Etiketts (default 288pt)"
"Gallery Images (Max 2)","Galerie Bilder (Max 2)"
"General : CSV","Allgemein: CSV"
"General : PDF","Allgemein: PDF"
"General Options","Allgemeine Optionen"
"Germany CN22 Label Image","Deutschland CN22 Bild beschriften"
"Gift card","Geschenkkarte"
"Gift message","Geschenk-Nachricht"
"Gift Message : Background Color","Geschenk Nachricht: Hintergrundfarbe"
"Gift Message : Color","Geschenk Nachricht: Farbe"
"Gift Message : Font","Geschenk Nachricht: Schrift"
"Gift Message : Size","Geschenk Nachricht: Größe"
"Gift Message : Style","Geschenk Nachricht: Style"
"Gift wrap","Geschenkpapier"
"Goes at page base - good for integrated labels","Geht auf Seite Basis - gut für integrierte Etiketten"
"Goes at page base - handy for QC","Geht auf Seite Basis - praktisch für QC"
"Goes on the right of the header logo","Geht auf der rechten Seite des Kopf logo"
"Goes on the top-left of the page","Geht auf der oberen linken Rand der Seite"
"Good for 3-part integrated labels, eg. for peel-off address records","Geeignet für 3-teilige integrierte Etiketten, zum Beispiel. für Peel-off-Adresseinträge"
"Good for a footer image","Gut für eine Fußzeile Bild"
"Good for integrated labels","Gut für integrierte Etiketten"
"Good for tax numbers, return instructions","Gut für Steuernummern, Anweisungen für die Rückgabe"
"Good for things like tear-off labels, or adding to the return address abel to make it a 'Returns Label'","Gut für Dinge wie Abreißetiketten, oder indem auf die Rücksendeadresse abel es ein "Returns Label 'zu machen,"
"Grand Total (from Magento)?","Gesamtsumme (von Magento)?"
"Grey out products from other suppliers","Grau out-Produkte von anderen Anbietern"
"Group by Category?","Gruppe nach Kategorie?"
"Group With Other Prints","Gruppe mit anderen Drucke"
"Header logo","Header logo"
"Hide if gift order?","Ausblenden, wenn Geschenkauftrag?"
"Hide prices if a gift order?","Verbergen Preise, wenn ein Geschenk bestellen?"
"Hide product option labels?","Ausblenden Produktoption Etiketten?"
"Hide products from other suppliers","Ausblenden Produkte von anderen Anbietern"
"Hide Shipping Method for Store-Pickup orders?","Ausblenden Versandart für Shop-Pickup Aufträge?"
"Hide supplier attribute column?","Ausblenden Lieferant Spalte Attribut?"
"Hide these groups :","Ausblenden, diese Gruppen:"
"Hide this 'country name'","Ausblenden dieses "Land Name '"
"Hide this 'country name' :","Ausblenden dieses "Land Name ':"
"Hide this' country name' :","Ausblenden dieses "Land Name ':"
"Hide Virtual and Downloadable products from PDFs?","Ausblenden Virtuelle und herunterladbare Produkte von PDF-Dateien?"
"Hide zero discount value?","Ausblenden Null Rabattwert?"
"Hide zero shipping value?","Ausblenden Null Versand Wert?"
"Hide zero tax value?","Ausblenden Null Steuerwert?"
"High-res","Hochauflösend"
"high-res/low-res?","high-res / low-res?"
"High/Low Resolution?","High / Low Auflösung?"
"Hold?","Halten?"
"Holland CN22 Label Image","Holland CN22 Bild beschriften"
"Horizontal bars : Background Color","Horizontale Balken: Hintergrundfarbe"
"Ie. if you want them listed together and not in separate columns","Dh. wenn Sie wollen, zusammen aufgeführt und nicht in separaten Spalten"
"If 'Yes' this won't include items which have been marked as shipped.","Falls "Ja" wird dies nicht enthalten Artikel, die als versendet markiert wurden."
"If child image missing, show parent?","Wenn das Kind Bild fehlt, zeigen Elternteil?"
"If set to Yes, after an order has been printed, you can only re-print it from inside the Order Detail page.<br />The aim is to avoid shipping the same order multiple times by mistake.","Wenn auf Ja gesetzt, nachdem ein Auftrag gedruckt wurde, können Sie nur dann neu zu drucken aus dem Inneren der Order Detail Seite. <br /> Das Ziel versehentlich mehrmals den Transport der gleichen Reihenfolge zu vermeiden ist."
"If supplier 'logged in', do what with other suppliers products?","Wenn Lieferanten angemeldet ", das tun, was mit anderen Anbietern Produkte?"
"If you get long addresses that spill over the edge of your label, set this number to force a linebreak","Wenn Sie lange Adressen erhalten, die über den Rand des Etiketts verschütten, setzen Sie diese Zahl mit einem Zeilenumbruch zu erzwingen"
"If you ship a lot of single items, this can help alert your shipping staff that","Wenn Sie eine Menge von Einzelposten versenden, kann dies helfen, Ihre Lieferpersonal alarmieren, dass"
"If you ship a lot of single items, this can help alert your shipping staff that there's more than one!","Wenn Sie eine Menge von Einzelposten versenden, kann dies helfen, Ihre Lieferpersonal alarmieren, dass es mehr als eine!"
"If you're using shipEasy, and have setup any of the 3 custom flag columns, you can show the value.","Wenn Sie shipEasy verwenden und haben Setup Spalten jede der drei benutzerdefinierten Flagge, können Sie den Wert."
"Image behind return address?","Bild hinter Rücksendeadresse?"
"Image behind ship address?","Bild hinter Schiffsadresse?"
"Image border color","Bildrahmenfarbe"
"Image file","Bilddatei"
"Image nudge","Bild Schubs"
"Image position nudge","Bildposition Schubs"
"Images column title","Bilder Spaltentitel"
"Import","Einführen"
"In positionable box (handy for tear-off labels)","In positionierbaren Box (praktisch für Abreißetiketten)"
"Incl.","Inkl."
"Include customer phone in addresses?","Fügen Sie Kundentelefon in Adressen?"
"Include discount?","Fügen Sie Rabatt?"
"Include discounts in product line price","Fügen Sie Rabatte in Produktlinie Preis"
"Include Order ID in filename for single page print?","Fügen Sie Bestell-ID in den Dateinamen für das Drucken einzelner Seiten?"
"Include Order ID in filename for single page prints?","Fügen Sie Bestell-ID in den Dateinamen für einzelne Seite gedruckt wird?"
"Include order notes?","Fügen Sie, um Notizen?"
"Include shipping country in addresses?","Fügen Versand Land in Adressen?"
"Include tax in 'Shipping'?","Fügen Sie Steuern in "Versand"?"
"Include Tax in Price?","Fügen Sie Steuern in Preis?"
"Include Tax in Shipping Price?","Fügen Sie Steuern in Versandkosten?"
"Include tax in value?","Fügen Sie Steuern in Wert?"
"Include tax?","Enthalten Steuer?"
"Installation Server","Installations-Server"
"Invert some of the title colors...","Kehren Sie einige der Titel Farben ..."
"Invoice Address","Rechnungsanschrift"
"Invoice Date","Rechnungsdatum"
"Invoice ID?","Rechnungs-ID?"
"Invoice Number","Rechnungsnummer"
"Invoice Options","Rechnungsoptionen"
"Invoiced Date","Die fakturierten Datum"
"Is this included in the Subtotal?","Ist das in der Teilsumme enthalten?"
"Italic","Kursiv"
"Item Count","Artikel Graf"
"Items column title","Artikel Spaltentitel"
"Items count?","Artikel zählen?"
"Label","Etikette"
"Label height","Etikettenhöhe"
"Label margins","Label-Margen"
"Label Nudge","Label-Nudge"
"Label padding","Label-Polsterung"
"Label width","Etikettenbreite"
"Layout template","Layout-Vorlage"
"License","Lizenz"
"License Key","Lizenzschlüssel"
"Line above fixed footer image?","Linie oben fest Fußzeile Bild?"
"Line widths","Linienbreiten"
"Lock image to page base?","Sperren Bild auf Seite Basis?"
"Logo position","Logo Position"
"Low-res","Niedrige Auflösung"
"Magento Order ID","Magento Bestell-ID"
"Main Image","Hauptbild"
"Makes gift orders a bit happier-looking by adding a special image on the message box.","Macht Geschenk Aufträge ein bisschen glücklicher aussehende durch ein spezielles Bild auf dem Meldungsfeld hinzuzufügen."
"Manual description 1","Manuelle Beschreibung 1"
"Margin (from right)","Margin (von rechts)"
"Margin (from right) for flat-address","Margin (von rechts) für Flat-Adresse"
"Marketplace Order ID","Markt Bestell-ID"
"Match shipping description :","Wer passt Verschiffen Beschreibung:"
"Match text:","Spiel Text:"
"Max address width (pt)","Max Adresse Breite (pt)"
"Max dimensions","Max Dimensionen"
"Max weight per box","Max Gewicht pro Karton"
"Max width","maximale Breite"
"Messages","Nachrichten"
"Middle of page","Mitte Seite"
"Min. weight to hide shipment method and put 'Pallet'","Minute Gewicht Versandmethode zu verstecken und setzen 'Pallet'"
"Minimum stock qty","Mindest Lagerbestand"
"Moogento","Moogento"
"Moogento pickPack","Moogento pickPack"
"Moogento pickPack : CSV (Order-combined Products)","Moogento pickPack: CSV (Order-Produkte kombiniert)"
"Moogento pickPack : CSV (Order-separated Products)","Moogento pickPack: CSV (Order getrennte Produkte)"
"Moogento pickPack : CSV (Orders)","Moogento pickPack: CSV (Orders)"
"Moogento pickPack : CSV/XML (Cargo Manifest)","Moogento pickPack: CSV / XML (Manifest)"
"Moogento pickPack : PDF (Address Labels)","Moogento pickPack: PDF (Adressaufkleber)"
"Moogento pickPack : PDF (CN22 Labels)","Moogento pickPack: PDF (CN22 Labels)"
"Moogento pickPack : PDF (Gift Message)","Moogento pickPack: PDF (Gift Message)"
"Moogento pickPack : PDF (Invoice and Packing Sheet)","Moogento pickPack: PDF (Rechnung und Verpackungsblatt)"
"Moogento pickPack : PDF (Invoice)","Moogento pickPack: PDF (Rechnung)"
"Moogento pickPack : PDF (Order-combined Picklist)","Moogento pickPack: PDF (Bestell-kombinierte Auswahlliste)"
"Moogento pickPack : PDF (Order-separated Picklist)","Moogento pickPack: PDF (Order getrennte Auswahlliste)"
"Moogento pickPack : PDF (Orders Summary)","Moogento pickPack: PDF (Orders Zusammenfassung)"
"Moogento pickPack : PDF (Packing Sheet)","Moogento pickPack: PDF (Verpackungsblatt)"
"Moogento pickPack : PDF (Product-separated Picklist)","Moogento pickPack: PDF (Produkt getrennte Auswahlliste)"
"Moogento pickPack : PDF (Troylleybox Picklist)","Moogento pickPack: PDF (Troylleybox Auswahllisten)"
"Moogento pickPack : PDF (Zebra Labels)","Moogento pickPack: PDF (Zebra Labels)"
"Moogento pickPack : PDF/CSV (Out-of-stock List)","Moogento pickPack: PDF / CSV (Out-of-Stock-Liste)"
"Multiplier Attribute","Multiplier Attribut"
"Multiplies product price by set multiplication factor. Eg. use to show product price limit for substitutions in pick","Multipliziert Produktpreis von Set Multiplikationsfaktor. Z.B. verwenden, um Produktpreisgrenze für Substitutionen in Pick zeigen"
"Multiplies product price by set multiplication factor.<br />Eg. use to show product price limit for substitutions in pick","Multipliziert Produktpreis von Set Multiplikationsfaktor. <br /> Eg. verwenden, um Produktpreisgrenze für Substitutionen in Pick zeigen"
"Multiply prices by attribute?","Multiplizieren Sie die Preise von Attribut?"
"Name from Order","Name von Bestellung"
"Name from Product > Default Store","Name von Produkt> Default Store"
"Name from Product > Order Store *Default*","Name von Produkt> Bestellen Shop * Standard *"
"Name from Product > Specific Store","Name von Produkt> Spezifische Shop"
"New page per order?","Neue Seite pro Auftrag?"
"New PDF per name?","Neue PDF pro Name?"
"No","Nein"
"No (default)","Kein Standard)"
"No of Items per page","Keine der Artikel pro Seite"
"No, include all items in order","Nein, sind alle Elemente, um"
"No, include it in the product price","Nein, sind sie in den Produktpreis"
"No, include it in the product price (but also show a tax subtotal summary)","Nein, sind sie in den Produktpreis (sondern zeigen auch eine Steuer Wert Ihrer Zusammenfassung)"
"No, move other items to new line (+ keep linebreaks)","Nein, bewegen andere Gegenstände, um neue Zeile (+ halten Zeilenumbrüchen)"
"No, without Tax","Nein, ohne Steuern"
"None","Keiner"
"Normal' Dimensions:  269<b style="color:red;">pt</b> x 41<b style="color:red;">pt</b> @ 300dpi<br />","Normale 'Abmessungen: 269 <b style = "color: red;"> pt </ b> x 41 <b style = "color: red;"> pt </ b> @ 300dpi <br />"
"Not recommended... Use at your own risk...","Nicht zu empfehlen ... Benutzung auf eigene Gefahr ..."
"Nudge","Schubs"
"Nudge 'Packed 2 by' note","Nudge "gepackt 2 durch Schein"
"Nudge 'Packed by' text","Nudge 'Verpackt durch' text"
"Nudge <b>autoCN22</b> label","Nudge <b> autoCN22 </ b> label"
"Nudge 2nd address","Nudge zweite Adresse"
"Nudge 2nd barcode","Nudge 2. Barcode"
"Nudge 2nd custom title","Nudge zweiten benutzerdefinierten Titel"
"Nudge 2nd image","Nudge 2. Bild"
"Nudge address","Nudge-Adresse"
"Nudge background image","Nudge Hintergrundbild"
"Nudge barcode","Nudge Barcode"
"Nudge CN22 label","Nudge CN22 Label"
"Nudge company address","Nudge Firmenadresse"
"Nudge details","Nudge Details"
"Nudge entire label","Nudge gesamte Etikett"
"Nudge fixed image","Nudge Standbild"
"Nudge flat-address","Nudge Flach Adresse"
"Nudge gift message","Nudge Geschenk Nachricht"
"Nudge image","Nudge Bild"
"Nudge label image","Nudge Etikettenbild"
"Nudge logo","Nudge-logo"
"Nudge Order ID","Nudge Bestell-ID"
"Nudge Order ID barcode","Nudge Bestell-ID-Barcode"
"Nudge order notes","Schubs, um Notizen"
"Nudge product line","Nudge-Produktlinie"
"Nudge qr-code (1)","Nudge QR-Code (1)"
"Nudge qr-code (2)","Nudge QR-Code (2)"
"Nudge return address","Nudge Rückkehradresse"
"Nudge return label","Nudge Rückholaufkleber"
"Nudge Rotated Product List","Nudge gedrehter Artikelliste"
"Nudge shelving","Nudge Regale"
"Nudge shipping address","Nudge Lieferadresse"
"Nudge shipping address only","Nudge nur Versandadresse"
"Nudge supplier attribute","Nudge Anbieter Attribut"
"Nudge title","Nudge Titel"
"Nudge tracking barcode","Nudge-Tracking-Barcode"
"Nudge tracking number","Nudge Tracking-Nummer"
"Nudge Zipcode barcode","Nudge Postleitzahl Barcode"
"Nudge' Packed by' note","Nudge "Verpackt durch Schein"
"Number product list?","Anzahl Produktliste?"
"Only print once?","Nur einmal drucken?"
"Only process orders matching shipEasy attribute?","Nur Aufträge Prozess Attribut shipEasy passend?"
"Operand?","Operand?"
"Order Attribute","Bestellen Attribut"
"Order attribute code","Bestellen Attributcode"
"Order attribute code:","Bestellen Attributcode:"
"Order Attribute Value","Bestellen Attributwert"
"Order Comments","bestellen Kommentare"
"Order custom attribute?","Bestellen Sie benutzerdefinierte Attribut?"
"Order date","Auftragsdatum"
"Order date X-pos.","Bestelldatum X-pos."
"Order Date?","Auftragsdatum?"
"Order ID (Footer) X-pos.","Bestell-ID (Footer) X-pos."
"Order ID X-pos.","Bestell-ID X-pos."
"Order ID?","Auftragsnummer?"
"Order of subtotals","Order of Teilsummen"
"Order Source","Bestellen Quelle"
"Order Source?","Bestellen Quelle?"
"Order-combined Pick List Options","Bestell-kombinierte Auswahlliste Optionen"
"Order-separated Pick List Options","Bestellen getrennte Auswahlliste Optionen"
"Orders with In Stock Items Only","Nur Bestellungen mit auf Lager Artikel"
"Others?","Andere?"
"Output as PDF or CSV?","Ausgabe als PDF oder CSV?"
"Output Excel XML file (instead of CSV)","Output Excel XML-Datei (statt CSV)"
"Output Filenames","Ausgabedateinamen"
"Output only these suppliers (Hide/Grey-out others)","Ausgabe nur diese Lieferanten (Hide / Grau-out andere)"
"Output only this supplier (Hide/Grey-out others) . . . Leave blank to auto-split all suppliers","Nur Ausgabe dieser Lieferant (Hide / Grau-out andere). . . Freilassen, um Auto-split alle Lieferanten"
"Override 'Minimum stock qty'","Außer Kraft setzen "Mindest Lagerbestand '"
"Override default address formatting?","Außer Kraft setzen Standardadresse Formatierung?"
"Override default address layout?","Außer Kraft setzen Standardadresse Layout?"
"Override filter notes messages","Aufschalten Filter stellt fest, Meldungen"
"Override stock qty output with location-specific stock?","Außer Kraft setzen Lagerbestand Ausgang mit ortsspezifischen Lager?"
"Override' Minimum stock qty'","Außer Kraft setzen "Mindest Lagerbestand '"
"Packing  Sheet Products : Separating Vertical Line Color","Verpackungsfolie Produkte: Separating Vertical Line Farbe"
"Packing Sheet Options","Verpackungsblattoptionen"
"Packing Sheet Products : Separating Line Color","Verpackungsfolie Produkte: Trennfuge Farbe"
"Packing Sheet Products : Separating Vertical Line Color","Verpackungsfolie Produkte: Separating Vertical Line Farbe"
"Padding","Polsterung"
"Page 1 Product-lines cutoff Y-pos","Page 1 Produkt-Linien Cutoff-Y-pos"
"Page 1 products cutoff position","Page 1 Produkte Cutoff-Position"
"Page Body : Color","Page Body: Farbe"
"Page Body : Font","Page Body: Schrift"
"Page Body : Size","Page Body: Größe"
"Page Body : Style","Page Body: Style"
"Page padding","Seite Polsterung"
"page padding","Seite Polsterung"
"Page size","Seitengröße"
"Page template :","Seitenvorlage:"
"Page title : Color","Seitentitel: Farbe"
"Page title : Font","Seitentitel: Schrift"
"Page title : Size","Seitentitel: Größe"
"Page title : Style","Seitentitel: Style"
"Paid Date","Bezahlt Datum"
"Paid Date?","Bezahlt Datum?"
"Pallet 'go' weight","Paletten 'go' Gewicht"
"Pallet' go' weight","Paletten 'go' Gewicht"
"Paper height","Papierhöhe"
"Paper margins","Papierränder"
"Partially: lines top & bottom","Teilweise: Linien oben und unten"
"Pattern text","Muster Text"
"Pattern to match :","Muster zu entsprechen:"
"Payment","Zahlung"
"Payment method?","Bezahlverfahren?"
"PDF (Address Labels)","PDF (Adressaufkleber)"
"PDF (Address Labels)?","PDF (Adressaufkleber)?"
"PDF (CN22 Labels)","PDF (CN22 Labels)"
"PDF (CN22 Labels)?","PDF (CN22 Labels)?"
"PDF (Gift Message)","PDF (Gift Message)"
"PDF (Gift Message)?","PDF (Gift Message)?"
"PDF (Invoice & Packing Sheet)","PDF (Rechnung & Verpackung Sheet)"
"PDF (Invoice and Packing Sheet)?","PDF (Rechnung und Verpackungsblatt)?"
"PDF (Invoice)","PDF (Rechnung)"
"PDF (Invoice)?","PDF (Rechnung)?"
"PDF (Order-combined Picklist)","PDF (Order-Kombination Pick)"
"PDF (Order-combined Picklist)?","PDF (Order-Kombination Pick)?"
"PDF (Order-separated Picklist)","PDF (Order-getrennte Auswahlliste)"
"PDF (Order-separated Picklist)?","PDF (Order-getrennte Auswahlliste)?"
"PDF (Orders Summary)","PDF (Orders Zusammenfassung)"
"PDF (Orders Summary)?","PDF (Orders Zusammenfassung)?"
"PDF (Out-of-stock List)","PDF (Out-of-Stock-Liste)"
"PDF (Out-of-stock List)?","PDF (Out-of-Stock-Liste)?"
"PDF (Packing Sheet)","PDF (Verpackungsblatt)"
"PDF (Packing Sheet)?","PDF (Verpackungsblatt)?"
"PDF (Product-separated Picklist)","PDF (Produkt getrennte Auswahlliste)"
"PDF (Product-separated Picklist)?","PDF (Produkt getrennte Auswahlliste)?"
"PDF (Trolleybox Picklist)","PDF (Trolleybox Auswahllisten)"
"PDF (Trolleybox Picklist)?","PDF (Trolleybox Auswahlliste)?"
"PDF (Zebra Labels)","PDF (Zebra-Labels)"
"PDF (Zebra Labels)?","PDF (Zebra-Labels)?"
"PDF Address-label Sheet","PDF Adress-Etikett Blatt"
"PDF Gift Message","PDF Geschenk Nachricht"
"PDF Invoice","PDF-Rechnung"
"PDF Invoice &amp; Packing Sheet' Sort","PDF-Rechnungen & amp; Verpackungsblatt 'Sort"
"PDF Letter","PDF Brief"
"PDF Order-combined Picklist","PDF Bestellformular kombiniert Pick"
"PDF Order-separated Picklist","PDF Bestell getrennte Auswahlliste"
"PDF Orders Summary","PDF Bestellungen Zusammenfassung"
"PDF Packing Sheet","PDF Verpackungsblatt"
"PDF Packing Sheet + Invoice","PDF Verpackungsblatt + Rechnung"
"PDF page size","PDF-Seitengröße"
"PDF Product-separated Picklist","PDF Produkt getrennte Auswahlliste"
"PDF Zebra Label","PDF Zebra Etiketten"
"PDF/CSV (Out-of-stock List)","PDF / CSV (Out-of-Stock-Liste)"
"PDF/CSV Out-of-stock List","PDF / CSV-Out-of-Stock-Liste"
"PDF/CSV Out-of-stock List Options","PDF / CSV-Out-of-Stock-Liste Wahlen"
"Pick Lists only","Auswahllisten nur"
"pickPack","pickPack"
"pickPack Validation Key","pickPack Validation Key"
"Pickup Date","Abholdatum"
"Pickup Store Address","Pickup Store Adresse"
"Pickup Store Email","Pickup Shop E-Mail"
"Pickup Store ID","Pickup Shop-ID"
"Pickup Store Phone","Pickup Shop Telefon"
"Pickup Time","Abholzeit"
"Position","Position"
"Position custom text box","Position benutzerdefinierte Textfeld"
"Position of custom attributes","Position der benutzerdefinierten Attribute"
"Position of notes :","Position der Noten:"
"Position of shelving info","Position der Regale info"
"Position the addresses exactly - for integrated labels","Positionieren Sie die Adressen genau - für integrierte Etiketten"
"Position the message box exactly","Positionieren Sie das Meldungsfeld genau"
"Positionable box position","Positionierbare Kastenlage"
"Pre-cells","Pre-Zellen"
"Price column title","Preis Spaltentitel"
"Price position","Preis Position"
"Price X-pos.","Preis X-pos."
"Prices","Preise"
"Prices converted from","Preise umgerechnet von"
"Print All?","Alle drucken?"
"Print barcode in separate line?","Drucken Barcode in separaten Zeile?"
"Print Condition","drucken Zustand"
"Print Credit Memos?","Drucken Gutschrift?"
"Print Invoices?","Rechnungen drucken?"
"Print orders once only?","Druckaufträge nur einmal?"
"Print Packingslips?","Drucken Packingslips?"
"Print products label after address label?","Druckerzeugnisse Etikett nach Adressetikett?"
"Print resolution","Druckauflösung"
"Print Shipping Labels?","Drucken Versandetiketten?"
"Print supplier attribute?","Print Lieferanten zuschreiben?"
"Priority of custom attribute grouping","Priorität der benutzerdefinierten Attribut Gruppierung"
"Process date?","Prozessdatum?"
"Process orders that include out-of-stock items?","Prozessaufträge, die out-of-Stock-Elemente enthalten?"
"Processing schedule","Die Verarbeitung Zeitplan"
"Product Category Label","Produktkategorie Aufkleber"
"Product discount title","Artikelrabatt Titel"
"Product discount title?","Artikelrabatt Titel?"
"Product gift message xpos","Produkt Geschenk Nachricht xpos"
"Product id below barcode font-size","Produkt-ID unter Barcode-font-size"
"Product images?","Produktbilder?"
"Product line nudge","Produktlinie Schubs"
"Product line total title","Produktlinie Gesamttitel"
"Product line total title?","Produktlinie Gesamt Titel?"
"Product list sort direction :","Produktliste Sortierrichtung:"
"Product list titlebar padding bot","Produktliste titlebar Polsterung bot"
"Product list titlebar padding top","Produktliste titlebar padding oben"
"Product Name","Produktname"
"Product name position","Produktname Position"
"Product name X-pos.","Produktname X-pos."
"Product name?","Produktname?"
"Product names or attributes contain non-roman characters?","Produktnamen oder Attribute enthalten nicht-lateinischen Zeichen?"
"Product Options : Size","Produktoptionen: Größe"
"Product options?","Mögliche Optionen?"
"Product Price x","Produkt-Preis x"
"Product SKU barcode?","Artikelnummer Barcode?"
"Product SKU below barcode font-size","Artikelnummer unten Barcode-font-size"
"Product SKU below barcode?","Artikelnummer unten Barcode?"
"Product weight?","Produktgewicht?"
"Product-price Multiplier","Produkt-Preis Multiplier"
"Pull from custom attribute","Ziehen Sie von benutzerdefinierten Attribut"
"Purchase order #?","Bestellung #?"
"Put in separate column","Setzen Sie in separaten Spalte"
"Puts in total weight, shipping carrier, payment method","Versetzt in Gesamtgewicht, Versandträger, die Bezahlungsart"
"q(Qty left to ship), s(Qty shipped), o(Qty ordered)","q (Menge nach links zu versenden), s (Menge geliefert), o (Menge bestellt werden)"
"Qty column title","Anzahl Spaltentitel"
"Qty invoiced","Menge in Rechnung"
"Qty left to ship","Menge links zu versenden"
"Qty X-pos.","Menge X-pos."
"Quote all values in CSV exports?","Zitat alle Werte im CSV-Exporte?"
"Recalculate","Neu berechnen"
"Recommend for long SKU","Empfehlen für lange SKU"
"Reformat address?","Neuformatierung Adresse?"
"Reformat?","Neuformatierung?"
"Regular","Regulär"
"Remove accents from letters in address?","Entfernen Sie Akzente aus Buchstaben in der Adresse?"
"Remove product tax from subtotal?","Produkt entfernen Steuer von Wert Ihrer?"
"Remove shipping tax from","Entfernen Versand Steuer aus"
"Remove shipping tax from subtotal?","Entfernen Versand Steuer von Wert Ihrer?"
"Remove shipping tax from tax","Entfernen Versand Steuer von der Steuer"
"Repeat gift message?","Wiederholen Geschenk Nachricht?"
"Replace Default ERP Invoice with pickPacks?","Ersetzen Sie Standard-ERP-Rechnung mit pickPacks?"
"Replace Default ERP Packing Sheet with the one from pickPack?","Ersetzen Sie Standard-ERP-Verpackungsfolie mit der aus pickPack?"
"Reset","zurückstellen"
"Return address","Absender"
"return address - Default","Rücksendeadresse - Standard"
"return address - Group 1","Rücksendeadresse - Gruppe 1"
"return address - Group 2","Rücksendeadresse - Gruppe 2"
"return address - Group 3","Rücksendeadresse - Gruppe 3"
"Return Address Label : Color","Adressaufkleber: Farbe"
"Return Address Label : Font","Adressaufkleber: Schriftart"
"Return Address Label : Size","Adressaufkleber: Größe"
"Return Address Label : Style","Adressaufkleber: Style"
"Return address text","Zurück Adressentext"
"Right","Recht"
"Right Margin X","Rechter Rand X"
"Rotate <b>autoCN22</b> page?","Drehen Sie <b> autoCN22 </ b> Seite?"
"Rotate entire label?","Drehen Sie das gesamte Etikett?"
"Rotate label?","Drehen Sie Etikett?"
"Rotate Product list","Drehen Produktliste"
"Rotate return address?","Drehen Sie Rücksendeadresse?"
"Rotate?","Drehen?"
"Round cost by ? decimal places","Round Kosten durch? Nachkommastellen"
"Round custom attribute numbers?","Runde benutzerdefinierte Attribut Zahlen?"
"Round weight by ? decimal places","Rund Gewicht von? Nachkommastellen"
"Rounding to 2 decimals can work well for price display.<br /><i>Default: No</i>","Rundung auf zwei Dezimalstellen kann gut für die Preisanzeige arbeiten <br /> <i>. Standard: Nein </ i>"
"Rule 1?","Regel 1?"
"Rule 2?","Regel 2?"
"Rules are processed in order from low to high priority numbers.<br/>","Die Regeln werden von niedrigen zu hohen Prioritätszahlen verarbeitet, um. <br/>"
"Scale Shipping Labels","Scale-Versandetiketten"
"Seeing tofu : <b style="font-size:200%;font-weight:100;display:inline;position:relative;top:5px;">&#9647;</b>?","Sehen Tofu: <b style = "font-size: 200%; font-weight: 100; display: inline; position: relative; top: 5px;"> & # 9647; </ b>?"
"Select Order Attribute To Update","Wählen Sie Bestellung Attribut aktualisieren"
"Separate multiple matches by comma.'","Trennen Sie mehrere Matches durch Komma. ""
"Seperator 1?","Seperator 1?"
"Seperator 2?","Seperator 2?"
"Server Name","Servername"
"Set in 'Shipping Labels' section","In 'Versandetiketten' Abschnitt"
"Set in 'Shipping Labels' section<br />Enable this to show eg. Royal Mail PPI labels","In Abschnitt <br 'Versandetiketten' /> Aktivieren Sie diese zB zu zeigen. Royal Mail PPI Etiketten"
"Set Internal Printed Flag?","Set Interne Printed-Flagge?"
"Set the currency symbol","Stellen Sie das Währungssymbol"
"Set to Low to keep filesize low (but background image blurred), set to High to get a sharp background (and larger filesize)","Setzen Sie auf Niedrig Dateigröße niedrig zu halten (aber Hintergrundbild unscharf), auf High einen scharfen Hintergrund zu bekommen (und größere Dateigröße)"
"Settings File","Einstellungsdatei"
"Shelving attribute","Regal Attribut"
"Shelving position","Regalposition"
"Shelving Xpos","Regal Xpos"
"Shift Bundle Children Xpos","Umschalt Bundle Kinder Xpos"
"Ship Date","Versanddatum"
"shipEasy Connection","shipEasy Anschluss"
"shipEasy Connection","shipEasy Anschluss"
"shipEasy flag column #","shipEasy Flagge Spalte #"
"shipEasy flag value?","shipEasy Flag-Wert?"
"Shipping Address","Lieferanschrift"
"Shipping address padding","Lieferadresse Polsterung"
"Shipping address phone?","Versandadresse Handy?"
"Shipping address title","Lieferadresse Titel"
"Shipping Date?","Versanddatum?"
"Shipping Image #1","Versand Bild # 1"
"Shipping Image #2","Versand Bild # 2"
"Shipping Image #3","Versand Bild # 3"
"Shipping Labels","Versandetiketten"
"Shipping Method (Default)","Liefer-Methode (Default)"
"Shipping method?","Versandart?"
"Shipping options?","Versandoptionen?"
"Shipping Type","Verladungs"
"Shipping/Billing Title : Style","Versand / Rechnungs Titel: Style"
"Shipping/Billing title position","Versand / Rechnungstitelposition"
"Show","Show"
"Show 'Allowance'?","Show 'Allowance'?"
"Show 'Message B' for this group :","Show 'Nachricht B' für diese Gruppe:"
"Show 'Message B' for this group :","Show 'Nachricht B' für diese Gruppe:"
"Show 'Packed 2 by' note?","Show 'Verpackt 2 von' beachten?"
"Show 'Packed by' note?","Show 'Verpackt durch "beachten?"
"Show 'Packed by' note?","Show 'Verpackt durch "beachten?"
"Show 'total item count'?","Show 'Gesamtelementanzahl "?"
"Show 'total order count'?","Show 'Gesamtauftrags count'?"
"Show 'total paid'?","Show 'verkaufte Gesamt'?"
"Show 'total shipping paid'?","Show 'Gesamt Versand bezahlt "?"
"Show 'Total Taxed Product Value'?","Show 'Gesamt Besteuert Produkt Value'?"
"Show 'Total UnTaxed Product Value'?","Show 'Gesamt unversteuert Produkt Value'?"
"Show #Order or #Invoice","Anzeigen # bestell oder #Invoice"
"Show 0 qty items?","Zeige 0 Menge Artikel?"
"Show 2nd attribute?","Zeigen 2. Attribut?"
"Show 2nd order custom attribute?","Zeigen 2. Ordnung benutzerdefinierte Attribute?"
"Show 2nd Order ID?","Zeigen 2. Ordnung ID?"
"Show 2nd qrcode?","Zeige 2. qrcode?"
"Show 2nd?","Zeigen 2.?"
"Show 3rd attribute?","Zeigen 3. Attribut?"
"Show address in product label?","Zeigen Adresse in Produktetikett?"
"Show advanced options?","Erweiterte Optionen anzeigen?"
"Show Aitoc Checkout Fields?","Zeige Aitoc Kasse Felder?"
"Show Amasty Order Attributes?","Anzeigen Amasty Orderattribute?"
"Show Amasty order delivery date?","Zeigen Amasty Bestellung Liefertermin?"
"Show another attribute?","Zeigen Sie ein anderes Attribut?"
"Show as Icon?","Zeigen als Symbol?"
"Show attribute titles?","Zeige Attribut Titel?"
"Show barcode SKU?","Zeigen Sie Barcode-SKU?"
"Show Base Currency values in Subtotals?","Zeigen Basiswährung Werte in Subtotals?"
"Show BetaBoxes?","Anzeigen BetaBoxes?"
"Show billing address at top?","Zeigen Sie die Rechnungsadresse an der Spitze?"
"Show billing address?","Zeigen Sie die Rechnungsadresse?"
"Show billing phone under shipping address ?","Zeigen Abrechnung Telefon unter Lieferadresse?"
"Show billing phone?","Zeigen Abrechnung Handy?"
"Show Box 1?","Show Box 1?"
"Show Box 2?","Show Box 2?"
"Show Box 3?","Show Box 3?"
"Show box estimation?","Zeigen Box Schätzung?"
"Show brackets around tax?","Zeigen Sie Klammern um Steuer?"
"Show bundle parent?","Zeigen Bündel Elternteil?"
"Show bundle parents?","Zeigen Bündel Eltern?"
"Show bundle product children?","Zeigen Bündel Produkt Kinder?"
"Show column titles?","Zeige Spaltentitel?"
"Show cost subtotal?","Zeige Kosten Zwischensumme?"
"Show Currency Exchange Rate in Subtotals?","Zeigen Wechselkurs in Subtotals?"
"Show custom attribute?","Zeigen benutzerdefinierten Attribut?"
"Show custom barcode?","Zeigen Sie benutzerdefinierte Barcode?"
"Show custom product attribute (2)?","Zeigen Sie individuelle Produktattribut (2)?"
"Show custom product attribute (3)?","Zeigen Sie individuelle Produktattribut (3)?"
"Show custom product attribute (4)?","Zeigen Sie individuelle Produktattribut (4)?"
"Show custom product attribute?","Zeigen Sie individuelle Produkteigenschaft?"
"Show custom product attributes?","Zeigen Sie individuelle Produkteigenschaften aus?"
"Show custom product options?","Zeigen Sie individuelle Produktoptionen?"
"Show custom qrcode?","Zeigen Sie benutzerdefinierte qrcode?"
"Show customer email?","Zeigen Sie Kunden E-Mail?"
"Show customer group?","Zeigen Kundengruppe?"
"Show customer ID?","Zeigen Sie Kunden-ID?"
"Show customer phone?","Zeigen Sie Kunden Handy?"
"Show customer VAT number?","Zeigen Sie Kunden Umsatzsteuer-Identifikationsnummer?"
"Show custommer comment?","Zeigen Custommer Kommentar?"
"Show date printed?","Datum anzeigen gedruckt?"
"Show deadline text / date?","Zeigen Frist Text / Datum?"
"Show discount?","Zeigen Rabatt?"
"Show discounts in order subtotal","Anzeigen Rabatte, um Wert Ihrer"
"Show discounts in order subtotal'","Anzeigen Rabatte, um Wert Ihrer '"
"Show discounts where?","Zeigen Sie Rabatte, wo?"
"Show discounts?","Zeige Rabatte?"
"Show Earned Points?","Zeige Punkte erhalten?"
"Show extended info line?","Zeigen Sie erweiterten Info-Zeile?"
"Show extra shipping details?","Zeigen Sie vom Verkäufer Details?"
"Show fixed text?","Zeigen festen Text?"
"Show fixed-text for non-Store-Pickup orders?","Zeigen fester Text für Nicht-Shop-Pickup Aufträge?"
"Show for bundle children?","Zeigen Sie für Bündel Kinder?"
"Show full payment?","Zeigen Sie volle Zahlung?"
"Show gift message title 'to/from'","Anzeigen Geschenk Nachricht Titel 'to / from'"
"Show gift message?","Zeigen Geschenk Nachricht?"
"Show gift messages?","Zeigen Sie Geschenk-Nachrichten?"
"Show gift wrap message?","Zeigen Sie Geschenkpapier Nachricht?"
"Show gift wrap style?","Zeigen Geschenkverpackung Stil?"
"Show giftwrap label?","Zeigen giftwrap Label?"
"Show Grand Total?","Zeige Gesamtsumme?"
"Show icon top-of-page for wrap orders?","Show icon top-of-Seite für Wrap Aufträge?"
"Show invoiced date?","Zeigen Sie fakturierten Datum?"
"Show items count?","Zeige Artikel zählen?"
"Show logo on Pick Lists?","Zeigen Sie Logo auf Auswahllisten?"
"Show logo on picklists?","Zeigen Sie Logo auf Auswahllisten?"
"Show mageworld order delivery date?","Zeigen mageworld Bestellung Liefertermin?"
"Show Mageworx Multifees?","Zeige Mageworx Multifees?"
"Show movable Order ID?","Zeigen Sie mobil Bestell-ID?"
"Show name?","Zeigen Sie Name?"
"Show on line item' can help reduce customs fees","Auf der Position "helfen, Zollgebühren zu reduzieren"
"Show order column titles?","Zeigen Sie, um Spaltentitel?"
"Show order comments?","Zeigen Sie, um Kommentare?"
"Show order custom attribute?","Anzeigen, um benutzerdefinierte Attribut?"
"Show order date?","Zeigen Bestelldatum?"
"Show order gift message?","Zeigen Sie bestellen Geschenk Nachricht?"
"Show Order Grand Total","Anzeigen Sortieren Gesamtsumme"
"Show Order ID (above address)?","Anzeigen Bestell-ID (oben Adresse)?"
"Show Order ID above address?","Zeigen Bestell-ID oben Adresse?"
"Show Order ID barcode?","Zeigen Bestell-ID-Barcode?"
"Show Order ID barcodes?","Zeigen Bestell-ID-Barcodes?"
"Show Order ID in product label?","Zeigen Bestell-ID in Produktetikett?"
"Show Order ID?","Anzeigen Bestell-ID?"
"Show Order IDs?","Zeigen Sortieren IDs?"
"Show order number?","Zeige Bestellnummer?"
"Show Order Subtotals?","Zeige Order Subtotals?"
"Show Order Tax Total","Anzeigen Sortieren MwSt"
"Show Order Total (no Tax)","Zeige Order Total (kein Tax)"
"Show page title bar?","Zeige Seite Titelleiste?"
"Show parent product name","Zeige übergeordnete Produktnamen"
"Show payment method?","Zeigen Zahlungsmethode?"
"Show phone numbers?","Zeigen Sie Telefonnummern?"
"Show pickup date/time on same line?","Zeigen Aufnahme Datum / Zeit auf derselben Linie?"
"Show Point Discount?","Zeigen Punkt Rabatt?"
"Show Price?","Fragen Sie den Preis?"
"Show prices?","Preise anzeigen?"
"Show product gift message?","Produkt zeigen Geschenk Nachricht?"
"Show Product Gift-Wrap Column?","Produkt anzeigen Gift-Wrap Spalte?"
"Show Product Grand Total","Produkt anzeigen Gesamtsumme"
"Show Product ID barcode","Produkt anzeigen ID-Barcode"
"Show product ID below barcode?","Zeigen Sie die Produkt-ID unter Barcode?"
"Show product images?","Produkt zeigen Bilder?"
"Show product line total?","Zeige Gesamtproduktlinie?"
"Show Product list?","Produktliste anzeigen?"
"Show product name bold?","Zur Produktname fett?"
"Show product name?","Zeigen Produktnamen?"
"Show product names?","Zeigen Produktnamen?"
"Show product options?","Zeigen Sie die Produktoptionen?"
"Show Product qty?","Zur Produktmenge?"
"Show product sku barcode?","Produkt zeigen sku Barcode?"
"Show product sku?","Produkt zeigen sku?"
"Show Product Tax Total","Produkt anzeigen MwSt"
"Show Product Total(no Tax)","Produkt anzeigen Total (kein Steuer)"
"Show product type?","Zur Produkttyp?"
"Show product-level gift messages?","Zeigen Sie auf Produktebene Geschenk-Nachrichten?"
"Show purchase order #?","Zeigen Bestellung #?"
"Show qty as:","Zeigen Menge als:"
"Show return address?","Zeigen Rückkehradresse?"
"Show Sheet Grand Total with Tax/ without Tax","Zeige Blatt Gesamtsumme mit Steuer / ohne Steuer"
"Show Sheet Total","Zeige Bilanzsumme"
"Show Sheet Total with Tax/ without Tax","Zeige Bilanzsumme mit Steuer / ohne Steuer"
"Show shelving info?","Info zeigen Regale?"
"Show Ship Grand Total","Zeige Schiff Endsumme"
"Show Ship Tax Total","Zeige Schiff Steuer Gesamt"
"Show Ship Total (no Tax)","Zeige Schiff Total (kein Steuer)"
"Show shipping address at top?","Zeigen Lieferadresse oben?"
"Show shipping address title?","Zeigen Lieferadresse Titel?"
"Show shipping address?","Zeigen Lieferadresse?"
"Show shipping carrier?","Zeige Versandträger?"
"Show shipping method?","Zeigen Sie Versandart?"
"Show Shipping Price?","Zeige Versandkosten?"
"Show Shipping subtotal?","Zeige Versand Wert Ihrer?"
"Show shipping warehouse?","Zeige Versandlager?"
"Show simple product name","Zeigen Sie einfach den Produktnamen"
"Show SKU?","Zeigen SKU?"
"Show Source in subtotal?","Zeigen Quelle in Wert Ihrer?"
"Show specific attribute?","Zeigen bestimmtes Attribut?"
"Show Spent Points?","Zeigen Ausgegebene Punkte?"
"Show stock alert below...","Zeigen Lager Alarm unten ..."
"Show stock alerts?","Zeigen Sie Lager-Benachrichtigungen?"
"Show stock qty?","Zeige Lagerbestand?"
"Show subtotal?","Zeigen Wert Ihrer?"
"Show Subtotals?","Anzeigen Subtotals?"
"Show tax breakdown?","Anzeigen Steuer Zusammenbruch?"
"Show tax separately?","Zeige Steuer getrennt?"
"Show tickbox 2nd?","Zeigen tickbox 2.?"
"Show tickbox?","Zeigen tickbox?"
"Show total discount?","Zeige Gesamtrabatt?"
"Show Total Due?","Zeige Insgesamt Due?"
"Show Total Order","Zeige Gesamt Bestellen"
"Show Total Paid?","Zeige Insgesamt Paid?"
"Show total shipping?","Zeige Gesamt Versand?"
"Show total tax?","Zeige Gesamtsteuer?"
"Show total weight?","Zeige Gesamtgewicht?"
"Show tracking number as barcode?","Zeigen Sie Tracking-Nummer als Barcode?"
"Show tracking number?","Zeigen Sie Tracking-Nummer?"
"Show unit price?","Zeigen Sie den Stückpreis?"
"Show unit tax Total","Zeige Einheit Steuer Gesamt"
"Show unit tax?","Zeige Einheit Steuer?"
"Show which date?","Zeigen Sie dem Datum?"
"Show which Store-Pickup details?","Show, die Shop-Pickup Details?"
"Show which value for configurable product names?","Zeigen Sie, welcher Wert für konfigurierbare Produktnamen?"
"Show which value for product names?","Zeigen Sie, welcher Wert für Produktnamen?"
"Show WSA Store-Pickup details?","Zeigen WSA Shop-Pickup Details?"
"Show zero-value discount?","Zeigen Null-Wert Rabatt?"
"Show zero-value shipping?","Zeigen Null-Wert Versand?"
"Show zero-value tax?","Zeigen Null-Wert-Steuer?"
"Show Zipcode barcode?","Zeige Postleitzahl Barcode?"
"Show?","Show?"
"Shows item if stock below this; Default: 1","Zeigt Artikel wenn Vorrat darunter; Default: 1"
"Shows SKU in red if stock below this number","Zeigt SKU in rot, wenn der Bestand unter dieser Nummer"
"Signature line?","Signature Linie?"
"Simple product name","Einfache Produktnamen"
"Simple product name, even in configurable","Einfache Produktnamen, die auch in konfigurierbaren"
"Size","Größe"
"Size attribute","Größe Attribut"
"Size X-pos.","Größe X-pos."
"SKU barcode column title","SKU Barcode Spaltentitel"
"SKU column title","SKU Spaltentitel"
"SKU position","SKU Position"
"SKU X-pos.","SKU X-pos."
"SKU?","SKU?"
"Small Image","Kleines Bild"
"Sort bundle children?","Sortieren Bündel Kinder?"
"Sort by :","Sortiere nach :"
"Sort direction :","Sortierrichtung:"
"Sort items by :","Artikel sortieren nach:"
"Sort product lists by :","Sortieren Produktlisten nach:"
"Sort product lists?","Sort Produktlisten?"
"Sort products by :","Produkte Sortieren nach:"
"Sort Secondary by :","Sortieren Sekundär nach:"
"Sorting attribute :","Sortierung Attribut:"
"Spacer character:","Spacer Charakter:"
"Specific font-size for Town/State/Zip","Spezifische font-size für Ort / Bundesland / Zip"
"Split &amp; group bundle parents and children/simple-products separately","Split & amp; Gruppe Bündel Eltern und Kinder / simple-Produkte separat"
"Split by logged-in user?","Split von angemeldeten Benutzer?"
"Split PDFs by supplier","Split PDF-Dateien durch den Lieferanten"
"Standard : shipping on left, billing on right","Standard: Versand auf der linken Seite, die Abrechnung auf der rechten Seite"
"Star specific value?","Stern bestimmten Wert?"
"Start from fixed Y-Pos?","Starten Sie von festen Y-Pos?"
"Start overflow pages where?","Starten Überlaufseiten, wo?"
"Start with 'From :' to have that a different size","Beginnen Sie mit "Von:" zu haben, dass eine andere Größe"
"Status","Status"
"Stock alert below...","Auf Alarm unten ..."
"Stock alerts?","Auf Warnungen?"
"Stock Filter","Auf Filter"
"Store","Geschäft"
"Strip line breaks and commas?","Streifenzeilenumbrüche und Komma?"
"Strip linebreaks from non-address fields in CSV exports?","Isolieren Sie Zeilenumbrüche aus Nicht-Adressfelder im CSV-Exporte?"
"Strip linebreaks in gift messages?","Streifen Sie Zeilenumbrüche in Geschenk-Nachrichten?"
"Strip linebreaks in order comments?","Streifen Zeilenumbrüchen, um Kommentare?"
"Style","Stil"
"Subheadings : Color","Qualifier: Farbe"
"Subheadings : Font","Qualifier: Font"
"Subheadings : Size","Qualifier: Größe"
"Subheadings : Style","Steuer inkl."
"Subsection height","Steuer"
"Subtotal align","Steuer inkl."
"Subtotal Labels X-pos","Teilsumme Labels X-pos"
"Subtotal Numbers X-pos","Teilsumme Zahlen X-pos"
"Suggested : [blank] or 'billing details'","Empfehlung: [Leer] oder "Rechnungsdetails""
"Suggested : [blank] or 'Ship","Empfehlung: [Leer] oder 'Schiff"
"Suggested : [blank] or 'shipping details'","Empfehlung: [Leer] oder 'Versanddetails'"
"Supplier  'login'","Lieferant 'login'"
"Supplier attribute","Lieferant Attribut"
"Supplier options","Lieferant Optionen"
"Supplier username:suppliername","Lieferant Benutzername: Supplier"
"Switched, billing on donw, shipping on up","Switched, Abrechnung auf donw, Versand an bis"
"Switched, billing on left, shipping on right","Switched, Abrechnung auf der linken Seite, Versand auf der rechten Seite"
"T: ","T:"
"Take product name from:","Nehmen Sie den Produktnamen aus:"
"Tax column title","Steuerspaltentitel"
"Tax display method","Steueranzeigeverfahren"
"Tax Incl.","Steuer inkl."
"Tax Label","Steuerbanderole"
"Tax Label Incl.","Steuerbanderole Incl."
"Tax paid?","Steuer gezahlt?"
"Teando Delivery Options?","Teando Übermittlungsoptionen?"
"Temando Delivery Options?","Temando Übermittlungsoptionen?"
"Text","Text"
"Text for 'Packed 2 by' note :","Text für 'Verpackt 2 von "Anmerkung:"
"Thailand CN22 Label Image","Thailand CN22 Bild beschriften"
"This needs the <b><a href="https://moogento.com/shipeasy" target="_blank">shipEasy</a></b> extension to work","Dies muss die <b> <a href="https://moogento.com/shipeasy" target="_blank"> shipEasy </a> </ b> Erweiterung der Arbeit"
"This option will work if you have installed Gift Wrap feature of Magento Enterprise","Diese Option wird funktionieren, wenn Sie Geschenkpapier-Funktion von Magento Enterprise installiert haben"
"This option will work if you have installed warehouse extension.","Diese Option wird funktionieren, wenn Sie Lagererweiterung installiert haben."
"This sets: Packing Sheets, Invoices, Picklists.","Dies setzt: Verpackungsblätter, Rechnungen, Picklisten."
"This will add an info label at the end of every print run.","Das wird ein Infoschild am Ende eines jeden Druckauflage hinzuzufügen."
"This will be added to each order's total weight","Dies wird zu jeder Bestellung des Gesamtgewichts hinzugefügt werden"
"This will create different pick lists per supplier","Dadurch können unterschiedliche Auswahllisten pro Lieferant erstellen"
"This will group all products by their category (useful for outbound customs declarations)","Dieser Wille Gruppe alle Produkte nach ihrer Kategorie (nützlich für Outbound-Zollanmeldungen)"
"This will move the image on each label","Dadurch wird das Bild auf jedem Etikett bewegen"
"This will slow down PDF generation by a lot, so leave 'No' unless you really need it","Dies wird die PDF-Erzeugung verlangsamen durch eine Menge, so lassen "Nein", wenn Sie es wirklich brauchen"
"Thumbnail","Miniaturansicht"
"Tickbox 2nd Xpos","Tickbox 2. Xpos"
"Tickbox 2nd?","Tickbox 2.?"
"Tickbox Xpos","tickbox Xpos"
"Tickbox?","Kontrollkästchen?"
"Time","Zeit"
"Tip : Use short title(s) if you choose 'beside'","Tipp: Verwenden Sie kurze Titel (n), wenn Sie wählen 'neben'"
"Title","Titel"
"Title text","Titeltext"
"Titlebars Bkg Color","Fenster-Titelzeile Bkg Farbe"
"Today\'s Date","Heutiges Datum"
"Top address padding","Top-Adresse Polsterung"
"Top Left","Oben links"
"Top of page","Seitenanfang"
"Top-left Ribbon","Top-Links-Band"
"Total invoiced items count?","Gesamtrechnungspositionen zählen?"
"Total items count?","Insgesamt Produkte zählen?"
"Total order count?","Gesamtbestell zählen?"
"Total paid column","Insgesamt gezahlt Spalte"
"Total paid for each SKU?","Summe für jede SKU bezahlt?"
"Total paid?","Ganz bezahlt?"
"Total price column title","Gesamtpreis Spaltentitel"
"Total product qty title","Gesamtproduktmenge Titel"
"Total shipped items count?","Insgesamt versendeten Einzelteile zählen?"
"Total shipping paid?","Gesamt Versand bezahlt?"
"Total weight?","Gesamtgewicht?"
"Tracking number font size","Tracking-Nummer Schriftgröße"
"Tracking Number?","Auftragsnummer, Frachtnummer, Sendungscode?"
"Trigger statuses","Trigger-Status"
"Trim long content?","Trim lange Inhalt?"
"Trim long?","Schneiden Sie lange?"
"Trim long SKUs?","Trim lange SKUs?"
"Trim Product Name","Trim Produktname"
"Trim Product Name?","Trim Produktname?"
"Trim SKU?","Trim SKU?"
"Trim?","Trimmen?"
"Truncate items to fit in columns?","Kürzt Artikel in Spalten passen?"
"UK CN22 Label Image","UK CN22 Bild beschriften"
"Under product-list message","Unter Produkt-Liste Meldung"
"Under product-list Message A","Unter Produkt-Liste Nachricht A"
"Under product-list Message B","Unter Produkt-Liste Nachricht B"
"Under shipping details","Unter Versanddetails"
"Unhold?","Unhold?"
"Unit price column title","Stückpreis Spaltentitel"
"Unit price title","Stückpreis Titel"
"Unit tax title","Einheitssteuer Titel"
"Unit tax title?","Einheitssteuer Titel?"
"Update after process","Update nach Prozess"
"Update Order Attribute","Update-Attribut Bestellung"
"Update shipEasy Flag","Update shipEasy Flagge"
"Upload a .ttf or .otf font file","Hochladen .ttf oder .otf Schriftdatei"
"Upload a .ttf or .otf font file <br />'Font style' settings","Hochladen .ttf oder .otf Font-Datei <br /> 'Schriftstil' Einstellungen"
"Upload a .ttf or .otf font file <br />'Font style' settings are ignored with custom fonts","Hochladen .ttf oder .otf Font-Datei <br /> 'Schriftstil' Einstellungen werden mit benutzerdefinierten Schriftarten ignoriert"
"Upload a .ttf or .otf font file'Font style' settings","Hochladen .ttf oder .otf Schriftart file'Font Stil 'Einstellungen"
"Upload a .ttf or .otf font file<br />'Font style' settings are ignored with custom fonts","Hochladen .ttf oder .otf Font-Datei <br /> 'Schriftstil' Einstellungen werden mit benutzerdefinierten Schriftarten ignoriert"
"Upsize + bold qty, if qty = 2+","Upsize + fett Menge, wenn VE = 2 +"
"USA CN22 Label Image","USA CN22 Bild beschriften"
"Use <b>courierRules</b> generated shipping label?","Mit <b> courierRules </ b> erzeugt Versandetikett?"
"Use as a way to constrain the address inside a specific label or area","Verwenden Sie als eine Möglichkeit, die Adresse in einem bestimmten Label zu beschränken oder einen Bereich"
"Use GFS Shipping Labels?","Verwenden Sie GVS-Versand-Etiketten?"
"Use logged-in language","Verwenden Sie angemeldet in Sprache"
"Use Magento Grand Total?","Verwenden Sie Magento Gesamtsumme?"
"Use Magento subtotals?","Verwenden Sie Magento Teilsummen?"
"Use order storeview language","Verwenden Sie bestellen Storeview Sprache"
"Use together with 'Update shipEasy Flag' -> 'Yes, Printed'","Verwenden Sie zusammen mit 'Update shipEasy Flag' -> 'Ja, Gedruckt'"
"Use what language and when?","Verwenden Sie, was Sprache und wann?"
"Use which image?","Verwenden Sie dem Bild?"
"Use which?","Verwenden Sie das?"
"Uses header logo from Packing Sheet","Verwendet Header Logo von Verpackungsfolie"
"Using One Step Checkout (Magestore) delivery date","Mit One Step Checkout (Magestore) Liefertermin"
"Usually goes at page base - handy for QC","Normalerweise geht an Seite Basis - praktisch für QC"
"Value","Wert"
"Vert Line","Vert-Linie"
"Warehouse?","Warenhaus?"
"Weight Based number?","Gewichtsangabe Nummer?"
"Weight Based?","Gewichtsangabe?"
"Weight multiplier","Gewichtungsmultiplizierer"
"Weight rounding","Gewicht Rundung"
"Weight unit","Gewichtseinheit"
"Weight unit:","Gewichtseinheit:"
"What is your word for 'tax'?","Was ist Ihr Wort für "Steuer"?"
"Where to position custom product attributes on the picklists.<br />Default: Columns","Wo Position auf den Auswahllisten individuelle Produkteigenschaften <br /> Standard:. Spalten"
"Which Aitoc attribute codes?","Welche Aitoc Attribut-Codes?"
"Which Options?","Welche Optionen?"
"Which value for configurable product names?","Welcher Wert für konfigurierbare Produktnamen?"
"Which?","Welche?"
"Width","Breite"
"X days after printing date?","X Tage nach Datum Druck?"
"X-Nudge","X-Nudge"
"X-pos","X-pos"
"X-Pos [434]","X-Pos [434]"
"X-Pos.  images 222","X-Pos. Bilder 222"
"X-Pos. attr. 2","X-Pos. attr. 2"
"X-Pos. attr. 2 (+ prices col)","X-Pos. attr. 2 (+ Preise col)"
"X-Pos. attr. 2 (+ prices, tax cols)","X-Pos. attr. 2 (+ Preise, Steuer cols)"
"X-Pos. attr. 3","X-Pos. attr. 3"
"X-Pos. attr. 3 (+ prices col)","X-Pos. attr. 3 (+ Preise col)"
"X-Pos. attr. 3 (+ prices, tax cols)","X-Pos. attr. 3 (+ Preise, Steuer cols)"
"X-Pos. barcodes","X-Pos. Barcodes"
"X-Pos. custom product options","X-Pos. individuelle Produktoptionen"
"X-Pos. custom product options (+ prices col)","X-Pos. individuelle Produktoptionen (+ Preise col)"
"X-Pos. custom product options (+ prices, tax cols)","X-Pos. individuelle Produktoptionen (+ Preise, Steuer cols)"
"X-Pos. date","X-Pos. Datum"
"X-Pos. images","X-Pos. Bilder"
"X-Pos. images (+ prices col)","X-Pos. Bilder (+ Preise col)"
"X-Pos. images (+ prices, tax cols)","X-Pos. Bilder (+ Preise, Steuer cols)"
"X-Pos. name","X-Pos. Name"
"X-Pos. name (+ prices col)","X-Pos. Name (+ Preise col)"
"X-Pos. name (+ prices, tax cols)","X-Pos. Name (+ Preise, Steuer cols)"
"X-Pos. numbered list","X-Pos. nummerierte Liste"
"X-Pos. numbered list bundle children","X-Pos. nummerierte Liste Bündel Kinder"
"X-Pos. product discount","X-Pos. Produktrabatt"
"X-Pos. product discount?","X-Pos. Produktrabatt?"
#N/A
"X-Pos. product line total?","X-Pos. Produktlinie insgesamt?"
"X-Pos. qty","X-Pos. Menge"
"X-Pos. qty (+ prices col)","X-Pos. Menge (+ Preise col)"
"X-Pos. qty (+ prices, tax cols)","X-Pos. Menge (+ Preise, Steuer cols)"
"X-Pos. shelf","X-Pos. Regal"
"X-Pos. shelf (+ prices col)","X-Pos. Regal (+ Preise col)"
"X-Pos. shelf (+ prices, tax cols)","X-Pos. Regal (+ Preise, Steuer cols)"
"X-Pos. sku","X-Pos. sku"
"X-Pos. sku (+ prices col)","X-Pos. sku (+ Preise col)"
"X-Pos. sku (+ prices, tax cols)","X-Pos. sku (+ Preise, Steuer cols)"
"X-Pos. SKU barcode","X-Pos. SKU Barcode"
"X-Pos. SKU barcode (+ prices col)","X-Pos. SKU Barcode (+ Preise col)"
"X-Pos. SKU barcode (+ prices, tax cols)","X-Pos. SKU Barcode (+ Preise, Steuer cols)"
"X-Pos. tickbox","X-Pos. Kontrollkästchen"
"X-Pos. tickbox (+ prices col)","X-Pos. tickbox (+ Preise col)"
"X-Pos. tickbox (+ prices, tax cols)","X-Pos. tickbox (+ Preise, Steuer cols)"
"X-Pos. total price","X-Pos. Gesamtpreis"
"X-Pos. total price (+ tax col)","X-Pos. Gesamtpreis (+ Steuer col)"
"X-Pos. unit price","X-Pos. Einzelpreis"
"X-Pos. unit price (+ tax col)","X-Pos. Stückpreis (+ Steuer col)"
"X-Pos. unit tax","X-Pos. Einheit Steuer"
"X-Pos. unit tax?","X-Pos. Einheit-Steuer?"
"XML/CSV Cargo Packing Sheet","XML / CSV Frachtverpackungsblatt"
"Xpos name","xpos Name"
"Xpos qty","xpos Menge"
"Xpos shelving","xpos Regale"
"Y-pos","Y-pos"
"Yes","ja"
"Yes (After tax)","Ja (nach Steuern)"
"Yes (item custom attribute with specific date)","Ja (Element individuell mit bestimmten Datum Attribut)"
"Yes (Multiple products)","Ja (verschiedene Produkte)"
"Yes (Single products)","Ja (Einzelprodukte)"
"Yes in Packing Sheets & Invoices Only","Ja in Verpackungsblätter und Rechnungen Nur"
"Yes in Picklists Only","Ja in Auswahllisten Nur"
"Yes, *not* including email","Ja, * nicht * einschließlich E-Mail"
"Yes, 2 messages, depending on customer group","Ja, 2-Nachrichten, je nach Kundengruppe"
"Yes, after shipping address","Ja, nach Lieferadresse"
"Yes, an image","Ja, wird ein Bild"
"Yes, and don\'t include date","Ja, und t don \ 'beinhalten Datum"
"Yes, and double-quote quotes","Ja, und doppelte Anführungszeichen Anführungszeichen"
"Yes, and include date","Ja, und beinhalten Datum"
"Yes, and strip all quotes","Ja, und alle Zitate Streifen"
"Yes, average price paid (taken from invoice row)","Ja, Durchschnittspreis bezahlt (ab Rechnungs Reihe genommen)"
"Yes, before shipping address","Ja, vor dem Versand-Adresse"
"Yes, below product line, linear","Ja, unter Produktlinie, linear"
"Yes, below product line, stacked","Ja, unter der Linie Produkt, gestapelt"
"Yes, below product line, stacked & boxed","Ja, unter Produktlinie, gestapelt und verpackt"
"Yes, both in a Tax column and a Tax subtotal","Ja, beide in einer Steuersäule und einer Steuer Wert Ihrer"
"Yes, by Order Attribute","Ja, Auftrags Attribut"
"Yes, by Order Status","Ja, durch Auftragsstatus"
"Yes, by Shipping Method","Ja, nach Versandart"
"YES, CAPITALISE","JA, Profitieren"
"Yes, Child (Simple product full SKU (include option))","Ja, Kind (Simple Produkt voll SKU (einschließlich Option))"
"Yes, Child (Simple product full SKU, including product options)","Ja, Kind (Simple Produkt voll SKU, einschließlich Produktoptionen)"
"Yes, Child (Simple product SKU **Default**)","Ja, Kind (Simple Produkt SKU ** Standard **)"
"Yes, Child (Simple product)","Ja, Kind (Simple Produkt)"
"Yes, combined in movable box","Ja, in der beweglichen Box kombiniert"
"Yes, combined in new page","Ja, in einer neuen Seite kombiniert"
"Yes, combined in positionable box","Ja, in positionierbaren Box kombiniert"
"Yes, combined under products list","Ja, unter Produktliste kombiniert"
"Yes, combined under shipping address","Ja, unter Lieferadresse kombiniert"
"Yes, combo attributes","Ja, Combo-Attribute"
"Yes, concise","Ja, prägnant"
"Yes, count each option as a separate SKU","Ja, zählen jede Option als separate SKU"
"Yes, count each option as a separate SKU, grouped under parent product","Ja, zählen jede Option als separate SKU, gruppiert unter Mutter Produkt"
"Yes, custom attribute","Ja, benutzerdefinierte Attribute"
"Yes, depending on Country Group","Ja, je nach Ländergruppe"
"Yes, filter by notes text","Ja, Filter von Notizen Text"
"Yes, fixed text","Ja, festen Text"
"Yes, for Pick Lists and Packing Sheets","Ja, für Auswahllisten und Verpackungsblätter"
"Yes, from custom attribute","Ja, von benutzerdefinierten Attribut"
"Yes, full SKU","Ja, voll SKU"
"Yes, Garuda [good for: Thai, Latin]","Ja, Garuda [gut für: Thai, Latein]"
"Yes, grayed out","Ja, abgeblendet"
"Yes, group parent SKUs and option SKUs","Ja, Konzernmutter SKUs und Option SKUs"
"Yes, in a Tax column","Ja, in einer Steuersäule"
"Yes, in a Tax subtotal","Ja, in einem Steuer Wert Ihrer"
"Yes, in page base","Ja, in der Seite Basis"
"Yes, in positionable box (handy for tear-off labels)","Ja, in positionierbaren Box (praktisch für Abreißetiketten)"
"Yes, in separate column","Ja, in der separaten Spalte"
"Yes, in title","Ja, in den Titel"
"Yes, incl. tax","Ja, inkl. Steuer"
"Yes, including email","Ja, einschließlich E-Mail"
"Yes, inline with product SKU","Ja, inline mit Produkt-SKU"
"Yes, Invoice ID","Ja, Rechnungs-ID"
"Yes, Kinnari (similar to Georgia) [good for: Thai, Latin]","Ja, Kinnari (ähnlich Georgia) [gut für: Thai, Latein]"
"Yes, Marketplace Order ID","Ja, Markt Bestell-ID"
"Yes, MS Gothic [large filesize, good for: Japanese, Latin]","Ja, MS Gothic [große Dateigröße, gut für: Japanisch, Latein]"
"Yes, new line for each, under product SKU","Ja, neue Zeile für jeden, unter Produkt-SKU"
"Yes, on a new page","Ja, auf einer neuen Seite"
"Yes, on same label","Ja, auf demselben Label"
"Yes, on separate label","Ja, auf separaten Etikett"
"Yes, one message, horizontal strip","Ja, eine Nachricht, horizontalen Streifen"
"Yes, one message, positionable box","Ja, eine Nachricht, positionierbaren Box"
"Yes, one product per label","Ja, ein Produkt pro Etikett"
"Yes, only output Invoiced items","Ja, nur Ausgabe Fakturierte Artikel"
"Yes, only output Shipped items","Ja, nur Ausgang geliefert Artikel"
"Yes, order details + shipping label","Ja, um Details + Versandetikett"
"Yes, order details only","Ja, Details, um nur"
"Yes, Order ID","Ja, Bestell-ID"
"Yes, Parent (Configurable parent **Default**)","Ja, Eltern (Configurable Eltern ** Standard **)"
"Yes, Parent (Configurable parent SKU)","Ja, Eltern (Configurable Mutter SKU)"
"Yes, product category","Ja, Kategorie Produkt"
"Yes, product ID","Ja, ID Produkt"
"Yes, product name","Ja, Produktname"
"Yes, product SKU","Ja, Produkt-SKU"
"Yes, Purisa (similar to Comic Sans) [good for: Thai, Latin]","Ja, Purisa (ähnlich Comic Sans) [gut für: Thai, Latein]"
"Yes, Sawasdee [good for: Thai, Latin]","Ja, Sawasdee [gut für: Thai, Latein]"
"Yes, shipping label only","Ja, Versandetikett nur"
"Yes, show only notes tagged \'visible on frontend\'","Ja, zeigen Sie nur \ 'sichtbar am Frontend \' getaggt Notizen"
"Yes, Simplified Chinese [good for: Chinese]","Ja, Vereinfachtes Chinesisch [gut für: Chinese]"
"Yes, split parent SKUs if option SKUs vary","Ja, aufgeteilt Mutter SKUs, wenn die Option SKUs variieren"
"Yes, standard fonts [large filesize, good for accented Latin]","Ja, Standardschriften [große Dateigröße, gut für akzentuierte Latein]"
"Yes, Tahoma [medium filesize, good for: Arabic, Latin]","Ja, Tahoma [Medium Dateigröße, gut für: Arabisch, Latein]"
"Yes, to 0 decimal places","Ja, auf 0 Dezimalstellen"
"Yes, total product cost price","Ja, Gesamtproduktkostenpreis"
"Yes, total sold price, excluding shipping","Ja, Gesamtverkaufspreis, zuzüglich Versand"
"Yes, total sold price, including shipping","Ja, Gesamtverkaufspreis inklusive Versand"
"Yes, Traditional Chinese [good for: Chinese]","Ja, traditionelles Chinesisch [gut für: Chinese]"
"Yes, under individual product","Ja, unter den einzelnen Produkt"
"Yes, under product list","Ja, unter der Produktliste"
"Yes, up to a pallet","Ja, bis zu einer Palette"
"Yes, Uppercase","Ja, Versalien"
"Yes, with no tax info","Ja, ohne Steuer Infos"
"Yes, with Tax","Ja, mit Steuer"
"Yes, with VAT info","Ja, mit Informationen zur MwSt"
"Yes: bold","Ja: bold"
"Yes: bold & underline","Ja: bold & Unterstrichen"
"Yes: bold, underlined & red","Ja: fett, unterstrichen und rot"
"Yes: boxed","Ja: boxed"
"You need courierRules installed for this to work. This will use the specific label generated by courierRules.","Sie müssen courierRules für diese Installation zu arbeiten. Dadurch wird die spezifische Markierung von courierRules erzeugt verwenden."
"Filter/split by supplier?","Filter / geteilt durch den Lieferanten?"
"'Combined Packing Sheet/Invoice' grouped by Order ID?",""Kombinierte Verpackungsblatt / Rechnung" gruppiert nach Bestell-ID?"
"Reset pickPack","Zurücksetzen pickPack"
"Export pickPack Settings","Export pickPack Einstellungen"
"Import pickPack Settings","Import pickPack Einstellungen"
"'PDF Invoice & Packing Sheet' Sort",""PDF-Rechnung und Verpackungsblatt 'Sort"
"Customise CSVs","Fertigen Sie CSVs"
"Customise PDFs","Fertigen Sie PDFs"
"Customise Admin/Frontend Options","Fertigen Admin / Frontend-Optionen"
"pickPack User Guide","pickPack Benutzerhandbuch"
"Moogento Store","Moogento Shop"