"'Allowance' column title",""津贴"列标题"
"'Attribute 1' column",""属性1"列"
"'Attribute 2' column",""属性2"列"
"'Attribute 3' column",""属性3"列"
"'Attribute 4' column",""属性4"列"
"'Attribute Combine' column","'属性结合"列"
"'Product barcode' column",""商品条码"列"
"'Product images' column",""产品图片"列"
"'Product name' column",""产品名称"列"
"'Product weight' column",""产品重量"列"
"'Qty' column",""数量"列"
"'ship-address' and 'bill-address' column format",""船舶地址"和"账单地址"栏格式"
"'ship-address' and' bill-address' column format",""船舶地址"和"账单地址"栏格式"
"'SKU' column",""SKU"列"
"'Stock qty' column",""库存数量"列"
"'Stock warning' column",""股票警告"列"
"'Tick boxes' next to item SKUs?",""勾选框"项目旁边的SKU？"
"'Tickbox 2nd' column",""Tickbox第二届"列"
"'Tickbox' column",""Tickbox"列"
"'Warehouse' column",""仓库"列"
"(%) Default is 100%","（％）默认为100％"
"(Attribute must exist)","（属性必须存在）"
"(Default : "Total Price Col" X-Pos)","（默认值："总价上校"X-POS）"
"(Default:No)","（默认值：无）"
"(Default:Yes)","（缺省：是）"
"(negative to shift it down)","（负给它降档）"
"(standard for invoices)","（标准发票）"
"(Tip: Upload placeholder images in Config > Catalog)","（提示：在配置上载占位符图像>目录）"
"(Upload placeholder images in Config > Catalog)","（在配置上载占位符图像>目录）"
"(Used if 'Position of shelving info' set to 'Columns')","（如果使用"搁置信息的位置"设置为"列"）"
"['Payment due ']","['工资税 ']"
"[#000000] (#HEX colour code)","[＃000000]（＃十六进位颜色代码）"
"[#111111] (#HEX colour code)","[＃111111]（＃十六进位颜色代码）"
"[#5BA638] (#HEX colour code)","[＃5BA638]（＃十六进位颜色代码）"
"[#87CEEB] (#HEX colour code)","[＃87CEEB]（＃十六进位颜色代码）"
"[#8AC371] (#HEX colour code)","[＃8AC371]（＃十六进位颜色代码）"
"[#FFFFFF] (#HEX colour code)","[#FFFFFF]（＃十六进位颜色代码）"
"[10] (negative to shift it down)","[10]（负向它降档）"
"[10] (negative to shift it down)<br />(Make about half image height to center text)<br />(If you need to show options, probably don't shift)","[10]（负给它降档）<br />（大约半图像高度居中文本）<br />（如果你需要显示的选项，可能不转向）"
"[10pt]/5pt (top/bottom), 5pt (left/right)","[10PT] / 5pt（顶部/底部），5pt（左/右）"
"[15pt] - Set larger to print a larger barcode","[15pt]  - 设置较大的打印条码较大"
"[30] - Set to same as Sku X-Pos to print barcode under Sku","[30]  - 设置为相同的SKU的X波什SKU下打印条码"
"[blank]","[空白]"
"[Default = No]","[默认= No]"
"[Equal]","[等于]"
"[Invoice then Packing Sheet]","[发票，然后装箱单]"
"[Italic]","[斜体]"
"[More than]","[更多]"
"[No]","[没有]"
"[No] : Default","[否]：默认"
"[No] (No = Word-wrap)","[无]（否=自动换行）"
"[No] If set to yes, gift messages will print with this font.","[否]如果设置为yes，礼品消息将与此字体打印。"
"[OpenSans]","[OpenSans]"
"[Packing Sheet then Invoice]","[包装片材然后发票]"
"[Partially: Lines top &amp; bottom]","[部分：线顶部和放大器;底部]"
"[price]","[价钱]"
"[qty]","[数量]"
"[Regular]","[定期]"
"[sku]","[SKU]"
"[stock]","[股票]"
"[Yes (from Magento)]","[是（从Magento的）]"
"[Yes]","[是]"
"[Yes] : Default;","[是]：默认;"
"[Yes] (Adds 'Included' to tax label)","[是]（又添"包括"税收标签）"
"[Yes] (No = Word-wrap)","[是]（否=自动换行）"
"[Yes]<br />- If you have slightly 'dirty data' (eg. product names with linebreaks in) set this to yes.","[是] <br />  - （如与换行符产品名称）如果你有稍微"脏数据"这一设置为yes。"
"[Yes]<br />- If you have spreadsheet cells getting mixed up, check this is turned on.<br />- If set to Yes, set the spreadsheet importer to 'Fields de-limited by " character'.","[是] <br />  - 如果你有电子表格单元格混淆了，看看这个被打开<br />  - 如果设置为Yes，设置电子表格进口商为"字段去限制通过"字符"。"
"&nbsp;&nbsp;Custom Value","＆NBSP;＆NBSP;自定义值"
"&nbsp;&nbsp;Value","＆NBSP;＆NBSP;价值"
"&nbsp;Eg. enter 'Captured amount' to not show authorize.net payments<br / >Separate multiple phrases by the pipe character: <b>|</b>","＆NBSP;例如。进入"捕获量"不显示authorize.net支付由管道字符<br />分隔多个词组：<B> | </ B>"
"<b>Default Label dimensions (portrait):</b>","<b>默认标签尺寸（纵向）：</ B>"
"<b>Label dimensions:250,200</b>","<B>标签尺寸：250200 </ B>"
"<div class="column_config_section" style="width:60%!important">","<DIV CLASS ="column_config_section"的风格="宽度：60％的重要">"
"<div class="column_config_section">","<DIV CLASS ="column_config_section">"
"<div class="column_config_section"><div class="column_config_para" style="margin-top: -12em;"><b>Structure:</b> <span class = "comment_code">{if X}</span><span class = "comment_code">{X}</span>,|<span  class = "comment_code">{/if}</span><br /><b>Can use these codes: </b><br /><span class = "comment_code">{prefix}</span><span  class = "comment_code">{name}</span><span class = "comment_code">{firstname}</span><span class = "comment_code">{lastname}</span><span  class = "comment_code">{suffix}</span><span class = "comment_code">{company}</span><span class = "comment_code">{street}</span><span  class = "comment_code">{city}</span><span class = "comment_code">{postcode}</span><span class = "comment_code">{country}</span><br />","<DIV CLASS ="column_config_section"> <DIV CLASS ="column_config_para"的风格="的margin-top：-12em;"> <B>结构：</ B>的<span class ="comment_code"> {如果X} </ SPAN>的<span class ="comment_code"> {X} </ SPAN>，|的<span class ="comment_code"> {/ if}个</ SPAN> <br /> <b>可以使用这些代码：</ b > <br />的<span class ="comment_code"> {PREFIX} </ SPAN> <SPAN CLASS ="comment_code">（名称）</ SPAN> <SPAN CLASS ="comment_code"> {}名字</ SPAN>的<span class ="comment_code"> {姓氏} </ SPAN> <SPAN CLASS ="comment_code"> {后缀} </ SPAN> <SPAN CLASS ="comment_code"> {公司} </ SPAN> <SPAN CLASS =" comment_code"> {街道} </ SPAN> <SPAN CLASS ="comment_code"> {城市} </ SPAN> <SPAN CLASS ="comment_code"> {邮政编码} </ SPAN> <SPAN CLASS ="comment_code"> {国家} </ SPAN> <br />"
"<div class="column_config_section"><div class="column_config_para" style="margin-top: -7.5em;"><b>Structure:</b> <span class = "comment_code">{Attribute A}</span>,<span class = "comment_code">{Attribute  B}</span>","<DIV CLASS ="column_config_section"> <DIV CLASS ="column_config_para"的风格="的margin-top：-7.5em;"> <B>结构：</ B>的<span class ="comment_code"> {属性A} < / SPAN> <SPAN CLASS ="comment_code"> {属性B} </ SPAN>"
"<div class="column_config_section"><div class="column_config_para" style="margin-top: -7.5em;"><b>Structure:</b> <span class = "comment_code">{if x}</span><span class = "comment_code">{x}</span>,|<span  class = "comment_code">{/if}</span><br /><b>Can use these codes: </b><br /><span class = "comment_code">{prefix}</span><span  class = "comment_code">{name}</span><span class = "comment_code">{firstname}</span><span class = "comment_code">{lastname}</span><span  class = "comment_code">{suffix}</span><span class = "comment_code">{company}</span><span class = "comment_code">{street}</span><span  class = "comment_code">{city}</span><span class = "comment_code">{postcode}</span><span class = "comment_code">{country}</span><br />","<DIV CLASS ="column_config_section"> <DIV CLASS ="column_config_para"的风格="的margin-top：-7.5em;"> <B>结构：</ B>的<span class ="comment_code"> {如果x} < / SPAN> <SPAN CLASS ="comment_code"> {X} </ SPAN>，|的<span class ="comment_code"> {/ if}个<br /> <</ SPAN> b>可以使用这些代码：</ b> <br />的<span class ="comment_code"> {PREFIX} </ SPAN> <SPAN CLASS ="comment_code">（名称）</ SPAN> <SPAN CLASS ="comment_code"> {}名字</ SPAN >的<span class ="comment_code"> {姓氏} </ SPAN> <SPAN CLASS ="comment_code"> {后缀} </ SPAN> <SPAN CLASS ="comment_code"> {公司} </ SPAN> <SPAN CLASS = "comment_code"> {街道} </ SPAN> <SPAN CLASS ="comment_code"> {城市} </ SPAN> <SPAN CLASS ="comment_code"> {邮政编码} </ SPAN> <SPAN CLASS ="comment_code"> {国家} </ SPAN> <br />"
"<div class="column_config_section"><div class="column_config_para" style="margin-top: -7.5em;"><b>Structure:</b><br />","<DIV CLASS ="column_config_section"> <DIV CLASS ="column_config_para"的风格="的margin-top：-7.5em;"> <B>结构：</ B> <br />"
"<div class="column_config_section"><div class="column_config_para">[No] Some couriers (like Royal Mail) require no accents in shipping labels.</div></div>","<DIV CLASS ="column_config_section"> <DIV CLASS ="column_config_para"> [否]有些快递员（如英国皇家邮政）不需要口音的运输标签。</ DIV> </ DIV>"
"<div class="column_config_section"><div class="column_config_para"><b>Structure:</b><br />","<DIV CLASS ="column_config_section"> <DIV CLASS ="column_config_para"> <B>结构：</ B> <br />"
"<div class="column_config_section"><div class="column_config_para">eg. Put your country, then only overseas orders will have country added </div></div>","<DIV CLASS ="column_config_section"> <DIV CLASS ="column_config_para">如。把你的国家，那么只有海外订单将有全国新增</ DIV> </ DIV>"
"<div class="column_config_section"><div class="column_config_para">If your PDFs print with missing or tofu (<b style="font-size:200%;font-weight:100;display:inline;position:relative;top:5px;">&#9647;</b>) characters, set this to 'Yes'.<br/>Setting this to 'Yes' will make your PDFs about 0.4mb bigger.<br/>If that doesn't work for you: set 'Customise fonts' to 'Yes'; then set 'Use non-roman characters to 'Yes'; then try the other font families.</div></div>","<DIV CLASS ="column_config_section"> <DIV CLASS ="column_config_para">如果您的PDF打印缺失或豆腐（<B风格="FONT-SIZE：200％; FONT-重量：100;显示：内联;位置：相对;顶部：5像素;">＆＃9647; </ b>）字符，此设置为"是"<BR/>将其设置为"是"将做出更大0.4MB您的PDF <BR/>如果。不为你工作：一组"自定义字体"为"是";然后设置"使用非罗马字符为"是";然后再尝试其他字体系列。</ DIV> </ DIV>"
"<div class="column_config_section"><div class="column_config_para">Set to the most prominent colour in your logo. [#8AC371]<br/>(Used for title borders).</div></div>","<DIV CLASS ="column_config_section"> <DIV CLASS ="column_config_para">设置为最突出的颜色在您的标志。 [＃8AC371] <BR/>（用于标题的边界）。</ DIV> </ DIV>"
"<div class="column_config_section"><div class="column_config_para">Use this if you need a specific cutoff point (eg for labels) which the auto-cutoff is going over","<DIV CLASS ="column_config_section"> <DIV CLASS ="column_config_para">如果你需要一个特定的分界点（如标签）使用此其中自动截止即将结束"
"<img src="//moogento.com/logo/moogento_tinylogo.lp.png" alt="Moogento" width="20" style="vertical-align:bottom;margin-left:-1px;"/> MOOGENTO Extensions","<IMG SRC ="// moogento.com/logo/moogento_tinylogo.lp.png"ALT ="Moogento"WIDTH ="20"的风格="垂直对齐：底部;保证金左：-1px;"/> MOOGENTO扩展"
"18 Flag","18标志"
"2 places","2个地方"
"21 Flag","21标志"
"2a Shipmethod match","2A Shipmethod比赛"
"2b Shipmethod match","2B Shipmethod比赛"
"2c Shipmethod match","2C Shipmethod比赛"
"2d Country negative match","2D国家消极比赛"
"2nd attribute?","第二个属性？"
"2nd background image?","第二个背景图片？"
"2nd Custom page title","第二个自定义页面标题"
"2nd Image file","第二次图像文件"
"2nd Order attribute code","二阶属性代码"
"2nd Order custom attribute?","二阶自定义属性？"
"2nd page title","第2页标题"
"2nd Sort by :","第二排序方式："
"2nd sort direction :","第二排序方向："
"3 places","3个地方"
"3rd attribute?","第三个属性？"
"4 places","4个地方"
"4th attribute?","4属性？"
"Above address","上面的地址"
"According to the USPS all addresses should be capitalised to improve delivery time","据美国邮政的所有地址应该大写，提高交货时间"
"According to the USPS all addresses should be capitalised to improve delivery time and accuracy","据美国邮政的所有地址应该大写，提高交货时间和精度"
"Action Menu Options","操作菜单选项"
"Actual attribute code (eg: shelf)","实际属性代码（例如：货架）"
"Add 'Packed by' note?","添加备注"由盒装"？"
"Add <b><a href="https://moogento.com/autocn22">autoCN22</a> Customs label?</b>","添加的<b> <a href="https://moogento.com/autocn22"> autoCN22 </A>海关标签？</ B>"
"Add 1 per line, exact attribute labels which you *don't* want to show","加1每行，准确的属性标签，你*不*想展示"
"Add 2nd Order ID barcode?","添加第二个订单ID条码？"
"Add 2nd shipping address?","添加第二个送货地址？"
"Add 2nd shipping-type image?","添加第二个航运型图像？"
"Add 3rd shipping-type image?","新增第3个航运型图像？"
"Add a 2nd background image?","添加第二个背景图片？"
"Add a 2nd page title?","添加第2页标题？"
"Add a background image?","添加背景图片？"
"Add a flat shipping address?","添加一台送货地址？"
"Add address label?","添加地址标签？"
"Add an <b>autoCN22</b> page?","添加<B> autoCN22 </ b>页？"
"Add an <b>order-summary</b> label?","添加<B>订单摘要</ b>的标签？"
"Add company address to header?","添加公司地址头？"
"Add company address?","添加公司地址？"
"Add fixed weight?","新增固定重量是多少？"
"Add flare to gift messages?","添加耀斑礼物消息？"
"Add flat shipping address?","加入平板送货地址？"
"Add full-page background image?","添加整页的背景图片？"
"Add header logo?","添加标题标志？"
"Add image background to label?","添加图片背景标签？"
"Add letterhead?","添加信笺？"
"Add logo?","新增标志？"
"Add on right of SKU","加上SKU权"
"Add Order ID above address?","添加订单ID上面的地址？"
"Add Order ID barcode?","添加订单ID条码？"
"Add ordered qty to stock-needed qty?","订购数量添加到股票的数量需要？"
"Add page background image?","添加页面背景图片？"
"Add return address at bottom?","在底部新增返回地址？"
"Add return address?","添加返回地址？"
"Add shipping address at bottom?","在底部新增送货地址？"
"Add shipping label image?","加入货运标签的形象？"
"Add shipping label?","加入货运标签？"
"Add shipping-type image?","加入航运型图像？"
"Add static text?","添加静态文本？"
"Add tax in order subtotal [Europe Standard]","为了小计添加税[欧洲标准]"
"Add tax to number?","添加税是多少？"
"Add tax to product line subtotal [US Standard]","添加税的产品线分类汇总[美国标准]"
"Add tracking number as barcode?","添加追踪号码条形码？"
"Add tracking number?","添加追踪号码？"
"Address format","地址格式"
"Address label : Color","地址标签：颜色"
"Address label : Font","地址标签：字体"
"Address label : Size","地址标签：大小"
"Address label : Style","地址标签：风格"
"Address text","地址文本"
"Address text, Default","地址文字，默认"
"Address text, Group 1","地址文本，1组"
"Address text, Group 2","地址文本，第2组"
"Address text, Group 3","地址文本，第3组"
"Address-label Sheet Options","地址标签页选项"
"Adds a field for shipping methods that don't come from WSA Store Pickup","添加一个字段，用于运输方法不来自WSA零售店提货"
"Admin: Order-view PDF Invoice and Packing Sheet button?","管理员：订单查看PDF发票和装箱表按钮？"
"Admin: Order-view PDF Invoice button?","管理员：订单查看PDF发票按钮？"
"Admin: Order-view PDF Packing Sheet button?","管理员：订单查看PDF包装表按钮？"
"Admin: Order-view PDF Zebra Label button?","管理员：订单查看PDF斑马标签按钮？"
"Admin: Order-view Resend Email button?","管理员：订单视图重新发送电子邮件按钮？"
"Alert Flag","报警标志"
"Align text : center","文本对齐：中心"
"Align text : left","对齐文本：左"
"All","所有"
"All : non-interlaced <b>and</b> non-transparent .png","所有：非交错<b>和</ b>的非透明的PNG"
"Allow Customers to Make PDFs?","让客户PDF文件？"
"Alternate row color","交替行颜色"
"Alternate row in picklists","交替行中的领料单"
"Alternate, billing down, shipping up","备用，结算下来，运送起来"
"Always override &amp; use courierRules Shipping Connector Label if available?","始终覆盖和放大器;使用courierRules航运连接器标签（如果可用）？"
"Amount to add","添加量"
"Angle Text","文字角度"
"Angled Ribbon","斜角丝带"
"Applies to Packing Sheets and Invoices, in the section which shows shipping method etc.","适用于包装表和发票，其中显示送货方式等部分"
"Ascending","上升"
"Attr.(1) Xpos","ATTR（1）XPOS"
"Attr.(2) Xpos","ATTR（2）XPOS"
"Attr.(3) Xpos","ATTR（3）XPOS"
"Attr.(4) Xpos","ATTR（4）XPOS"
"Attribute 1","属性1"
"Attribute 2","属性2"
"Attribute 3","属性3"
"Attribute 4","属性4"
"Attribute code","属性代码"
"Attribute code (eg. for shelving info, maybe you have an attribute: shelf)<br /><b>You need to have created this attribute, and assigned values for each product for it to work!</b>","属性代码（如搁置信息，也许你有一个属性：货架）<br /> <b>您需要创建这个属性，并为每个产品分配的值，它的工作</ B>！"
"Attribute code 1:","属性代码1："
"Attribute code 2:","属性代码2："
"Attribute code 3:","属性码三："
"Attribute code 4:","属性码4："
"Attribute code 5:","属性代码5："
"Attribute code for shelving info; eg. shelf","属性代码搁置信息;例如。架"
"Attribute code for supplier data; Default: supplier","属性对供应商数据的代码;默认值：供应商"
"Attribute code; eg. shelf","属性代码;例如。架"
"Attribute codes?","属性代码？"
"Attribute column title","属性栏标题"
"Attribute to show","属性显示"
"Attribute to sort by :","属性排序："
"Attribute to use as product name","属性作为商品名称使用"
"Auto description 1","AUTO说明1"
"Auto description 3","AUTO说明3"
"Auto Processing","自动处理"
"Automatic action :","自动动作："
"Automatic action #2:","自动动作2："
"Automatic action #3:","自动动作三："
"Automation Connection","自动化连接"
"Background Image","背景图"
"Background image position","背景图像位置"
"Background image?","背景图？"
"barcode : Font","条码：字体"
"barcode font size","条形码字体大小"
"barcode Font Size (Orders)","条形码字体大小（订单）"
"barcode Font Size (Products)","条形码字体大小（产品）"
"barcode font-size","条形码字体大小"
"barcode size","条形码尺寸"
"barcode X-pos.","条码的X POS。"
"Because the Order currency is different from the Store currency, the conversion from","因为订单货币与货币店，从不同的转换"
"Beside address","除了地址"
"Billing address position","开票地址位置"
"Billing address posititon","开票地址posititon"
"Billing address title","开票地址标题"
"Bkg","BKG"
"Blank = #000000 (#HEX colour code)","空白=＃000000（＃十六进位颜色代码）"
"Blank box image","空白框图像"
"Bold","胆大"
"Bold 'Extra shipping details' labels?","Bold的额外的运输详细信息"标签？"
"Bold italic","加粗斜体"
"Bold last line in page-base shipping addresses?","在页面基送货地址大胆的最后一行？"
"Bold last line in page-top shipping addresses?","在页面顶部送货地址大胆的最后一行？"
"Bold product name?","大胆的产品名称？"
"Border color","边框颜色"
"Bottom of page","页面底部"
"Box 1 Image","专栏1图片"
"Box 2a Image (Store Pickup)","第2a图像（零售店提货）"
"Box 2b Image (Express Mail)","箱2B图像（特快专递）"
"Box 2c Image (Priority International)","箱2C图像（优先级国际）"
"Box 2d Image (Standard International)","箱2D图像（标准国际）"
"Box 3 Image","专栏3图像"
"Box count estimation?","箱数的估计？"
"Bring up top address?","打开顶部的地址？"
"Buttons for PDFs","按钮PDF文件"
"By default we output ANSI, which works well for Windows machines and special characters.<br >If you need UTF-8, just choose that here","默认情况下，我们输出的ANSI，这对于Windows机器和特殊字符效果很好。<br>如果您需要UTF-8，只要选择在这里"
"By Height","通过高度"
"By Width","通过宽"
"Calculate line totals by:","通过计算行总计："
"Callout colour","标注颜色"
"Can be handy to reduce customer support - eg. set to a custom Processing status of 'Packing your order now'","可以方便地降低客户支持 - 例如。设置为"现在包装订单'自定义处理状态"
"Cancel?","取消？"
"Capitalise shipping labels?","Capitalise货运标签？"
"Category translation","翻译类"
"Center values?","中心值？"
"Centered in page","中心页面"
"Centered in product list","集中在产品列表"
"Change order status","更改订单状态"
"Change the layout of shipping addresses","更改送货地址布局"
"Change to status:","更改状态："
"Check for gift message?","检查礼品消息？"
"Clear Cached Images in pickPack","在pickPack清除缓存图片"
"Code","码"
"Color","颜色"
"Color attribute","颜色属性"
"Color X-pos.","色彩的X POS。"
"Column mapping","列映射"
"Columns Y-X-pos.","列Y-X-POS。"
"Combine attribute?","联合收割机的属性？"
"Combine custom attributes under product line?","结合下的产品线自定义属性？"
"Combine custom product attributes under the product line?","结合产品线下定制产品属性？"
"Combine pdfs","联合概率密度函数"
"Combine product line details?","结合产品线的详细信息？"
"Combine the custom attributes listed below?","结合自定义属性下面列出？"
"Combined Attributes Xpos","组合属性XPOS"
"Combined Packing Sheet/Invoice' grouped by Order ID?","组合填料表/发票"按订单ID分组？"
"Combined pdfs?","联合概率密度函数？"
"Comma separated top,bottom widths (eg 1,2)","以逗号分隔的顶部，底部宽度（如1,2）"
"Comma-separated list of customer group names where you don't want the group name","在那里你不希望的组名的客户群名逗号分隔的列表"
"Comma-separated list of SKUs to *not* show","逗号分隔的SKU列表*不*秀"
"Comma-separated list of SKUs to *not* show a count for","逗号分隔的SKU列表*不*显示计数"
"Comments","注释"
"Company address","公司地址"
"Company address : Color","公司地址：颜色"
"Company address : Font","公司地址：字体"
"Company address : Size","公司地址：大小"
"Company address : Style","公司地址：风格"
"Company address, Default","公司地址，默认"
"Company address, Group 1","公司地址，1组"
"Company address, Group 2","公司地址，第2组"
"Company address, Group 3","公司地址，集团3"
"Condition","条件"
"Configurable product name","配置产品名称"
"Cost (base) to (display) exchange rate","成本（基地）至（显示器）的汇率"
"Cost currency prefix","成本货币前缀"
"Cost multiplier","成本倍增"
"Cost subtotal?","成本小计？"
"courierRules Method","courierRules方法"
"courierRules method?","courierRules方法？"
"courierRules Shipping Method","courierRules配送方式"
"CSV (Order-combined Products)","CSV（订单组合产品）"
"CSV (Order-combined Products) Options","CSV（订单组合产品）选项"
"CSV (Order-combined Products)?","CSV（订单组合产品）？"
"CSV (Order-separated Products)","CSV（订单分离产品）"
"CSV (Order-separated Products) Options","CSV（订单分离产品）选项"
"CSV (Order-separated Products)?","CSV（订单分离产品）？"
"CSV (Orders)","CSV（订单）"
"CSV (Orders) Options","CSV（订单）选项"
"CSV (Orders)?","CSV（订单）？"
"CSV field separator","CSV字段分隔符"
"CSV output encoding","CSV输出编码"
"CSV/XML (Cargo Manifest)","CSV / XML（货物舱单）"
"CSV/XML (Cargo Manifest)?","CSV / XML（货物舱单）？"
"Custom","习俗"
"Custom Attribute","自定义属性"
"Custom attribute (1)","自定义属性（1）"
"Custom attribute (2)","自定义属性（2）"
"Custom attribute (3)","自定义属性（3）"
"Custom attribute (4)","自定义属性（4）"
"Custom CSV field separator","自定义CSV字段分隔符"
"Custom font file","自定义字体文件"
"Custom image","自定义图像"
"Custom Message : Background Color","自定义消息：背景颜色"
"Custom Message : Color","自定义消息：颜色"
"Custom Message : Font","自定义消息：字体"
"Custom Message : Size","自定义消息：尺寸"
"Custom Message : Style","自定义消息：样式"
"Custom message under product list?","在产品列表中的自定义消息？"
"Custom options column title","自定义选项栏标题"
"Custom Order Attribute","自订属性"
"Custom page title","自定义页面标题"
"Custom product attribute code (eg: shelf)","定制产品属性代码（例如：货架）"
"Custom product attribute?","定制产品属性？"
"Custom text image","自定义文本图像"
"Custom text under product list?","在产品列表中自定义文本？"
"Custom Value","自定义值"
"Custom weight fields?","自定义权重字段？"
"Custom weightbased count?","自weightbased计数？"
"Custom Weightbased label?","自Weightbased标签？"
"Custom Weightbased text?","自Weightbased文字？"
"Customer Address X-pos.","客户地址的X POS。"
"Customer attribute code","客户属性代码"
"Customer Comments","客户评论"
"Customer custom attribute?","客户自定义属性？"
"Customer Email","客户电子邮件"
"Customer Email?","客户的电子邮件？"
"Customer group?","客户群？"
"Customer ID (Footer) X-pos.","客户ID（页脚）x-POS。"
"Customer ID X-pos.","客户ID为X-POS。"
"Customer ID?","客户ID？"
"Customer name X-pos.","客户名称的X POS。"
"Customer VAT title","客户增值税称号"
"Customer: Change "Print Invoice" to "PDF Invoices"?","客户：改变"打印发票"为"PDF发票"？"
"Customer: Change "Print Order" to "PDF Invoices"?","客户：改变"打印订单"，"PDF发票"？"
"Customer: PDF Invoice button?","顾客：PDF发票按钮？"
"Customer: PDF Packing Sheet button?","顾客：PDF包装表按钮？"
"Customise 'Packed by' text","自定义文本"被包装""
"Customise fonts/colours?","自定义的字体/颜色？"
"Customize page title?","自定义页面的标题？"
"Date format","日期格式"
"Date printed?","打印日期？"
"Day","天"
"Deadline text","截止文本"
"Deadline text / date?","截止文/日期？"
"Default","默认"
"Default : Yes","默认值：是"
"Default (Use standard)","默认（使用标准）"
"Default (Use Total Price Xpos)","默认（使用总价格XPOS）"
"Default (Use total prixe Xpos)","默认（使用总prixe XPOS）"
"Default top-right; eg. 'Invoice'","默认右上角;例如。 '发票'"
"Default top-right; eg. 'Packing Sheet'","默认右上角;例如。 "装箱单""
"Default:","默认："
"Default: -230,-210","默认值：-230，-210"
"Default: ,","默认值：，"
"Default: 'OK'","默认：'OK'"
"Default: 'OK' -->","默认值："OK" - >"
"Default: "Payment due "","默认值："由于付款""
"Default: {blank}","默认值：{}空白"
"Default: #DDDDDD","默认值：#DDDDDD"
"Default: #FFFFFF","默认：#FFFFFF"
"Default: 0<br />Eg. 21.6700 @ 0 = 22; @ 1 = 21.7; @ 2 = 21.67; @ -1 = 20","默认值：0 <br />例如。 21.6700 @ 0 = 22; @ 1 = 21.7; @ 2 = 21.67; @ -1 = 20"
"Default: 1<br />Eg. Change the display cost to match your actual end costs","默认值：1 <br />例如。更改显示的成本，以符合您实际的最终成本"
"Default: 1<br />Eg. kg -> lb = 2.2046; lb -> kg = 0.4536","默认值：1 <br />例如。公斤 - >磅= 2.2046;磅 - >公斤= 0.4536"
"Default: 1<br />Eg. your base currency is USD, your manifest display currency is GBP : enter the exchange rate multiplier for USD -> GBP","默认值：1 <br />例如。基础货币是美元，你的清单显示货币是英镑：输入汇率乘数USD  - > GBP"
"Default: 100","默认值：100"
"Default: 13pt/5pt (top/bottom), 5pt (left/right)","默认值：13pt / 5pt（上/下），5pt（左/右）"
"Default: 17","默认值：17"
"Default: 185","默认值：185"
"Default: 2 [1.1256 becomes 1.13]","默认值：2 [1.1256变为1.13]"
"Default: 2<br />Eg. 21.6700 @ 0 = 22; @ 1 = 21.7; @ 2 = 21.67; @ -1 = 20","默认值：2 <br />例如。 21.6700 @ 0 = 22; @ 1 = 21.7; @ 2 = 21.67; @ -1 = 20"
"Default: 200","默认值：200"
"Default: 22pt (top/bottom), 30pt (left/right)","默认：22pt（顶部/底部），30pt（左/右）"
"Default: 25","默认值：25"
"Default: 25 -->","默认值：25  - >"
"Default: 25, 25 (can leave one blank)","默认值：25，25（可留一个空白）"
"Default: 250","默认值：250"
"Default: 250, 100. Need to select [Yes] on "Show order gift message" or "Show product gift message".","默认值：250，100需要选择[是]"显示顺序的礼物消息"或"查看产品礼品消息"。"
"Default: 250, 100. Need to select yes on "Show order gift message" or "Show product gift message"","默认值：250，100需要在"显示订单的礼物留言"或"查看产品礼品消息"选择yes"
"Default: 250x182","默认值：250x182"
"Default: 3","默认值：3"
"Default: 350","默认值：350"
"Default: 380","默认值：380"
"Default: 40","默认值：40"
"Default: 400","默认值：400"
"Default: 420","默认值：420"
"Default: 450","默认值：450"
"Default: 460","默认值：460"
"Default: 475","默认值：475"
"Default: 480","默认值：480"
"Default: 50","默认值：50"
"Default: 500","默认值：500"
"Default: 520","默认值：520"
"Default: 5pt (top/bottom), 5pt (left/right)","默认：5pt（顶部/底部），5pt（左/右）"
"Default: 5pt/5pt (top/bottom), 5pt/5pt (left/right)","默认值：5pt / 5pt（上/下），5pt / 5pt（左/右）"
"Default: 67","默认值：67"
"Default: 8","默认值：8"
"Default: 80","默认值：80"
"Default: backordered","默认值：缺货"
"Default: Bold","默认值：粗体"
"Default: center","默认：中心"
"Default: Code128","默认值：代码128"
"Default: codes","默认值：代码"
"Default: Empty","默认值：空"
"Default: Grand Total","默认值：总计"
"Default: ID","默认：ID"
"Default: ID -->","默认：ID  - >"
"Default: invoice_","默认值：invoice_"
"Default: invoice+packing-sheet_","默认值：发票+包装，sheet_"
"Default: items","默认：项目"
"Default: Left (if right, turn off barcodes, addresses; if full-width no company","默认值：左（右如果，关闭条形码，地址;若全宽没有一家公司"
"Default: M j, Y . Format this according to www.php.net/date","默认：MĴ，Y。为此，根据www.php.net/date格式化"
"Default: Method B","默认值：方法B"
"Default: name","默认值：名称"
"Default: order-combined_","默认：订单combined_"
"Default: order-separated_","默认：订单separated_"
"Default: out-of-stock-list_","默认：外的股票list_"
"Default: packing-sheet_","默认：包装，sheet_"
"Default: Phone","默认：电话"
"Default: Phone -->","默认：电话 - >"
"Default: product-separated_","默认：产品separated_"
"Default: pt (top/bottom), pt (left/right)","默认：角（顶/底），角（左/右）"
"Default: Qty","默认值：数量"
"Default: Qty -->","默认值：数量 - >"
"Default: Ship to:","默认：船到："
"Default: Shipping","默认值：航运"
"Default: Simple product name","默认值：简单的产品名称"
"Default: Source","默认：源"
"Default: Subtotal","默认：小计"
"Default: tax","默认值：税"
"Default: total","默认值：总"
"Default: USD","默认：USD"
"Default: VAT Rateable","默认值：增值税应课差饷租"
"Default: warehouse","默认值：仓库"
"Default: Y_m_d . Format this according to www.php.net/date","默认值：Y_m_d。为此，根据www.php.net/date格式化"
"Default: Zero-rated","默认值：零税率"
"Default:7","默认值：7"
"Default: No","默认值：无"
"Default: Yes","默认值：是"
"Depends on your stock management system","取决于你的库存管理系统"
"Descending","降序"
"Detailed CC info?","详细CC信息？"
"Dimensions","外形尺寸"
"Dimensions : 'Label width' x 'Label height' @ 300dpi : non-interlaced and non-transparent .png","外形尺寸：'标签宽度"X"标签高度"@ 300dpi的：非隔行和非透明的PNG"
"Dimensions 180<b style="color:red;">pt</b> x 120<b style="color:red;">pt</b> @ 300dpi : non-interlaced <b>and</b> non-transparent .png","外形尺寸180 <B风格="颜色：红色;"> PT </ B>×120 <B风格="颜色：红色;"> PT </ B> @ 300dpi的：非交错<b>和</ B>非透明的PNG"
"Dimensions 540<b style="color:red;">pt</b>(A4)|562<b style="color:red;">pt</b>(US Letter) x 1-200<b style="color:red;">pt</b> @ 300dpi : non-interlaced <b>and</b> non-transparent .png","外形尺寸540 <B风格="颜色：红色;"> PT </ B>（A4）| 562 <B风格="颜色：红色;"> PT </ B>（美信）×1-200 <B风格="COLOR：红色;"> PT </ b> @ 300dpi的：非交错<b>和</ b>的非透明的PNG"
"Dispatch Date?","发货日期？"
"Don't count these custom option SKUs :","不要指望这些自定义选项的SKU："
"Double-line spacing?","双行间距？"
"Double-up this barcode?","双了这个条形码？"
"Drink Flag","饮料标志"
"E: ","电邮: "
"Eg. nudge it up off integrated labels","例如。轻推它关闭集成标签"
"eg. put 'wholesale', then only wholesale customers will see 'Message B'","例如。把"批发"，那么只有批发客户将看到"消息B'"
"eg. put your country, then only overseas orders will have country added","例如。把你的国家，那么只有海外订单将有全国新增"
"Eg. shelving info","例如。搁置信息"
"Email: Body","电子邮件：正文"
"Email: Send To","电子邮件：发送至"
"Email: Sender","电子邮件：发送"
"Email: Subject","电子邮件主题"
"Enable auto processing?","启用自动处理？"
"Enter your license key here","在此输入您的许可证密钥"
"Exactly position shipping detail (eg. for envelope window)","确切位置航运细节（如包络窗）"
"Exactly position top address (eg. for envelope window)","究竟顶端位置的地址（如用于信封窗口）"
"Export","出口"
"Export: Path","出口：路径"
"Extra attribute position","附加属性的位置"
"F: ","传真: "
"File Path","文件路径"
"Fill Bars?","填写酒吧？"
"Fill bkg comments box ?","填写BKG评论框？"
"Fill columns titlebar?","填写栏标题栏？"
"Filter again?","再次过滤器？"
"Filter by supplier?","由供应商过滤器？"
"Filter items again?","再次筛选项目？"
"Filter items by status?","通过过滤状态项目？"
"Filter items?","筛选项目？"
"Filter order notes?","滤波器的阶笔记吗？"
"Filter out some options?","过滤掉一些选择？"
"Filter out some?","过滤掉一些？"
"Filter out these attributes","过滤掉这些属性"
"Filter out these custom option SKUs :","过滤掉这些自定义选项的SKU："
"Filter shipped items?","筛选运项目？"
"Filter text","过滤文本"
"Filter text (don't show notes containg this text)","过滤器文本（不显示备注含有本文字）"
"Filter?","过滤？"
"Filter/Split which PDFs?","过滤器/分离其中的PDF文件？"
"Filters: Order-separated PDFs, Order-combined PDFs","过滤器：订单分离的PDF文件，订单合并PDF文件"
"First Name","用户名:"
"First order starts at","一阶开始于"
"Fix Subtotals to page base","修复汇总页面基地"
"Flat-address font size","平地址字号"
"Font","字形"
"Font size","字体大小"
"Font size (Product Lines)","字体大小（产品线）"
"Font size (Return address)","字体大小（返回地址）"
"Font size (Shipping address)","字体大小（送货地址）"
"For all customer group types","对于所有的客户群类型"
"For any customer group containing filter word","对于任何包含客户组过滤器字"
"For configurable products, show:","对于配置的产品，显示："
"For custom minimum stock levels for specific SKUs, set like this:","对于自定义的最低库存水平为特定的SKU，设置如下："
"For full-page sharp backgrounds, upload images with dimensions  595<b style="color:red;">pt</b> x 842<b style="color:red;">pt</b> (A4), or 612<b style="color:red;">pt</b> x 792<b style="color:red;">pt</b> (Letter)","对于整版尖锐的背景，上传，尺寸595的图像<B风格="颜色：红色;"> PT </ B系列> X 842 <B风格="颜色：红色;"> PT </ B>（A4），或612 <b风格="颜色：红色;"> PT </ b系列> X 792 <b风格="颜色：红色;"> PT </ b>（信纸）"
"For Internal Print Flags use "0" to avoid duplicate printing","对于内置式打印标志使用"0"，以避免重复印刷"
"Force gift message font?","力礼品讯息的字体？"
"Format product options?","格式产品的选择？"
"Format product?","格式产品？"
"FTP host","FTP主机"
"FTP password","FTP密码"
"FTP port","FTP端口"
"FTP remote path","FTP远程路径"
"FTP user","FTP用户"
"Full height of each label (default 168pt)","每个标签（默认168pt）的全高"
"Full height of each label (default 432pt)","每个标签（默认432pt）的全高"
"Full Page Width","全页宽"
"Full width of each label (default 190pt)","每个标签（默认190pt）的全宽"
"Full width of each label (default 288pt)","每个标签（默认288pt）的全宽"
"Gallery Images (Max 2)","图库图片（最大2）"
"General : CSV","通用：CSV"
"General : PDF","一般：PDF"
"General Options","常规选项"
"Germany CN22 Label Image","德国CN22标签图像"
"Gift card","礼物卡"
"Gift message","礼品消息"
"Gift Message : Background Color","礼品消息：背景颜色"
"Gift Message : Color","礼品消息：颜色"
"Gift Message : Font","礼品消息：字体"
"Gift Message : Size","礼品消息：尺码"
"Gift Message : Style","礼品消息：风格"
"Gift wrap","礼品包装"
"Goes at page base - good for integrated labels","在那张网页的基础 - 良好的综合标签"
"Goes at page base - handy for QC","在那张网页基地 - 得心应手QC"
"Goes on the right of the header logo","那张头标志的右侧"
"Goes on the top-left of the page","那张页面的左上角"
"Good for 3-part integrated labels, eg. for peel-off address records","适合3部分组成的综合性的标签，如：对于剥离地址记录"
"Good for a footer image","适合页脚图像"
"Good for integrated labels","适合集成标签"
"Good for tax numbers, return instructions","适合税号，返回指令"
"Good for things like tear-off labels, or adding to the return address abel to make it a 'Returns Label'","适合之类的东西撕下标签，或添加的返回地址阿贝尔，使之成为"返回标签""
"Grand Total (from Magento)?","总计（从Magento的）？"
"Grey out products from other suppliers","从其他供应商的灰色出来的产品"
"Group by Category?","按类别组？"
"Group With Other Prints","集团其他印刷品"
"Header logo","标题标志"
"Hide if gift order?","如果隐藏秩序的礼物？"
"Hide prices if a gift order?","如果隐藏的礼物订单价格？"
"Hide product option labels?","隐藏产品选项标签？"
"Hide products from other suppliers","从其他供应商的产品隐藏"
"Hide Shipping Method for Store-Pickup orders?","隐藏配送方式店铺，皮卡的订单？"
"Hide supplier attribute column?","隐藏供应商属性栏？"
"Hide these groups :","隐藏这些群体："
"Hide this 'country name'","隐藏这个'国名'"
"Hide this 'country name' :","隐藏这个'国名'："
"Hide this' country name' :","隐藏这个'国名'："
"Hide Virtual and Downloadable products from PDFs?","隐藏PDF文件虚拟和可下载的产品呢？"
"Hide zero discount value?","隐藏零折扣价值？"
"Hide zero shipping value?","隐藏零航运价值？"
"Hide zero tax value?","隐藏零税率的价值？"
"High-res","高分辨率"
"high-res/low-res?","高分辨率/低分辨率？"
"High/Low Resolution?","高/低分辨率？"
"Hold?","保持？"
"Holland CN22 Label Image","荷兰CN22标签图像"
"Horizontal bars : Background Color","单杠：背景颜色"
"Ie. if you want them listed together and not in separate columns","IE浏览器。如果你想他们列在一起，而不是在单独的列"
"If 'Yes' this won't include items which have been marked as shipped.","如果"是"这不包括发货时已标记的项目。"
"If child image missing, show parent?","如果孩子的图像丢失，显示父母？"
"If set to Yes, after an order has been printed, you can only re-print it from inside the Order Detail page.<br />The aim is to avoid shipping the same order multiple times by mistake.","如果设置为Yes，订单已被打印后，你只能从订单详细信息页面中重新打印。<br />目的是避免误多次出货顺序相同。"
"If supplier 'logged in', do what with other suppliers products?","如果供应商'登录'，做什么与其他供应商的产品呢？"
"If you get long addresses that spill over the edge of your label, set this number to force a linebreak","如果您收到波及你的标签边缘长地址，将这个值设为强制断行"
"If you ship a lot of single items, this can help alert your shipping staff that","如果您运送大量的单品，这可以帮助你提醒发货的工作人员，"
"If you ship a lot of single items, this can help alert your shipping staff that there's more than one!","如果您运送大量的单品，这可以帮助你提醒发货的工作人员，有不止一个！"
"If you're using shipEasy, and have setup any of the 3 custom flag columns, you can show the value.","如果您使用shipEasy，并设置任何3个自定义标记栏，可以显示该值。"
"Image behind return address?","返回地址后面的图片？"
"Image behind ship address?","船地址后面的图像？"
"Image border color","图片边框颜色"
"Image file","图像文件"
"Image nudge","图片微调"
"Image position nudge","图像位置微调"
"Images column title","图片标题栏"
"Import","进口"
"In positionable box (handy for tear-off labels)","在定位框（为方便撕下标签）"
"Incl.","含。"
"Include customer phone in addresses?","包括客户电话地址？"
"Include discount?","包括折扣吗？"
"Include discounts in product line price","包括产品线的价格折扣"
"Include Order ID in filename for single page print?","包括订单ID的文件名，单页打印？"
"Include Order ID in filename for single page prints?","包括订单ID文件名中的单页打印？"
"Include order notes?","包括订单笔记吗？"
"Include shipping country in addresses?","包括地址发货的国家吗？"
"Include tax in 'Shipping'?","包括"运费"税？"
"Include Tax in Price?","包括价格税？"
"Include Tax in Shipping Price?","包括在航运价格税？"
"Include tax in value?","包括增值税？"
"Include tax?","包括税？"
"Installation Server","安装服务器"
"Invert some of the title colors...","反转一些标题的颜色..."
"Invoice Address","发票地址"
"Invoice Date","发票日期"
"Invoice ID?","发票ID？"
"Invoice Number","发票号码"
"Invoice Options","发票选项"
"Invoiced Date","开具发票的日期"
"Is this included in the Subtotal?","这是包含在小计？"
"Italic","斜体"
"Item Count","商品总数:"
"Items column title","物品栏标题"
"Items count?","项目算什么？"
"Label","标签"
"Label height","标签高度"
"Label margins","标签页边距"
"Label Nudge","标签微调"
"Label padding","标签填充"
"Label width","标签宽度"
"Layout template","布局模板"
"License","执照"
"License Key","注册码"
"Line above fixed footer image?","线以上的固定页脚形象？"
"Line widths","线宽"
"Lock image to page base?","锁定图像页面基地？"
"Logo position","徽标位置"
"Low-res","低分辨率"
"Magento Order ID","Magento的订单ID"
"Main Image","主影像"
"Makes gift orders a bit happier-looking by adding a special image on the message box.","让礼品订单过得快乐看，通过在消息框中添加一个特殊的图像。"
"Manual description 1","手册介绍1"
"Margin (from right)","保证金（右）"
"Margin (from right) for flat-address","保证金（右一）为平面地址"
"Marketplace Order ID","市场订单ID"
"Match shipping description :","匹配运费说明："
"Match text:","匹配文本："
"Max address width (pt)","最大地址宽度（PT）"
"Max dimensions","最大尺寸"
"Max weight per box","每箱最大重量"
"Max width","最大宽度"
"Messages","消息"
"Middle of page","页面中间"
"Min. weight to hide shipment method and put 'Pallet'","分钟。重量躲运输方式，并把"托盘""
"Minimum stock qty","最低库存数量"
"Moogento","Moogento"
"Moogento pickPack","Moogento pickPack"
"Moogento pickPack : CSV (Order-combined Products)","Moogento pickPack：CSV（订单组合产品）"
"Moogento pickPack : CSV (Order-separated Products)","Moogento pickPack：CSV（订单分离产品）"
"Moogento pickPack : CSV (Orders)","Moogento pickPack：CSV（订单）"
"Moogento pickPack : CSV/XML (Cargo Manifest)","Moogento pickPack：CSV / XML（货物舱单）"
"Moogento pickPack : PDF (Address Labels)","Moogento pickPack：PDF（地址标签）"
"Moogento pickPack : PDF (CN22 Labels)","Moogento pickPack：PDF（CN22标签）"
"Moogento pickPack : PDF (Gift Message)","Moogento pickPack：PDF（礼品消息）"
"Moogento pickPack : PDF (Invoice and Packing Sheet)","Moogento pickPack：PDF（发票和装箱单）"
"Moogento pickPack : PDF (Invoice)","Moogento pickPack：PDF（发票）"
"Moogento pickPack : PDF (Order-combined Picklist)","Moogento pickPack：PDF（订单合并领料）"
"Moogento pickPack : PDF (Order-separated Picklist)","Moogento pickPack：PDF（订单分开领料）"
"Moogento pickPack : PDF (Orders Summary)","Moogento pickPack：PDF（订单摘要）"
"Moogento pickPack : PDF (Packing Sheet)","Moogento pickPack：PDF（装箱单）"
"Moogento pickPack : PDF (Product-separated Picklist)","Moogento pickPack：PDF（产品分隔领料）"
"Moogento pickPack : PDF (Troylleybox Picklist)","Moogento pickPack：PDF（Troylleybox领料）"
"Moogento pickPack : PDF (Zebra Labels)","Moogento pickPack：PDF（斑马标签）"
"Moogento pickPack : PDF/CSV (Out-of-stock List)","Moogento pickPack：PDF / CSV（外的股票列表）"
"Multiplier Attribute","乘数属性"
"Multiplies product price by set multiplication factor. Eg. use to show product price limit for substitutions in pick","乘以产品的价格由一组乘法的因素。例如。用来显示在挑选替代产品的价格上限"
"Multiplies product price by set multiplication factor.<br />Eg. use to show product price limit for substitutions in pick","乘以产品的价格由一组乘法的因素。<br />例如。用来显示在挑选替代产品的价格上限"
"Multiply prices by attribute?","按属性乘以价格？"
"Name from Order","从订单名称"
"Name from Product > Default Store","从产品>默认店名"
"Name from Product > Order Store *Default*","从产品中心>订购商店*默认名称*"
"Name from Product > Specific Store","从产品>具体店名"
"New page per order?","每个订单新的一页？"
"New PDF per name?","每名新的PDF？"
"No","没有"
"No (default)","否（默认）"
"No of Items per page","没有每页项目"
"No, include all items in order","不包括以所有项目"
"No, include it in the product price","不，它包括在产品价格"
"No, include it in the product price (but also show a tax subtotal summary)","不，它包括产品的价格（但也展现出税收分类汇总摘要）"
"No, move other items to new line (+ keep linebreaks)","不，移动等物品新行（+保持换行符）"
"No, without Tax","不，不纳税"
"None","没有"
"Normal' Dimensions:  269<b style="color:red;">pt</b> x 41<b style="color:red;">pt</b> @ 300dpi<br />","普通"尺寸：269 <B风格="颜色：红色;"> PT </ B系列> X 41 <B风格="颜色：红色;"> PT </ B> @ 300dpi的<br />"
"Not recommended... Use at your own risk...","不推荐...使用您自己的风险..."
"Nudge","微调"
"Nudge 'Packed 2 by' note","微调记"由盒装2'"
"Nudge 'Packed by' text","轻推文"被包装""
"Nudge <b>autoCN22</b> label","微移<B> autoCN22 </ b>的标签"
"Nudge 2nd address","第二微调地址"
"Nudge 2nd barcode","第二微调条码"
"Nudge 2nd custom title","第二微调自定义标题"
"Nudge 2nd image","第二微调图像"
"Nudge address","微调地址"
"Nudge background image","微调的背景图片"
"Nudge barcode","条码微调"
"Nudge CN22 label","微调CN22标签"
"Nudge company address","微调公司地址"
"Nudge details","细节微调"
"Nudge entire label","微调整个标签"
"Nudge fixed image","微调固定图像"
"Nudge flat-address","轻推平地址"
"Nudge gift message","微调礼品消息"
"Nudge image","微调图像"
"Nudge label image","微调标签图像"
"Nudge logo","微调标志"
"Nudge Order ID","微调订单ID"
"Nudge Order ID barcode","微调订单ID条码"
"Nudge order notes","为了微调的注意事项"
"Nudge product line","微调产品线"
"Nudge qr-code (1)","微调QR码（1）"
"Nudge qr-code (2)","微调QR码（2）"
"Nudge return address","微调返回地址"
"Nudge return label","轻推回标签"
"Nudge Rotated Product List","微调旋转产品列表"
"Nudge shelving","搁置微调"
"Nudge shipping address","微调送货地址"
"Nudge shipping address only","仅微调送货地址"
"Nudge supplier attribute","微调供应商属性"
"Nudge title","标题微调"
"Nudge tracking barcode","微调跟踪条码"
"Nudge tracking number","微调跟踪号码"
"Nudge Zipcode barcode","微调邮编条码"
"Nudge' Packed by' note","轻推注"被包装""
"Number product list?","号码产品列表？"
"Only print once?","只能打印一次？"
"Only process orders matching shipEasy attribute?","只有处理订单匹配shipEasy属性？"
"Operand?","操作数？"
"Order Attribute","为了属性"
"Order attribute code","为了属性代码"
"Order attribute code:","订购属性代码："
"Order Attribute Value","为了属性值"
"Order Comments","订单备注:"
"Order custom attribute?","订购自定义属性？"
"Order date","订购日期"
"Order date X-pos.","订购日期的X POS。"
"Order Date?","订购日期？"
"Order ID (Footer) X-pos.","订单ID（页脚）x-POS。"
"Order ID X-pos.","订单ID为X-POS。"
"Order ID?","订单ID？"
"Order of subtotals","分类汇总订单"
"Order Source","订单来源"
"Order Source?","订单来源？"
"Order-combined Pick List Options","订单合并提货单选项"
"Order-separated Pick List Options","为了分隔提货单选项"
"Orders with In Stock Items Only","配有库存产品只有订单"
"Others?","其他？"
"Output as PDF or CSV?","输出为PDF或CSV？"
"Output Excel XML file (instead of CSV)","输出的Excel XML文件（而非CSV）"
"Output Filenames","输出文件名"
"Output only these suppliers (Hide/Grey-out others)","输出只有这些供应商（隐藏/灰色出其他）"
"Output only this supplier (Hide/Grey-out others) . . . Leave blank to auto-split all suppliers","输出只有这个供应商（隐藏/灰色出其他）。 。 。留空自动分割所有供应商"
"Override 'Minimum stock qty'","覆盖"最低库存数量""
"Override default address formatting?","覆盖默认的地址格式？"
"Override default address layout?","覆盖默认地址布局？"
"Override filter notes messages","覆盖过滤器的消息指出"
"Override stock qty output with location-specific stock?","覆盖股票数量输出特定位置的股票？"
"Override' Minimum stock qty'","覆盖"最低库存数量""
"Packing  Sheet Products : Separating Vertical Line Color","包装板材产品：分离垂直线颜色"
"Packing Sheet Options","装箱单选项"
"Packing Sheet Products : Separating Line Color","包装板材产品：分割线颜色"
"Packing Sheet Products : Separating Vertical Line Color","包装板材产品：分离垂直线颜色"
"Padding","填充"
"Page 1 Product-lines cutoff Y-pos","第1页产品线截止Y型POS"
"Page 1 products cutoff position","第1页产品切断位置"
"Page Body : Color","页面主体：颜色"
"Page Body : Font","页面主体：字体"
"Page Body : Size","页面主体：尺寸"
"Page Body : Style","页面主体：样式"
"Page padding","页边距"
"page padding","页边距"
"Page size","页面大小"
"Page template :","页面模板："
"Page title : Color","页面标题：颜色"
"Page title : Font","页面标题：字体"
"Page title : Size","页面标题：大小"
"Page title : Style","页面标题：样式"
"Paid Date","支付日期"
"Paid Date?","支付日期？"
"Pallet 'go' weight","托盘"走出去"的重量"
"Pallet' go' weight","托盘"走出去"的重量"
"Paper height","纸高度"
"Paper margins","页边距"
"Partially: lines top & bottom","部分：线顶部和底部"
"Pattern text","文本模式"
"Pattern to match :","模式匹配："
"Payment","支付:"
"Payment method?","付款方法？"
"PDF (Address Labels)","PDF（地址标签）"
"PDF (Address Labels)?","PDF（地址标签）？"
"PDF (CN22 Labels)","PDF（CN22标签）"
"PDF (CN22 Labels)?","PDF（CN22标签）？"
"PDF (Gift Message)","PDF（礼品消息）"
"PDF (Gift Message)?","PDF（礼品留言）？"
"PDF (Invoice & Packing Sheet)","PDF（发票和装箱单）"
"PDF (Invoice and Packing Sheet)?","PDF（发票和装箱单）？"
"PDF (Invoice)","PDF（发票）"
"PDF (Invoice)?","PDF（发票）？"
"PDF (Order-combined Picklist)","PDF（订单合并领料）"
"PDF (Order-combined Picklist)?","PDF（订单合并领料）？"
"PDF (Order-separated Picklist)","PDF（订单分开领料）"
"PDF (Order-separated Picklist)?","PDF（订单分开领料）？"
"PDF (Orders Summary)","PDF（Orders摘要）"
"PDF (Orders Summary)?","PDF（订单摘要）？"
"PDF (Out-of-stock List)","PDF（外的股票列表）"
"PDF (Out-of-stock List)?","PDF（外的股票列表）？"
"PDF (Packing Sheet)","PDF（装箱单）"
"PDF (Packing Sheet)?","PDF（包布）？"
"PDF (Product-separated Picklist)","PDF（产品分隔领料）"
"PDF (Product-separated Picklist)?","PDF（产品分开领料）？"
"PDF (Trolleybox Picklist)","PDF（Trolleybox领料）"
"PDF (Trolleybox Picklist)?","PDF（Trolleybox领料）？"
"PDF (Zebra Labels)","PDF（斑马标签）"
"PDF (Zebra Labels)?","PDF（斑马标签）？"
"PDF Address-label Sheet","PDF地址标签页"
"PDF Gift Message","PDF礼品消息"
"PDF Invoice","PDF发票"
"PDF Invoice &amp; Packing Sheet' Sort","PDF发票和放大器;包布'排序"
"PDF Letter","PDF信"
"PDF Order-combined Picklist","PDF订单合并领料"
"PDF Order-separated Picklist","PDF订单分开领料"
"PDF Orders Summary","PDF订单汇总"
"PDF Packing Sheet","PDF包布"
"PDF Packing Sheet + Invoice","PDF包装说明书+发票"
"PDF page size","PDF页面大小"
"PDF Product-separated Picklist","PDF产品分开领料"
"PDF Zebra Label","PDF斑马标签"
"PDF/CSV (Out-of-stock List)","PDF / CSV（外的股票列表）"
"PDF/CSV Out-of-stock List","PDF / CSV外的股票名单"
"PDF/CSV Out-of-stock List Options","PDF / CSV外的股票列表选项"
"Pick Lists only","只有选择清单"
"pickPack","pickPack"
"pickPack Validation Key","pickPack确认键"
"Pickup Date","挑个日子"
"Pickup Store Address","皮卡店铺地址"
"Pickup Store Email","皮卡存储电子邮件"
"Pickup Store ID","皮卡商店ID"
"Pickup Store Phone","皮卡店电话"
"Pickup Time","出发时间"
"Position","位置"
"Position custom text box","位置自定义文本框"
"Position of custom attributes","自定义属性的位置"
"Position of notes :","笔记的位置："
"Position of shelving info","搁置信息的位置"
"Position the addresses exactly - for integrated labels","地址准确位置 - 集成标签"
"Position the message box exactly","消息框定位准确"
"Positionable box position","定位盒位置"
"Pre-cells","预细胞"
"Price column title","Price列标题"
"Price position","价格定位"
"Price X-pos.","价格×-POS。"
"Prices","价格"
"Prices converted from","价格从转换"
"Print All?","全部打印？"
"Print barcode in separate line?","在单独的行打印条码？"
"Print Condition","打印条件"
"Print Credit Memos?","打印贷项通知单？"
"Print Invoices?","打印发票？"
"Print orders once only?","打印订单只有一次？"
"Print Packingslips?","打印Packingslips？"
"Print products label after address label?","地址标签后打印产品标签？"
"Print resolution","打印分辨率"
"Print Shipping Labels?","打印运输标签？"
"Print supplier attribute?","打印供应商的属性？"
"Priority of custom attribute grouping","定制的优先级属性分组"
"Process date?","处理日期？"
"Process orders that include out-of-stock items?","处理订单，包括外的库存物品？"
"Processing schedule","处理时间表"
"Product Category Label","产品类别标签"
"Product discount title","产品折扣称号"
"Product discount title?","产品折扣的标题？"
"Product gift message xpos","产品礼品消息XPOS"
"Product id below barcode font-size","以下条形码字体大小的产品ID"
"Product images?","产品图片？"
"Product line nudge","产品线微调"
"Product line total title","产品线总冠军"
"Product line total title?","产品线总冠军？"
"Product list sort direction :","产品列表排序方向："
"Product list titlebar padding bot","产品列表标题栏填充机器人"
"Product list titlebar padding top","产品列表标题栏填充顶部"
"Product Name","产品名称"
"Product name position","产品名称的位置"
"Product name X-pos.","产品名称的X POS。"
"Product name?","产品名称？"
"Product names or attributes contain non-roman characters?","产品名称或属性包含非罗马字符？"
"Product Options : Size","产品选项：尺码"
"Product options?","产品的选择吗？"
"Product Price x","产品股价×"
"Product SKU barcode?","产品SKU条码？"
"Product SKU below barcode font-size","产品SKU低于条形码字体大小"
"Product SKU below barcode?","产品SKU条形码下方？"
"Product weight?","产品重量？"
"Product-price Multiplier","产品价格乘数"
"Pull from custom attribute","从自定义属性拉"
"Purchase order #?","采购订单 ＃？"
"Put in separate column","把在单独的列"
"Puts in total weight, shipping carrier, payment method","放入总重量，船承运人，支付方式"
"q(Qty left to ship), s(Qty shipped), o(Qty ordered)","Q（左数量出货），S（数量发货），O（数量排序）"
"Qty column title","数量列标题"
"Qty invoiced","发票数量"
"Qty left to ship","数量左出货"
"Qty X-pos.","数量x-POS。"
"Quote all values in CSV exports?","在报价CSV出口的所有值？"
"Recalculate","重新计算"
"Recommend for long SKU","建议长期SKU"
"Reformat address?","格式化地址？"
"Reformat?","重新格式化？"
"Regular","定期"
"Remove accents from letters in address?","从地址的信件删除的口音？"
"Remove product tax from subtotal?","从分类汇总删除此产品税？"
"Remove shipping tax from","从拆除装运税"
"Remove shipping tax from subtotal?","从大部拆除装运税？"
"Remove shipping tax from tax","从税收拆除装运税"
"Repeat gift message?","重复的礼物消息？"
"Replace Default ERP Invoice with pickPacks?","替换默认ERP发票pickPacks？"
"Replace Default ERP Packing Sheet with the one from pickPack?","从pickPack一个替换默认ERP装箱单？"
"Reset","重置"
"Return address","退货地址"
"return address - Default","回复地址 - 默认"
"return address - Group 1","返回地址 -  1组"
"return address - Group 2","返回地址 - 第2组"
"return address - Group 3","返回地址 -  3组"
"Return Address Label : Color","返回地址标签：颜色"
"Return Address Label : Font","返回地址标签：字体"
"Return Address Label : Size","寄信人地址标签：大小"
"Return Address Label : Style","返回地址标签：风格"
"Return address text","寄信人地址文本"
"Right","对"
"Right Margin X","右边距点¯x"
"Rotate <b>autoCN22</b> page?","旋转<B> autoCN22 </ b>页？"
"Rotate entire label?","旋转整个标签？"
"Rotate label?","旋转标签？"
"Rotate Product list","旋转产品列表"
"Rotate return address?","旋转返回地址？"
"Rotate?","旋转？"
"Round cost by ? decimal places","回合费用是多少？小数"
"Round custom attribute numbers?","圆形自定义属性的数字？"
"Round weight by ? decimal places","圆形重量？小数"
"Rounding to 2 decimals can work well for price display.<br /><i>Default: No</i>","四舍五入到2位小数可以为价格显示正常工作<br /> <I>默认：否</ I>"
"Rule 1?","规则1？"
"Rule 2?","规则2？"
"Rules are processed in order from low to high priority numbers.<br/>","规则是按顺序处理从低到高优先级的数字。<BR/>"
"Scale Shipping Labels","大规模货运标签"
"Seeing tofu : <b style="font-size:200%;font-weight:100;display:inline;position:relative;top:5px;">&#9647;</b>?","眼看豆腐：<B风格="FONT-SIZE：200％; FONT-重量：100;显示：内联;位置：亲属;顶部：5像素;">＆＃9647; </ b>吗？"
"Select Order Attribute To Update","选择order属性来更新"
"Separate multiple matches by comma.'","用逗号分隔多个匹配'。"
"Seperator 1?","分离器1？"
"Seperator 2?","分离器2？"
"Server Name","服务器名称"
"Set in 'Shipping Labels' section","坐落在"货运标签"栏目"
"Set in 'Shipping Labels' section<br />Enable this to show eg. Royal Mail PPI labels","坐落在"货运标签"部分<br />启用此显示例如。皇家邮政PPI标签"
"Set Internal Printed Flag?","设置内部印制标志？"
"Set the currency symbol","将货币符号"
"Set to Low to keep filesize low (but background image blurred), set to High to get a sharp background (and larger filesize)","设置为低，以保持较低的文件大小（但背景图像模糊），设置为高，以获得清晰的背景（和更大的文件大小）"
"Settings File","设置文件"
"Shelving attribute","属性货架"
"Shelving position","货架位置"
"Shelving Xpos","货架XPOS"
"Shift Bundle Children Xpos","移捆绑儿童XPOS"
"Ship Date","发货日期"
"shipEasy Connection","shipEasy连接"
"shipEasy Connection","shipEasy连接"
"shipEasy flag column #","shipEasy标志列＃"
"shipEasy flag value?","shipEasy标志值？"
"Shipping Address","邮寄地址"
"Shipping address padding","送货地址填充"
"Shipping address phone?","配送:"
"Shipping address title","送货地址标题"
"Shipping Date?","发货日期？"
"Shipping Image #1","航运图像＃1"
"Shipping Image #2","航运图像＃2"
"Shipping Image #3","航运图像＃3"
"Shipping Labels","货运标签"
"Shipping Method (Default)","配送方式（默认）"
"Shipping method?","邮寄方式？"
"Shipping options?","运输选项？"
"Shipping Type","运输类型"
"Shipping/Billing Title : Style","运输/计费标题：风格"
"Shipping/Billing title position","运输/计费标题位置"
"Show","显示"
"Show 'Allowance'?","显示"津贴"？"
"Show 'Message B' for this group :","显示"留言B'这个组："
"Show 'Message B' for this group :","显示"留言B'这个组："
"Show 'Packed 2 by' note?","秀"由盒装2"注意？"
"Show 'Packed by' note?","秀"由盒装"注意？"
"Show 'Packed by' note?","秀"由盒装"注意？"
"Show 'total item count'?","秀"总项目数"？"
"Show 'total order count'?","秀"总订单数"？"
"Show 'total paid'?","秀"总报酬"？"
"Show 'total shipping paid'?","秀"总发货支付"？"
"Show 'Total Taxed Product Value'?","秀"总纳税产品价值"？"
"Show 'Total UnTaxed Product Value'?","秀"总免税的产品价值"？"
"Show #Order or #Invoice","显示#Order或#invoice所"
"Show 0 qty items?","显示0数量的项目？"
"Show 2nd attribute?","显示第二属性？"
"Show 2nd order custom attribute?","显示二阶自定义属性？"
"Show 2nd Order ID?","显示二阶ID？"
"Show 2nd qrcode?","显示第二QRCode的？"
"Show 2nd?","Show第二？"
"Show 3rd attribute?","3显示属性？"
"Show address in product label?","在显示产品标签的地址？"
"Show advanced options?","显示高级选项？"
"Show Aitoc Checkout Fields?","显示Aitoc结帐领域？"
"Show Amasty Order Attributes?","Show Amasty定单属性？"
"Show Amasty order delivery date?","显示Amasty订单交付日期？"
"Show another attribute?","显示另一个属性？"
"Show as Icon?","显示为图标？"
"Show attribute titles?","显示属性的标题？"
"Show barcode SKU?","显示条形码SKU？"
"Show Base Currency values in Subtotals?","显示小计基础货币价值？"
"Show BetaBoxes?","显示BetaBoxes？"
"Show billing address at top?","在顶部显示帐单地址？"
"Show billing address?","显示帐单地址？"
"Show billing phone under shipping address ?","账单显示电话送货地址下？"
"Show billing phone?","显示计费的手机吗？"
"Show Box 1?","显示框1？"
"Show Box 2?","显示框2？"
"Show Box 3?","展会专栏3？"
"Show box estimation?","显示盒估计？"
"Show brackets around tax?","显示各地税收等级？"
"Show bundle parent?","显示包父？"
"Show bundle parents?","显示束父母？"
"Show bundle product children?","显示产品捆绑的孩子？"
"Show column titles?","显示列标题？"
"Show cost subtotal?","显示成本小计？"
"Show Currency Exchange Rate in Subtotals?","显示货币汇率的分类汇总？"
"Show custom attribute?","显示自定义属性？"
"Show custom barcode?","显示自定义的条形码？"
"Show custom product attribute (2)?","显示自定义的产品属性（2）？"
"Show custom product attribute (3)?","显示自定义的产品属性（3）？"
"Show custom product attribute (4)?","显示自定义的产品属性（4）？"
"Show custom product attribute?","显示自定义的产品属性？"
"Show custom product attributes?","显示自定义的产品属性？"
"Show custom product options?","显示定制产品的选择吗？"
"Show custom qrcode?","显示自定义的QRCode的？"
"Show customer email?","显示客户电子邮件？"
"Show customer group?","显示客户群？"
"Show customer ID?","显示客户ID？"
"Show customer phone?","显示客户的电话？"
"Show customer VAT number?","显示顾客增值税号码？"
"Show custommer comment?","显示custommer对此有何评论？"
"Show date printed?","显示日期打印？"
"Show deadline text / date?","截止显示文本/日期？"
"Show discount?","显示折扣吗？"
"Show discounts in order subtotal","为了显示小计折扣"
"Show discounts in order subtotal'","显示折扣为了小计""
"Show discounts where?","显示折扣在哪里？"
"Show discounts?","显示折扣？"
"Show Earned Points?","展会获得的积分？"
"Show extended info line?","显示扩展信息行？"
"Show extra shipping details?","显示额外的运输细节？"
"Show fixed text?","显示固定的文本？"
"Show fixed-text for non-Store-Pickup orders?","显示固定文本无店铺皮卡的订单？"
"Show for bundle children?","显示包的孩子吗？"
"Show full payment?","显示全额付款？"
"Show gift message title 'to/from'","展会礼品消息标题'/从'"
"Show gift message?","显示礼品消息？"
"Show gift messages?","显示礼品消息？"
"Show gift wrap message?","显示礼品包装的消息？"
"Show gift wrap style?","显示礼品包装风格？"
"Show giftwrap label?","显示giftwrap标签？"
"Show Grand Total?","显示总计？"
"Show icon top-of-page for wrap orders?","显示图标包订单页面顶级？"
"Show invoiced date?","显示开具发票的日期？"
"Show items count?","显示项目数？"
"Show logo on Pick Lists?","显示在选择列表的标志？"
"Show logo on picklists?","显示在领料单的标志？"
"Show mageworld order delivery date?","显示mageworld订单交付日期？"
"Show Mageworx Multifees?","显示Mageworx Multifees？"
"Show movable Order ID?","移动显示订单ID？"
"Show name?","显示名字？"
"Show on line item' can help reduce customs fees","展会上线项目"可以帮助减少报关费"
"Show order column titles?","为了显示列标题？"
"Show order comments?","为了显示评论？"
"Show order custom attribute?","为了显示自定义属性？"
"Show order date?","显示订单日期？"
"Show order gift message?","为了显示消息的礼物？"
"Show Order Grand Total","显示订单总计"
"Show Order ID (above address)?","显示订单ID（上述地址）？"
"Show Order ID above address?","显示上述地址订单ID？"
"Show Order ID barcode?","显示订单ID条码？"
"Show Order ID barcodes?","显示订单ID条码？"
"Show Order ID in product label?","显示订单ID在产品标签？"
"Show Order ID?","显示订单ID？"
"Show Order IDs?","显示订单ID？"
"Show order number?","显示订单号？"
"Show Order Subtotals?","显示订单小计？"
"Show Order Tax Total","显示订单总税额"
"Show Order Total (no Tax)","展会订单总额（不含税）"
"Show page title bar?","显示页面的标题栏？"
"Show parent product name","显示父产品名称"
"Show payment method?","显示付款方式？"
"Show phone numbers?","显示的电话号码？"
"Show pickup date/time on same line?","显示在同一行拾取日期/时间？"
"Show Point Discount?","显示点折扣？"
"Show Price?","显示价格？"
"Show prices?","显示价格？"
"Show product gift message?","显示产品礼品消息？"
"Show Product Gift-Wrap Column?","展示产品礼品包装列？"
"Show Product Grand Total","显示产品总计"
"Show Product ID barcode","显示产品ID码"
"Show product ID below barcode?","下面显示的条码产品ID？"
"Show product images?","查看产品图片？"
"Show product line total?","显示产品线总？"
"Show Product list?","显示产品列表？"
"Show product name bold?","显示产品名称加粗？"
"Show product name?","显示的产品名称？"
"Show product names?","显示产品名称？"
"Show product options?","显示产品的选择？"
"Show Product qty?","显示产品数量？"
"Show product sku barcode?","显示产品SKU条码？"
"Show product sku?","显示产品SKU？"
"Show Product Tax Total","显示产品税合计"
"Show Product Total(no Tax)","展示产品合计（不含税）"
"Show product type?","显示产品类型？"
"Show product-level gift messages?","显示产品级的礼物消息？"
"Show purchase order #?","显示采购订单＃？"
"Show qty as:","显示数量为："
"Show return address?","显示返回地址？"
"Show Sheet Grand Total with Tax/ without Tax","显示板总计有税/不含税"
"Show Sheet Total","显示表总额"
"Show Sheet Total with Tax/ without Tax","显示与税单总额/不含税"
"Show shelving info?","显示搁置信息？"
"Show Ship Grand Total","显示船舶总计"
"Show Ship Tax Total","显示船舶总税额"
"Show Ship Total (no Tax)","展会总船舶（不含税）"
"Show shipping address at top?","在顶部显示送货地址？"
"Show shipping address title?","显示送货地址的标题？"
"Show shipping address?","显示送货地址？"
"Show shipping carrier?","显示船承运人？"
"Show shipping method?","显示送货方式？"
"Show Shipping Price?","显示航运价格？"
"Show Shipping subtotal?","显示航运小计？"
"Show shipping warehouse?","显示发货仓库？"
"Show simple product name","显示简单的产品名称"
"Show SKU?","显示SKU？"
"Show Source in subtotal?","显示来源小计？"
"Show specific attribute?","显示特定的属性？"
"Show Spent Points?","显示花了点？"
"Show stock alert below...","下面显示股票警报..."
"Show stock alerts?","显示股票快讯？"
"Show stock qty?","显示库存数量？"
"Show subtotal?","显示小计？"
"Show Subtotals?","显示小计？"
"Show tax breakdown?","显示税击穿？"
"Show tax separately?","分别显示税？"
"Show tickbox 2nd?","显示tickbox第二？"
"Show tickbox?","显示tickbox？"
"Show total discount?","显示总折扣吗？"
"Show Total Due?","显示应付总额？"
"Show Total Order","展会总订单"
"Show Total Paid?","展会总付费？"
"Show total shipping?","显示总运费？"
"Show total tax?","显示总税收？"
"Show total weight?","显示总重量？"
"Show tracking number as barcode?","显示跟踪号条形码？"
"Show tracking number?","显示追踪号码？"
"Show unit price?","显示的单价？"
"Show unit tax Total","示范单位税额合计"
"Show unit tax?","显示单位税额？"
"Show which date?","显示哪些日期？"
"Show which Store-Pickup details?","显示哪些商店，皮卡细节？"
"Show which value for configurable product names?","显示配置的产品名称，哪个值？"
"Show which value for product names?","显示产品名称哪些价值？"
"Show WSA Store-Pickup details?","显示WSA商店，皮卡细节？"
"Show zero-value discount?","显示零值折扣？"
"Show zero-value shipping?","显示零值运费？"
"Show zero-value tax?","显示零值税？"
"Show Zipcode barcode?","显示邮编条码？"
"Show?","显示？"
"Shows item if stock below this; Default: 1","显示项目，如果低于此股票;默认值：1"
"Shows SKU in red if stock below this number","显示SKU红色若跌破此股票数量"
"Signature line?","签名行？"
"Simple product name","简单的产品名称"
"Simple product name, even in configurable","简单的产品名称，即使在可配置"
"Size","尺寸"
"Size attribute","Size属性"
"Size X-pos.","大小x-POS。"
"SKU barcode column title","SKU条码列标题"
"SKU column title","SKU列标题"
"SKU position","SKU位置"
"SKU X-pos.","SKU的X POS。"
"SKU?","SKU？"
"Small Image","小图片"
"Sort bundle children?","排序捆绑的孩子吗？"
"Sort by :","排序方式 ："
"Sort direction :","排序方向："
"Sort items by :","项目按排序："
"Sort product lists by :","排序产品列出了："
"Sort product lists?","分类产品清单？"
"Sort products by :","排序按产品："
"Sort Secondary by :","二次排序方式："
"Sorting attribute :","排序属性："
"Spacer character:","间隔字符："
"Specific font-size for Town/State/Zip","具体的字体大小城市/州/邮编"
"Split &amp; group bundle parents and children/simple-products separately","斯普利特和放大器;组捆绑家长和孩子/简单产品分开"
"Split by logged-in user?","通过登录用户分割？"
"Split PDFs by supplier","拆分PDF文件由供应商"
"Standard : shipping on left, billing on right","标准：船在左边，计费右边"
"Star specific value?","星特定的值？"
"Start from fixed Y-Pos?","从固定的Y波什开始？"
"Start overflow pages where?","开始溢出页在哪里？"
"Start with 'From :' to have that a different size","以'发件人："有不同的大小"
"Status","状态"
"Stock alert below...","低于股票警报..."
"Stock alerts?","股票快讯？"
"Stock Filter","股票筛选器"
"Store","商店"
"Strip line breaks and commas?","带状线断裂和逗号？"
"Strip linebreaks from non-address fields in CSV exports?","剥离非地址字段换行符以CSV出口？"
"Strip linebreaks in gift messages?","地带礼物的消息换行符？"
"Strip linebreaks in order comments?","带钢换行符为了评论？"
"Style","电话: "
"Subheadings : Color","副标题：颜色"
"Subheadings : Font","副标题：字体"
"Subheadings : Size","副标题：大小"
"Subheadings : Style","含税。"
"Subsection height","税"
"Subtotal align","含税。"
"Subtotal Labels X-pos","小计标签的X POS"
"Subtotal Numbers X-pos","小计数x-POS"
"Suggested : [blank] or 'billing details'","建议：[空白]或"结算明细""
"Suggested : [blank] or 'Ship","建议：[空白]或"船舶"
"Suggested : [blank] or 'shipping details'","建议：[空白]或"发货详情""
"Supplier  'login'","供应商'登录'"
"Supplier attribute","供应商属性"
"Supplier options","供应商的选择"
"Supplier username:suppliername","供应商用户名：suppliername"
"Switched, billing on donw, shipping on up","交换，账单上donw，上涨的运费"
"Switched, billing on left, shipping on right","交换，计费左，出货权"
"T: ","T："
"Take product name from:","以产品名称来自："
"Tax column title","税务列标题"
"Tax display method","税务显示方法"
"Tax Incl.","含税。"
"Tax Label","税务标签"
"Tax Label Incl.","税务标签已包含。"
"Tax paid?","上缴税收？"
"Teando Delivery Options?","Teando传送选项？"
"Temando Delivery Options?","Temando传送选项？"
"Text","文本"
"Text for 'Packed 2 by' note :","文本笔记"由盒装2"："
"Thailand CN22 Label Image","泰国CN22标签图像"
"This needs the <b><a href="https://moogento.com/shipeasy" target="_blank">shipEasy</a></b> extension to work","这需要在<b> <a href="https://moogento.com/shipeasy" target="_blank"> shipEasy </A> </ b>的推广工作"
"This option will work if you have installed Gift Wrap feature of Magento Enterprise","此选项将工作Magento企业，如果你已经安装了礼品包装功能"
"This option will work if you have installed warehouse extension.","如果您已经安装了仓库的扩展，此选项将工作。"
"This sets: Packing Sheets, Invoices, Picklists.","这台：包装表，发票，领料单。"
"This will add an info label at the end of every print run.","这将在每次印数的末尾添加一个信息标签。"
"This will be added to each order's total weight","这将被添加到每个订单的总重量"
"This will create different pick lists per supplier","这将创建一个每个供应商的不同选择列表"
"This will group all products by their category (useful for outbound customs declarations)","这将集团所有产品均通过其类别（出境报关有用）"
"This will move the image on each label","这将移动图像的每个标签上"
"This will slow down PDF generation by a lot, so leave 'No' unless you really need it","这将大量放慢PDF生成，所以离开"否"，除非你真的需要它"
"Thumbnail","缩略图"
"Tickbox 2nd Xpos","Tick​​box第二XPOS"
"Tickbox 2nd?","Tick​​box第二？"
"Tickbox Xpos","Tick​​box XPOS"
"Tickbox?","Tick​​box？"
"Time","时间"
"Tip : Use short title(s) if you choose 'beside'","提示：使用简称（S），如果你选择"身边""
"Title","标题"
"Title text","标题文本"
"Titlebars Bkg Color","标题栏BKG颜色"
"Today\'s Date","今天的日期"
"Top address padding","顶部的地址填充"
"Top Left","左上角"
"Top of page","返回页首"
"Top-left Ribbon","左上角丝带"
"Total invoiced items count?","总发票的项目数？"
"Total items count?","总笔数算什么？"
"Total order count?","总订单数？"
"Total paid column","总股本列"
"Total paid for each SKU?","支付总额为每个SKU？"
"Total paid?","总支付？"
"Total price column title","总价列标题"
"Total product qty title","总产品数量称号"
"Total shipped items count?","总运物品算不算？"
"Total shipping paid?","总航运付款？"
"Total weight?","总重量？"
"Tracking number font size","追踪号码字体大小"
"Tracking Number?","追踪号码？"
"Trigger statuses","触发状态"
"Trim long content?","修剪长期的内容？"
"Trim long?","修剪长？"
"Trim long SKUs?","修剪长的SKU？"
"Trim Product Name","修剪产品名称"
"Trim Product Name?","修剪产品名称？"
"Trim SKU?","修剪SKU？"
"Trim?","修剪？"
"Truncate items to fit in columns?","截断项目，以适应在列？"
"UK CN22 Label Image","英国CN22标签图像"
"Under product-list message","在产品列表信息"
"Under product-list Message A","在产品列表消息"
"Under product-list Message B","在产品列表消息B"
"Under shipping details","在送货细节"
"Unhold?","恢复通话？"
"Unit price column title","单价列标题"
"Unit price title","单价称号"
"Unit tax title","纳税单位称号"
"Unit tax title?","单位税额的标题？"
"Update after process","处理后更新"
"Update Order Attribute","更新订单属性"
"Update shipEasy Flag","更新shipEasy标志"
"Upload a .ttf or .otf font file","上传.TTF或杂项文件字体文件"
"Upload a .ttf or .otf font file <br />'Font style' settings","上传.TTF或杂项文件字体文件<br />"字体风格"设置"
"Upload a .ttf or .otf font file <br />'Font style' settings are ignored with custom fonts","上传.TTF或杂项文件字体文件<br />"字体样式"设置与自定义字体忽略"
"Upload a .ttf or .otf font file'Font style' settings","上传.TTF或杂项文件字体file'Font风格"设置"
"Upload a .ttf or .otf font file<br />'Font style' settings are ignored with custom fonts","上传.TTF或杂项文件字体文件<br />"字体样式"设置与自定义字体忽略"
"Upsize + bold qty, if qty = 2+","升迁+大胆的数量，如果数量= 2 +"
"USA CN22 Label Image","美国CN22标签图像"
"Use <b>courierRules</b> generated shipping label?","使用<b> courierRules </ B>生成运输标签？"
"Use as a way to constrain the address inside a specific label or area","使用的方式来限制特定标签或区域内的地址"
"Use GFS Shipping Labels?","使用GFS货运标签？"
"Use logged-in language","使用登录的语言"
"Use Magento Grand Total?","使用Magento的总计？"
"Use Magento subtotals?","使用Magento的分类汇总？"
"Use order storeview language","使用订单storeview语言"
"Use together with 'Update shipEasy Flag' -> 'Yes, Printed'",">"是的，印有" - 与"更新shipEasy标志"一起使用"
"Use what language and when?","用什么语言和什么时候？"
"Use which image?","使用的图像？"
"Use which?","用哪个呢？"
"Uses header logo from Packing Sheet","用途栏标从包装表"
"Using One Step Checkout (Magestore) delivery date","使用一步结帐（Magestore）交货日期"
"Usually goes at page base - handy for QC","通常会在网页基地 - 得心应手QC"
"Value","值"
"Vert Line","垂直线"
"Warehouse?","仓库？"
"Weight Based number?","基于权重的多少？"
"Weight Based?","基于权重的？"
"Weight multiplier","重量倍增"
"Weight rounding","重量四舍五入"
"Weight unit","重量单位"
"Weight unit:","重量单位："
"What is your word for 'tax'?","什么是你的"税"字？"
"Where to position custom product attributes on the picklists.<br />Default: Columns","凡定位在领料单定制产品的属性<br />默认：列"
"Which Aitoc attribute codes?","这Aitoc属性代码？"
"Which Options?","哪个选项？"
"Which value for configurable product names?","可配置产品名称哪个值？"
"Which?","哪一个？"
"Width","宽度"
"X days after printing date?","在打印日期后X天？"
"X-Nudge","的X微调"
"X-pos","的X POS"
"X-Pos [434]","的X POS [434]"
"X-Pos.  images 222","的X名次。图片222"
"X-Pos. attr. 2","的X名次。 ATTR。 2"
"X-Pos. attr. 2 (+ prices col)","的X名次。 ATTR。 2（+价格COL）"
"X-Pos. attr. 2 (+ prices, tax cols)","的X名次。 ATTR。 2（+的价格，税收COLS）"
"X-Pos. attr. 3","的X名次。 ATTR。 3"
"X-Pos. attr. 3 (+ prices col)","的X名次。 ATTR。 3（+价格COL）"
"X-Pos. attr. 3 (+ prices, tax cols)","的X名次。 ATTR。 3（+价格，税收COLS）"
"X-Pos. barcodes","的X名次。条形码"
"X-Pos. custom product options","的X名次。定制产品选项"
"X-Pos. custom product options (+ prices col)","的X名次。定制产品选项（+价格COL）"
"X-Pos. custom product options (+ prices, tax cols)","的X名次。定制产品选项（+价格，税收COLS）"
"X-Pos. date","的X名次。日期"
"X-Pos. images","的X名次。图片"
"X-Pos. images (+ prices col)","的X名次。图像（+价格COL）"
"X-Pos. images (+ prices, tax cols)","的X名次。图像（+价格，税收COLS）"
"X-Pos. name","的X名次。名称"
"X-Pos. name (+ prices col)","的X名次。名字（+价格COL）"
"X-Pos. name (+ prices, tax cols)","的X名次。名字（+价格，税收COLS）"
"X-Pos. numbered list","的X名次。编号列表"
"X-Pos. numbered list bundle children","的X名次。编号列表包儿"
"X-Pos. product discount","的X名次。产品折扣"
"X-Pos. product discount?","的X名次。产品折扣？"
#N/A
"X-Pos. product line total?","的X名次。产品线的总？"
"X-Pos. qty","的X名次。数量"
"X-Pos. qty (+ prices col)","的X名次。数量（+价格COL）"
"X-Pos. qty (+ prices, tax cols)","的X名次。数量（+价格，税收COLS）"
"X-Pos. shelf","的X名次。架"
"X-Pos. shelf (+ prices col)","的X名次。现货（+价格COL）"
"X-Pos. shelf (+ prices, tax cols)","的X名次。现货（+价格，税收COLS）"
"X-Pos. sku","的X名次。 SKU"
"X-Pos. sku (+ prices col)","的X名次。 SKU（+价格COL）"
"X-Pos. sku (+ prices, tax cols)","的X名次。 SKU（+价格，税收COLS）"
"X-Pos. SKU barcode","的X名次。 SKU条码"
"X-Pos. SKU barcode (+ prices col)","的X名次。 SKU条码（+价格COL）"
"X-Pos. SKU barcode (+ prices, tax cols)","的X名次。 SKU条码（+价格，税收COLS）"
"X-Pos. tickbox","的X名次。 tickbox"
"X-Pos. tickbox (+ prices col)","的X名次。 tickbox（+价格COL）"
"X-Pos. tickbox (+ prices, tax cols)","的X名次。 tickbox（+价格，税收COLS）"
"X-Pos. total price","的X名次。总价"
"X-Pos. total price (+ tax col)","的X名次。总价（+税COL）"
"X-Pos. unit price","的X名次。单价"
"X-Pos. unit price (+ tax col)","的X名次。单价（+税COL）"
"X-Pos. unit tax","的X名次。单位税额"
"X-Pos. unit tax?","的X名次。单位税额？"
"XML/CSV Cargo Packing Sheet","XML / CSV货运包装表"
"Xpos name","XPOS名"
"Xpos qty","XPOS数量"
"Xpos shelving","XPOS货架"
"Y-pos","Y型POS"
"Yes","是"
"Yes (After tax)","是（税后）"
"Yes (item custom attribute with specific date)","是（项自定义具有特定日期属性）"
"Yes (Multiple products)","是的（多产品）"
"Yes (Single products)","是（单品）"
"Yes in Packing Sheets & Invoices Only","在是包装板材，只有发票"
"Yes in Picklists Only","在是只领料单"
"Yes, *not* including email","是的，*不*包括电子邮件"
"Yes, 2 messages, depending on customer group","是的，2条消息，根据客户群"
"Yes, after shipping address","是的，后送货地址"
"Yes, an image","是的，图像"
"Yes, and don\'t include date","是的，不要\'吨包括日期"
"Yes, and double-quote quotes","是的，双引号引号"
"Yes, and include date","是的，包括日期"
"Yes, and strip all quotes","是的，去除所有报价"
"Yes, average price paid (taken from invoice row)","是的，支付的平均价格（从发票开行采取）"
"Yes, before shipping address","是的，在此之前的送货地址"
"Yes, below product line, linear","是的，下面的产品线，直线"
"Yes, below product line, stacked","是的，下面的产品线，叠"
"Yes, below product line, stacked & boxed","是的，下面的产品线，堆叠及盒装"
"Yes, both in a Tax column and a Tax subtotal","是的，无论是在税务列和税收分类汇总"
"Yes, by Order Attribute","是的，订单属性"
"Yes, by Order Status","是的，我的订单状态"
"Yes, by Shipping Method","是的，配送方式"
"YES, CAPITALISE","YES，CAPITALISE"
"Yes, Child (Simple product full SKU (include option))","是的，孩子（简单的产品全SKU（包括期权））"
"Yes, Child (Simple product full SKU, including product options)","是的，孩子（简单的产品全SKU，包括产品的期权）"
"Yes, Child (Simple product SKU **Default**)","是的，孩子（简单的产品SKU ** **默认）"
"Yes, Child (Simple product)","是的，孩子（简单的产品）"
"Yes, combined in movable box","是的，在合并移动框"
"Yes, combined in new page","是的，在结合新的一页"
"Yes, combined in positionable box","是的，在组合框中定位"
"Yes, combined under products list","是的，在产品列表合并"
"Yes, combined under shipping address","是的，送货地址相结合下"
"Yes, combo attributes","是的，组合属性"
"Yes, concise","是的，简洁"
"Yes, count each option as a separate SKU","是的，算每个选项作为一个单独的SKU"
"Yes, count each option as a separate SKU, grouped under parent product","是的，算每个选项作为一个单独的SKU，在父产品组合"
"Yes, custom attribute","是的，自定义属性"
"Yes, depending on Country Group","是的，这取决于国家组"
"Yes, filter by notes text","是的，通过过滤器的文本笔记"
"Yes, fixed text","是的，固定的文本"
"Yes, for Pick Lists and Packing Sheets","是的，对于选择列表，然后填充板"
"Yes, from custom attribute","是的，从自定义属性"
"Yes, full SKU","是的，完整的SKU"
"Yes, Garuda [good for: Thai, Latin]","是的，嘉鲁达[好：泰国，拉丁美洲]"
"Yes, grayed out","是的，变灰"
"Yes, group parent SKUs and option SKUs","是的，集团母公司的SKU和期权的SKU"
"Yes, in a Tax column","是的，在一个纳税列"
"Yes, in a Tax subtotal","是的，在一个纳税小计"
"Yes, in page base","是的，在页面基地"
"Yes, in positionable box (handy for tear-off labels)","是的，在定位框（为方便撕下标签）"
"Yes, in separate column","是的，在单独的列"
"Yes, in title","是的，在标题"
"Yes, incl. tax","是的，包括。税"
"Yes, including email","是的，包括电子邮件"
"Yes, inline with product SKU","是的，内嵌产品SKU"
"Yes, Invoice ID","是的，发票编号"
"Yes, Kinnari (similar to Georgia) [good for: Thai, Latin]","是的，Kinnari（类似于格鲁吉亚）[好：泰国，拉丁美洲]"
"Yes, Marketplace Order ID","是的，市场订单ID"
"Yes, MS Gothic [large filesize, good for: Japanese, Latin]","是的，MS哥特[大文件大小，好为：日语，拉丁语]"
"Yes, new line for each, under product SKU","是的，对于每个新行，在产品SKU"
"Yes, on a new page","是的，在新页面上"
"Yes, on same label","是的，相同的标签上"
"Yes, on separate label","是的，在不同的标签"
"Yes, one message, horizontal strip","是的，一个消息，水平条"
"Yes, one message, positionable box","是的，一个消息，定位框"
"Yes, one product per label","是的，每个标签一个产品"
"Yes, only output Invoiced items","是的，只有输出开具发票的项目"
"Yes, only output Shipped items","是的，只有输出运输的项目"
"Yes, order details + shipping label","是的，为了细节+运输标签"
"Yes, order details only","是的，为了仅详细说明"
"Yes, Order ID","是的，订单ID"
"Yes, Parent (Configurable parent **Default**)","是的，父（母配置默认** **）"
"Yes, Parent (Configurable parent SKU)","是的，父（母配置SKU）"
"Yes, product category","是的，产品类别"
"Yes, product ID","是的，产品ID"
"Yes, product name","是的，产品名称"
"Yes, product SKU","是的，产品SKU"
"Yes, Purisa (similar to Comic Sans) [good for: Thai, Latin]","是的，Purisa（类似于Comic Sans字体）[好：泰国，拉丁美洲]"
"Yes, Sawasdee [good for: Thai, Latin]","是的，萨瓦斯蒂[好：泰国，拉丁美洲]"
"Yes, shipping label only","是，只装运标签"
"Yes, show only notes tagged \'visible on frontend\'","是的，显示标记\'可见前端\'的唯一音符"
"Yes, Simplified Chinese [good for: Chinese]","是的，中国的简体[好：中国]"
"Yes, split parent SKUs if option SKUs vary","是的，分割父母的SKU，如果选择有所不同的SKU"
"Yes, standard fonts [large filesize, good for accented Latin]","是的，标准字体[大文件大小，好重音拉丁]"
"Yes, Tahoma [medium filesize, good for: Arabic, Latin]","是的，宋体[媒体文件大小，好为：阿拉伯语，拉丁语]"
"Yes, to 0 decimal places","是的，为0位小数"
"Yes, total product cost price","是的，产品总成本价"
"Yes, total sold price, excluding shipping","是的，总出售价格，不含运费"
"Yes, total sold price, including shipping","是的，总出售价格，包括运费"
"Yes, Traditional Chinese [good for: Chinese]","是的，中国传统[好：中国]"
"Yes, under individual product","是的，在个别产品"
"Yes, under product list","是的，在产品列表"
"Yes, up to a pallet","是的，到一个托盘"
"Yes, Uppercase","是的，大写"
"Yes, with no tax info","是的，没有税务资讯"
"Yes, with Tax","是的，税务"
"Yes, with VAT info","是的，增值税资讯"
"Yes: bold","是：大胆"
"Yes: bold & underline","是：大胆和下划线"
"Yes: bold, underlined & red","是：粗体，下划线和红色"
"Yes: boxed","是：盒装"
"You need courierRules installed for this to work. This will use the specific label generated by courierRules.","你需要安装这个工作courierRules。这将使用由courierRules产生的特定标签。"
"Filter/split by supplier?","过滤器/按供应商划分？"
"'Combined Packing Sheet/Invoice' grouped by Order ID?",""组合填料表/发票"按订单ID分组？"
"Reset pickPack","重置pickPack"
"Export pickPack Settings","出口pickPack设置"
"Import pickPack Settings","进口pickPack设置"
"'PDF Invoice & Packing Sheet' Sort",""PDF发票和装箱单"排序"
"Customise CSVs","自定义的CSV"
"Customise PDFs","自定义PDF文件"
"Customise Admin/Frontend Options","自定义管理员/前端选项"
"pickPack User Guide","pickPack用户指南"
"Moogento Store","Moogento商店"