"'Allowance' column title",""Fradrag kolonnen tittelen"
"'Attribute 1' column","'Egenskap 1' kolonne"
"'Attribute 2' column","'Egenskap 2 kolonnen"
"'Attribute 3' column","'Egenskap 3 kolonnen"
"'Attribute 4' column","'Egenskap 4' kolonne"
"'Attribute Combine' column","-Attributtet Kombiner kolonnen"
"'Product barcode' column","'Produkt strekkode kolonnen"
"'Product images' column","'Bilder av produkt-kolonnen"
"'Product name' column","'Produktnavn kolonnen"
"'Product weight' column","'Produktvekt kolonnen"
"'Qty' column","'Antall' kolonne"
"'ship-address' and 'bill-address' column format","'Skip-adresse "og" bill-adresse "kolonne-format"
"'ship-address' and' bill-address' column format","'Skip-adresse "og" bill-adresse "kolonne-format"
"'SKU' column","'SKU kolonnen"
"'Stock qty' column","'Lager Antall kolonnen"
"'Stock warning' column",""Stock advarsel kolonnen"
"'Tick boxes' next to item SKUs?","'boksene' neste punkt D-pak?"
"'Tickbox 2nd' column",""Tickbox andre kolonnen"
"'Tickbox' column",""Tickbox kolonnen"
"'Warehouse' column","'Warehouse kolonnen"
"(%) Default is 100%","(%) Standard er 100%"
"(Attribute must exist)","(Egenskap må eksistere)"
"(Default : "Total Price Col" X-Pos)","(Standard: "Total pris Col" X-Pos)"
"(Default:No)","(Standard: No)"
"(Default:Yes)","(Standard: Ja)"
"(negative to shift it down)","(Negativ til å skifte det ned)"
"(standard for invoices)","(Standard for fakturaer)"
"(Tip: Upload placeholder images in Config > Catalog)","(Tips: Last opp plassholderbilder i Config> Katalog)"
"(Upload placeholder images in Config > Catalog)","(Opp plassholderbilder i Config> Katalog)"
"(Used if 'Position of shelving info' set to 'Columns')","(Brukes hvis 'Plassering av hyller info' satt til 'Kolonner')"
"['Payment due ']","['Betalings forfall ']"
"[#000000] (#HEX colour code)","[# 000000] (heksadesimalverdi fargekode)"
"[#111111] (#HEX colour code)","[# 111111] (heksadesimalverdi fargekode)"
"[#5BA638] (#HEX colour code)","[# 5BA638] (heksadesimalverdi fargekode)"
"[#87CEEB] (#HEX colour code)","[# 87CEEB] (heksadesimalverdi fargekode)"
"[#8AC371] (#HEX colour code)","[# 8AC371] (heksadesimalverdi fargekode)"
"[#FFFFFF] (#HEX colour code)","[#FFFFFF] (Heksadesimalverdi fargekode)"
"[10] (negative to shift it down)","[10] (negativ til å forskyve den ned)"
"[10] (negative to shift it down)<br />(Make about half image height to center text)<br />(If you need to show options, probably don't shift)","[10] (negativ til å skifte den ned) <br /> (Gjør om lag halvparten bildehøyden å sentrere tekst) <br /> (Hvis du trenger å vise alternativer, trenger sannsynligvis ikke skifte)"
"[10pt]/5pt (top/bottom), 5pt (left/right)","[10pt] / 5PT (topp / bunn), 5PT (venstre / høyre)"
"[15pt] - Set larger to print a larger barcode","[15pt] - Angi større for å skrive ut en større strekkode"
"[30] - Set to same as Sku X-Pos to print barcode under Sku","[30] - Sett til samme som Sku X-Pos å skrive ut strekkode henhold Sku"
"[blank]","[blank]"
"[Default = No]","[Standard = Nei]"
"[Equal]","[Lik]"
"[Invoice then Packing Sheet]","[Faktura deretter pakking ark]"
"[Italic]","[Kursiv]"
"[More than]","[Mer enn]"
"[No]","[Nei]"
"[No] : Default","[Nei]: Standard"
"[No] (No = Word-wrap)","[No] (Nei = Word-wrap)"
"[No] If set to yes, gift messages will print with this font.","[Nei] Hvis ja, gavemeldinger vil bli skrevet ut med denne skriften."
"[OpenSans]","[OpenSans]"
"[Packing Sheet then Invoice]","[Pakking Sheet deretter Faktura]"
"[Partially: Lines top &amp; bottom]","[Delvis: Linjer toppen & amp; bunn]"
"[price]","[pris]"
"[qty]","[Stk]"
"[Regular]","[Regelmessig]"
"[sku]","[Sku]"
"[stock]","[lager]"
"[Yes (from Magento)]","[Ja (fra Magento)]"
"[Yes]","[Ja]"
"[Yes] : Default;","[Ja]: Standard;"
"[Yes] (Adds 'Included' to tax label)","[Ja] (Legger 'Inkludert' skatt etikett)"
"[Yes] (No = Word-wrap)","[Ja] (No = Word-wrap)"
"[Yes]<br />- If you have slightly 'dirty data' (eg. product names with linebreaks in) set this to yes.","[Ja] <br /> - (. F.eks produktnavn med linjeskift i) Hvis du har litt "dirty data" satt dette til ja."
"[Yes]<br />- If you have spreadsheet cells getting mixed up, check this is turned on.<br />- If set to Yes, set the spreadsheet importer to 'Fields de-limited by " character'.","[Ja] <br /> -. Hvis du har regnearkcellene å bli blandet sammen, sjekk denne er slått på <br /> - hvis du velger Ja, sett regnearket importøren 'Fields de-begrenset av "tegn"."
"&nbsp;&nbsp;Custom Value","& Nbsp; & nbsp; Custom Verdi"
"&nbsp;&nbsp;Value","& Nbsp; & nbsp; Verdi"
"&nbsp;Eg. enter 'Captured amount' to not show authorize.net payments<br / >Separate multiple phrases by the pipe character: <b>|</b>","& Nbsp; Eg. skriv "Captured mengde" for å ikke vise Authorize.NET betalinger <br /> Skill flere setninger ved røret tegn: <b> | </ b>"
"<b>Default Label dimensions (portrait):</b>","<B> Standard Merk dimensjoner (stående): </ b>"
"<b>Label dimensions:250,200</b>","<B> Etikett dimensjoner: 250200 </ b>"
"<div class="column_config_section" style="width:60%!important">","<Div class = "column_config_section" style = "width: 60% viktig">"
"<div class="column_config_section">","<Div class = "column_config_section">"
"<div class="column_config_section"><div class="column_config_para" style="margin-top: -12em;"><b>Structure:</b> <span class = "comment_code">{if X}</span><span class = "comment_code">{X}</span>,|<span  class = "comment_code">{/if}</span><br /><b>Can use these codes: </b><br /><span class = "comment_code">{prefix}</span><span  class = "comment_code">{name}</span><span class = "comment_code">{firstname}</span><span class = "comment_code">{lastname}</span><span  class = "comment_code">{suffix}</span><span class = "comment_code">{company}</span><span class = "comment_code">{street}</span><span  class = "comment_code">{city}</span><span class = "comment_code">{postcode}</span><span class = "comment_code">{country}</span><br />","<Div class = "column_config_section"> <div class = "column_config_para" style = "margin-top: -12em;"> <b> Struktur: </ b> <span class = "comment_code"> {if X} </ span> <span class = "comment_code"> {X} </ span>, | <span class = "comment_code"> {/ if} </ span> <br /> <b> Kan bruke disse kodene: </ b > <br /> <span class = "comment_code"> {prefix} </ span> <span class = "comment_code"> {name} </ span> <span class = "comment_code"> {fornavn} </ span> <span class = "comment_code"> {etternavn} </ span> <span class = "comment_code"> {suffix} </ span> <span class = "comment_code"> {selskapet} </ span> <span class = " comment_code "> {street} </ span> <span class =" comment_code "> {city} </ span> <span class =" comment_code "> {postnummer} </ span> <span class =" comment_code "> {landet } </ span> <br />"
"<div class="column_config_section"><div class="column_config_para" style="margin-top: -7.5em;"><b>Structure:</b> <span class = "comment_code">{Attribute A}</span>,<span class = "comment_code">{Attribute  B}</span>","<Div class = "column_config_section"> <div class = "column_config_para" style = "margin-top: -7.5em;"> <b> Struktur: </ b> <span class = "comment_code"> {data A} < / span>, <span class = "comment_code"> {Attributt B} </ span>"
"<div class="column_config_section"><div class="column_config_para" style="margin-top: -7.5em;"><b>Structure:</b> <span class = "comment_code">{if x}</span><span class = "comment_code">{x}</span>,|<span  class = "comment_code">{/if}</span><br /><b>Can use these codes: </b><br /><span class = "comment_code">{prefix}</span><span  class = "comment_code">{name}</span><span class = "comment_code">{firstname}</span><span class = "comment_code">{lastname}</span><span  class = "comment_code">{suffix}</span><span class = "comment_code">{company}</span><span class = "comment_code">{street}</span><span  class = "comment_code">{city}</span><span class = "comment_code">{postcode}</span><span class = "comment_code">{country}</span><br />","<Div class = "column_config_section"> <div class = "column_config_para" style = "margin-top: -7.5em;"> <b> Struktur: </ b> <span class = "comment_code"> {if x} < / span> <span class = "comment_code"> {x} </ span>, | <span class = "comment_code"> {/ if} </ span> <br /> <b> Kan bruke disse kodene: </ b> <br /> <span class = "comment_code"> {prefix} </ span> <span class = "comment_code"> {name} </ span> <span class = "comment_code"> {fornavn} </ span > <span class = "comment_code"> {etternavn} </ span> <span class = "comment_code"> {suffix} </ span> <span class = "comment_code"> {selskapet} </ span> <span class = "comment_code"> {street} </ span> <span class = "comment_code"> {city} </ span> <span class = "comment_code"> {postnummer} </ span> <span class = "comment_code"> { country} </ span> <br />"
"<div class="column_config_section"><div class="column_config_para" style="margin-top: -7.5em;"><b>Structure:</b><br />","<Div class = "column_config_section"> <div class = "column_config_para" style = "margin-top: -7.5em;"> <b> Struktur: </ b> <br />"
"<div class="column_config_section"><div class="column_config_para">[No] Some couriers (like Royal Mail) require no accents in shipping labels.</div></div>","<Div class = "column_config_section"> <div class = "column_config_para"> [Ingen] Noen kurerer (som Royal Mail) krever ingen aksenter i forsendelsesetiketter. </ Div> </ div>"
"<div class="column_config_section"><div class="column_config_para"><b>Structure:</b><br />","<Div class = "column_config_section"> <div class = "column_config_para"> <b> Struktur: </ b> <br />"
"<div class="column_config_section"><div class="column_config_para">eg. Put your country, then only overseas orders will have country added </div></div>","<Div class = "column_config_section"> <div class = "column_config_para"> f.eks. Sett ditt land, så bare utenlandske bestillinger vil ha landet lagt </ div> </ div>"
"<div class="column_config_section"><div class="column_config_para">If your PDFs print with missing or tofu (<b style="font-size:200%;font-weight:100;display:inline;position:relative;top:5px;">&#9647;</b>) characters, set this to 'Yes'.<br/>Setting this to 'Yes' will make your PDFs about 0.4mb bigger.<br/>If that doesn't work for you: set 'Customise fonts' to 'Yes'; then set 'Use non-roman characters to 'Yes'; then try the other font families.</div></div>","<Div class = "column_config_section"> <div class = "column_config_para"> Hvis PDF-filer skrives ut med manglende eller tofu (<b style = "font-size: 200%; font-weight: 100; display: inline; position: relative ; top: 5px; "> & # 9647; </ b>) tegn, sett denne til" Ja "<br/> Hvis du velger 'Ja' vil gjøre PDF-filer om 0.4mb større <br/> Hvis det.. ikke fungerer for deg: sett 'Tilpass skrifttyper' til 'Ja'; deretter sette 'Bruk ikke-latinske tegn til' Ja '; deretter prøve de andre skriftfamilier. </ div> </ div>"
"<div class="column_config_section"><div class="column_config_para">Set to the most prominent colour in your logo. [#8AC371]<br/>(Used for title borders).</div></div>","<Div class = "column_config_section"> <div class = "column_config_para"> Sett til den mest fremtredende fargen i logoen. [# 8AC371] <br/> (Brukes for tittelen grenser). </ Div> </ div>"
"<div class="column_config_section"><div class="column_config_para">Use this if you need a specific cutoff point (eg for labels) which the auto-cutoff is going over","<Div class = "column_config_section"> <div class = "column_config_para"> Bruk dette hvis du trenger en bestemt cutoff point (f.eks for etiketter) som automatisk cutoff er å gå over"
"<img src="//moogento.com/logo/moogento_tinylogo.lp.png" alt="Moogento" width="20" style="vertical-align:bottom;margin-left:-1px;"/> MOOGENTO Extensions","<img src = "// moogento.com/logo/moogento_tinylogo.lp.png" alt = "Moogento" width = "20" style = "vertical-align: bottom; margin-left: -1px;" /> MOOGENTO Extensions"
"18 Flag","18 Flag"
"2 places","2 steder"
"21 Flag","21 Flag"
"2a Shipmethod match","2a Shipmethod kamp"
"2b Shipmethod match","2b Shipmethod kamp"
"2c Shipmethod match","2c Shipmethod kamp"
"2d Country negative match","2d Land negativ kamp"
"2nd attribute?","Andre attributt?"
"2nd background image?","Andre bakgrunnsbilde?"
"2nd Custom page title","Andre Custom sidetittel"
"2nd Image file","Andre bildefiler"
"2nd Order attribute code","Andre Bestill attributtet kode"
"2nd Order custom attribute?","Andre Bestill tilpasset attributt?"
"2nd page title","Andre sidetittel"
"2nd Sort by :","Andre Sorter etter:"
"2nd sort direction :","Andre slags retning:"
"3 places","3 steder"
"3rd attribute?","Tredje egenskap?"
"4 places","4 steder"
"4th attribute?","Fjerde egenskap?"
"Above address","over adresse"
"According to the USPS all addresses should be capitalised to improve delivery time","Ifølge USPS alle adresser skal aktiveres for å bedre leveringstid"
"According to the USPS all addresses should be capitalised to improve delivery time and accuracy","Ifølge USPS alle adresser skal aktiveres for å forbedre leveringstid og nøyaktighet"
"Action Menu Options","Handling Menyvalg"
"Actual attribute code (eg: shelf)","Faktisk attributt-kode (f.eks: hylle)"
"Add 'Packed by' note?","Legg til "Fullpakket med 'notatet?"
"Add <b><a href="https://moogento.com/autocn22">autoCN22</a> Customs label?</b>","Legg til <b> <a href="https://moogento.com/autocn22"> autoCN22 </a> Toll etiketten? </ B>"
"Add 1 per line, exact attribute labels which you *don't* want to show","Legg en per linje, eksakte attributt etiketter som du * ikke * ønsker å vise"
"Add 2nd Order ID barcode?","Legg andre Order ID strekkode?"
"Add 2nd shipping address?","Legg andre leveringsadresse?"
"Add 2nd shipping-type image?","Legg andre frakt-type bilde?"
"Add 3rd shipping-type image?","Legg tredje frakt-type bilde?"
"Add a 2nd background image?","Legg et andre bakgrunnsbilde?"
"Add a 2nd page title?","Legg til en andre sidetittel?"
"Add a background image?","Legg til et bakgrunnsbilde?"
"Add a flat shipping address?","Legg en flat leveringsadresse?"
"Add address label?","Legg til adresse etiketten?"
"Add an <b>autoCN22</b> page?","Legg en <b> autoCN22 </ b>?"
"Add an <b>order-summary</b> label?","Legg en <b> For-sammendrag </ b> etiketten?"
"Add company address to header?","Legg selskap adresse til header?"
"Add company address?","Legg firmaadresse?"
"Add fixed weight?","Legg fast vekt?"
"Add flare to gift messages?","Legg fakkel til gavemeldinger?"
"Add flat shipping address?","Legg flat leveringsadresse?"
"Add full-page background image?","Legg helsides bakgrunnsbilde?"
"Add header logo?","Legg header logo?"
"Add image background to label?","Legg bilde bakgrunn å merke?"
"Add letterhead?","Legg brev?"
"Add logo?","Legg logo?"
"Add on right of SKU","Legg på høyre SKU"
"Add Order ID above address?","Legg Bestill ID ovenfor adresse?"
"Add Order ID barcode?","Legg Bestill ID strekkode?"
"Add ordered qty to stock-needed qty?","Legg beordret stk til lager tiltrengte stk?"
"Add page background image?","Legg til side bakgrunnsbilde?"
"Add return address at bottom?","Legg returadresse på bunnen?"
"Add return address?","Legg returadresse?"
"Add shipping address at bottom?","Legg leveringsadresse på bunnen?"
"Add shipping label image?","Legg forsendelsesetikett bilde?"
"Add shipping label?","Legg adresselapp?"
"Add shipping-type image?","Legg frakt-type bilde?"
"Add static text?","Legg statisk tekst?"
"Add tax in order subtotal [Europe Standard]","Legg skatt for delsum [Europa Standard]"
"Add tax to number?","Legg skatt til nummer?"
"Add tax to product line subtotal [US Standard]","Legg skatt til produktlinje delsum [US Standard]"
"Add tracking number as barcode?","Legg sporingsnummeret som strekkode?"
"Add tracking number?","Legg sporingsnummer?"
"Address format","adresse format"
"Address label : Color","Adresse etikett: Farge"
"Address label : Font","Adresse etikett: Font"
"Address label : Size","Adresse etikett: Størrelse"
"Address label : Style","Adresse etikett: Stil"
"Address text","adresse tekst"
"Address text, Default","Adresse tekst, Standard"
"Address text, Group 1","Adresse tekst, gruppe 1"
"Address text, Group 2","Adresse tekst, Gruppe 2"
"Address text, Group 3","Adresse tekst, Gruppe 3"
"Address-label Sheet Options","Adresse-label Arkalternativer"
"Adds a field for shipping methods that don't come from WSA Store Pickup","Legger til et felt for fraktmetoder som ikke kommer fra WSA butikken Pickup"
"Admin: Order-view PDF Invoice and Packing Sheet button?","Admin: Bestill-PDF faktura og Pakking Sheet knappen?"
"Admin: Order-view PDF Invoice button?","Admin: Bestill-PDF Faktura knappen?"
"Admin: Order-view PDF Packing Sheet button?","Admin: Bestill-PDF Pakking Sheet knappen?"
"Admin: Order-view PDF Zebra Label button?","Admin: Bestill-PDF Zebra etikett knappen?"
"Admin: Order-view Resend Email button?","Admin: Bestill-view-send e-post-knappen?"
"Alert Flag","Alert Flag"
"Align text : center","Juster tekst: center"
"Align text : left","Juster tekst: venstre"
"All","Alle"
"All : non-interlaced <b>and</b> non-transparent .png","Alle: non-interlaced <b> og </ b> ikke-transparent .png"
"Allow Customers to Make PDFs?","Tillat kundene til å gjøre PDF-filer?"
"Alternate row color","Alternativ rad farge"
"Alternate row in picklists","Alternativ rad i plukklister"
"Alternate, billing down, shipping up","Alternativ, fakturering ned, frakt opp"
"Always override &amp; use courierRules Shipping Connector Label if available?","Alltid overstyre & amp; bruke courierRules Shipping Connector etikett hvis tilgjengelig?"
"Amount to add","Beløp å legge"
"Angle Text","Angle Text"
"Angled Ribbon","vinklet Ribbon"
"Applies to Packing Sheets and Invoices, in the section which shows shipping method etc.","Gjelder pakningsplater og Fakturaer, i den delen som viser leveringsmetode etc."
"Ascending","stigende"
"Attr.(1) Xpos","Attr. (1) XPOS"
"Attr.(2) Xpos","Attr. (2) XPOS"
"Attr.(3) Xpos","Attr. (3) XPOS"
"Attr.(4) Xpos","Attr. (4) XPOS"
"Attribute 1","Egenskap 1"
"Attribute 2","Egenskap 2"
"Attribute 3","Egenskap 3"
"Attribute 4","attributt 4"
"Attribute code","attributt-kode"
"Attribute code (eg. for shelving info, maybe you have an attribute: shelf)<br /><b>You need to have created this attribute, and assigned values for each product for it to work!</b>","Attributt-kode (. F.eks hyller info, kanskje du har en attributt: hylle) <br /> <b> Du må ha opprettet dette attributtet, og tilordnet verdier for hvert produkt for at det skal fungere </ b>!"
"Attribute code 1:","Attributt Kode 1:"
"Attribute code 2:","Attributt Kode 2:"
"Attribute code 3:","Attributt Kode 3:"
"Attribute code 4:","Attributt Kode 4:"
"Attribute code 5:","Attributt Kode 5:"
"Attribute code for shelving info; eg. shelf","Attributt-kode for hyller info; f.eks. hylle"
"Attribute code for supplier data; Default: supplier","Attributt-kode for leverandør av data; Standard: leverandør"
"Attribute code; eg. shelf","Attributt kode; f.eks. hylle"
"Attribute codes?","Attributt koder?"
"Attribute column title","Attributt kolonnetittel"
"Attribute to show","Attributt vise"
"Attribute to sort by :","Attributt å sortere etter:"
"Attribute to use as product name","Attributt som skal brukes som produktnavn"
"Auto description 1","Auto Beskrivelse 1"
"Auto description 3","Auto beskrivelse 3"
"Auto Processing","Auto Processing"
"Automatic action :","Automatisk handling:"
"Automatic action #2:","Automatisk handling # 2:"
"Automatic action #3:","Automatisk handling # 3:"
"Automation Connection","automatisering Connection"
"Background Image","Bakgrunnsbilde"
"Background image position","Bakgrunnsbilde stilling"
"Background image?","Bakgrunnsbilde?"
"barcode : Font","strekkode: Font"
"barcode font size","strekkodeskriftstørrelsen"
"barcode Font Size (Orders)","strekkode Font Size (Orders)"
"barcode Font Size (Products)","strekkode Font Size (Produkter)"
"barcode font-size","strekkode font-size"
"barcode size","strekkode størrelse"
"barcode X-pos.","strekkode X-polet."
"Because the Order currency is different from the Store currency, the conversion from","Fordi Bestill valuta er forskjellig fra Store valuta, konvertering fra"
"Beside address","Foruten adresse"
"Billing address position","Fakturaadresse stilling"
"Billing address posititon","Fakturaadresse posititon"
"Billing address title","Fakturaadresse tittel"
"Bkg","BKG"
"Blank = #000000 (#HEX colour code)","Blank = # 000000 (heksadesimalverdi fargekode)"
"Blank box image","Blank boks bilde"
"Bold","Dristig"
"Bold 'Extra shipping details' labels?","Fet 'Ekstra frakt detaljer' etiketter?"
"Bold italic","fet kursiv"
"Bold last line in page-base shipping addresses?","Fet siste linjen i side-base leveringsadresser?"
"Bold last line in page-top shipping addresses?","Fet siste linjen i side-top leveringsadresser?"
"Bold product name?","Fet produktnavn?"
"Border color","Border farge"
"Bottom of page","Nederst på siden"
"Box 1 Image","Box ett bilde"
"Box 2a Image (Store Pickup)","Box 2a Image (Lagre Pickup)"
"Box 2b Image (Express Mail)","Box 2b Image (Express Mail)"
"Box 2c Image (Priority International)","Box 2c Image (Priority International)"
"Box 2d Image (Standard International)","Box 2d Bilde (Standard International)"
"Box 3 Image","Box 3 Bilde"
"Box count estimation?","Box telle estimering?"
"Bring up top address?","Ta opp toppen adresse?"
"Buttons for PDFs","Knapper for PDF-filer"
"By default we output ANSI, which works well for Windows machines and special characters.<br >If you need UTF-8, just choose that here","Som standard vi utgang ANSI, som fungerer godt for Windows-maskiner og spesialtegn. <br> Hvis du trenger UTF-8, bare velge det her"
"By Height","ved Høyde"
"By Width","ved Bredde"
"Calculate line totals by:","Beregn antall mål etter:"
"Callout colour","Callout farge"
"Can be handy to reduce customer support - eg. set to a custom Processing status of 'Packing your order now'","Kan være nyttig for å redusere kundestøtte - f.eks. satt til en tilpasset Processing status som "Pakking inn bestillingen nå""
"Cancel?","Kansellere?"
"Capitalise shipping labels?","Utnytt forsendelsesetiketter?"
"Category translation","Kategori oversettelse"
"Center values?","Senter verdier?"
"Centered in page","Sentrert i siden"
"Centered in product list","Sentrert i produktlisten"
"Change order status","Endre ordrestatus"
"Change the layout of shipping addresses","Endre oppsettet for leveringsadresser"
"Change to status:","Bytt til status:"
"Check for gift message?","Sjekk for gavemelding?"
"Clear Cached Images in pickPack","Fjern lagrede bildene i pickPack"
"Code","Kode"
"Color","Farge"
"Color attribute","Color attributt"
"Color X-pos.","Color X-polet."
"Column mapping","kolonnetilordningen"
"Columns Y-X-pos.","Kolonner Y-X-polet."
"Combine attribute?","Kombiner attributt?"
"Combine custom attributes under product line?","Kombiner tilpassede attributter under produktlinjen?"
"Combine custom product attributes under the product line?","Kombiner tilpasset produkt-attributter under produktlinje?"
"Combine pdfs","Kombiner PDF-filer"
"Combine product line details?","Kombiner produktserie detaljer?"
"Combine the custom attributes listed below?","Kombiner de tilpassede attributtene oppført nedenfor?"
"Combined Attributes Xpos","Kombinert attributter XPOS"
"Combined Packing Sheet/Invoice' grouped by Order ID?","Kombinert Pakking Sheet / faktura "gruppert etter Ordre-ID?"
"Combined pdfs?","Kombinerte PDF-filer?"
"Comma separated top,bottom widths (eg 1,2)","Kommaseparert topp, bunn bredder (f.eks 1,2)"
"Comma-separated list of customer group names where you don't want the group name","Kommaseparert liste av kundegruppenavn der du ikke vil at gruppenavnet"
"Comma-separated list of SKUs to *not* show","Kommaseparert liste av D-pak til * ikke * showet"
"Comma-separated list of SKUs to *not* show a count for","Kommaseparert liste av D-pak til * ikke * viser en telling for"
"Comments","kommentarer"
"Company address","Firma adresse"
"Company address : Color","Selskapet adresse: Farge"
"Company address : Font","Selskapet adresse: Font"
"Company address : Size","Selskapet adresse: Størrelse"
"Company address : Style","Selskapet adresse: Stil"
"Company address, Default","Selskapet adresse, Standard"
"Company address, Group 1","Selskapet adresse, gruppe 1"
"Company address, Group 2","Selskapet adresse, gruppe 2"
"Company address, Group 3","Selskapet adresse, gruppe 3"
"Condition","Betingelse"
"Configurable product name","Konfigurerbar produktnavn"
"Cost (base) to (display) exchange rate","Cost (base) til (display) valutakurs"
"Cost currency prefix","Kostnad valuta prefiks"
"Cost multiplier","Kostnad multiplikator"
"Cost subtotal?","Kostnad delsum?"
"courierRules Method","courierRules Method"
"courierRules method?","courierRules metoden?"
"courierRules Shipping Method","courierRules Shipping Method"
"CSV (Order-combined Products)","CSV (Order-kombinert Products)"
"CSV (Order-combined Products) Options","CSV (Order-kombinert Products) Opsjoner"
"CSV (Order-combined Products)?","CSV (Order-kombinert Products)?"
"CSV (Order-separated Products)","CSV (Order-skilt produkter)"
"CSV (Order-separated Products) Options","CSV (Order separert Products) Opsjoner"
"CSV (Order-separated Products)?","CSV (Order separert Products)?"
"CSV (Orders)","CSV (bestillinger)"
"CSV (Orders) Options","CSV (Orders) Opsjoner"
"CSV (Orders)?","CSV (bestillinger)?"
"CSV field separator","CSV-feltet separator"
"CSV output encoding","utgang koding CSV"
"CSV/XML (Cargo Manifest)","CSV / XML (Cargo Manifest)"
"CSV/XML (Cargo Manifest)?","CSV / XML (Cargo Manifest)?"
"Custom","Skikk"
"Custom Attribute","Tilpasset attributt"
"Custom attribute (1)","Tilpasset attributt (1)"
"Custom attribute (2)","Custom attributt (2)"
"Custom attribute (3)","Tilpasset attributt (3)"
"Custom attribute (4)","Custom attributt (4)"
"Custom CSV field separator","Custom CSV feltet separator"
"Custom font file","Custom font fil"
"Custom image","Custom bilde"
"Custom Message : Background Color","Custom Melding: bakgrunnsfarge"
"Custom Message : Color","Custom Melding: Color"
"Custom Message : Font","Custom Melding: Font"
"Custom Message : Size","Custom Melding: Størrelse"
"Custom Message : Style","Custom Melding: Stil"
"Custom message under product list?","Custom melding under produktliste?"
"Custom options column title","Tilpassede alternativer kolonne tittel"
"Custom Order Attribute","Custom Bestill Egenskap"
"Custom page title","Custom sidetittel"
"Custom product attribute code (eg: shelf)","Custom produkt attributt-kode (f.eks: hylle)"
"Custom product attribute?","Custom produkt attributt?"
"Custom text image","Custom tekstbilde"
"Custom text under product list?","Tilpasset tekst under produktliste?"
"Custom Value","Custom Verdi"
"Custom weight fields?","Custom vekt felt?"
"Custom weightbased count?","Custom weightbased teller?"
"Custom Weightbased label?","Custom Weightbased etiketten?"
"Custom Weightbased text?","Custom Weightbased tekst?"
"Customer Address X-pos.","Kunde Adresse X-polet."
"Customer attribute code","Kunden attributt-kode"
"Customer Comments","Kunden Kommentarer"
"Customer custom attribute?","Kunden tilpasset attributt?"
"Customer Email","kunde E-post"
"Customer Email?","Kunden e-post?"
"Customer group?","Kundegruppe?"
"Customer ID (Footer) X-pos.","Kunde-ID (bunntekst) X-pos."
"Customer ID X-pos.","Kunde ID X-polet."
"Customer ID?","Kunde ID?"
"Customer name X-pos.","Kundenavn X-polet."
"Customer VAT title","Kunden MVA tittel"
"Customer: Change "Print Invoice" to "PDF Invoices"?","Kunde: Change "Skriv ut faktura" til "PDF-fakturaer"?"
"Customer: Change "Print Order" to "PDF Invoices"?","Kunde: Change "Print Order" til "PDF-fakturaer"?"
"Customer: PDF Invoice button?","Kunde: PDF-faktura-knappen?"
"Customer: PDF Packing Sheet button?","Kunde: PDF Pakking Sheet knappen?"
"Customise 'Packed by' text","Skreddersy 'Pakket med' tekst"
"Customise fonts/colours?","Tilpass fonter / farger?"
"Customize page title?","Tilpass sidetittel?"
"Date format","Datoformat"
"Date printed?","Dato skrives ut?"
"Day","Dag"
"Deadline text","frist tekst"
"Deadline text / date?","Frist tekst / dato?"
"Default","Misligholde"
"Default : Yes","Standard: Ja"
"Default (Use standard)","Standard (Bruk standard)"
"Default (Use Total Price Xpos)","Standard (Bruk Total pris XPOS)"
"Default (Use total prixe Xpos)","Standard (Bruk total prixe XPOS)"
"Default top-right; eg. 'Invoice'","Standard øverst til høyre; f.eks. 'Faktura'"
"Default top-right; eg. 'Packing Sheet'","Standard øverst til høyre; f.eks. 'Pakking Sheet'"
"Default:","Misligholde:"
"Default: -230,-210","Standard: -230, -210"
"Default: ,","Standard:,"
"Default: 'OK'","Standard: "OK""
"Default: 'OK' -->","Standard: "OK" ->"
"Default: "Payment due "","Standard: "Betaling gjøres""
"Default: {blank}","Standard: {blank}"
"Default: #DDDDDD","Standard: #DDDDDD"
"Default: #FFFFFF","Standard: #FFFFFF"
"Default: 0<br />Eg. 21.6700 @ 0 = 22; @ 1 = 21.7; @ 2 = 21.67; @ -1 = 20","Standard: 0 <br /> Eg. 21,6700 @ 0 = 22; @ 1 = 21,7; @ 2 = 21,67; -1 = 20"
"Default: 1<br />Eg. Change the display cost to match your actual end costs","Standard: 1 <br /> Eg. Endre visnings kostnaden for å matche de faktiske sluttkostnadene"
"Default: 1<br />Eg. kg -> lb = 2.2046; lb -> kg = 0.4536","Standard: 1 <br /> Eg. kg -> lb = 2,2046; lb -> kg = 0,4536"
"Default: 1<br />Eg. your base currency is USD, your manifest display currency is GBP : enter the exchange rate multiplier for USD -> GBP","Standard: 1 <br /> Eg. basevaluta er USD, ditt manifest skjermen valuta er GBP: skriv inn vekslingskursen multiplikator for USD -> GBP"
"Default: 100","Standard: 100"
"Default: 13pt/5pt (top/bottom), 5pt (left/right)","Standard: 13pt / 5PT (topp / bunn), 5PT (venstre / høyre)"
"Default: 17","Standard: 17"
"Default: 185","Standard: 185"
"Default: 2 [1.1256 becomes 1.13]","Standard: 2 [1,1256 blir 1,13]"
"Default: 2<br />Eg. 21.6700 @ 0 = 22; @ 1 = 21.7; @ 2 = 21.67; @ -1 = 20","Standard: 2 <br /> Eg. 21,6700 @ 0 = 22; @ 1 = 21,7; @ 2 = 21,67; -1 = 20"
"Default: 200","Standard: 200"
"Default: 22pt (top/bottom), 30pt (left/right)","Standard: 22pt (topp / bunn), 30pt (venstre / høyre)"
"Default: 25","Standard: 25"
"Default: 25 -->","Standard: 25 ->"
"Default: 25, 25 (can leave one blank)","Standard: 25, 25 (kan la en blank)"
"Default: 250","Standard: 250"
"Default: 250, 100. Need to select [Yes] on "Show order gift message" or "Show product gift message".","Standard: 250, 100. Trenger å velge [Ja] på "Show for gavemelding" eller "Vis produktgavemelding"."
"Default: 250, 100. Need to select yes on "Show order gift message" or "Show product gift message"","Standard: 250, 100. Trenger å velge ja "Show for gavemelding" eller "Vis produktgavemelding" på"
"Default: 250x182","Standard: 250x182"
"Default: 3","Standard: 3"
"Default: 350","Standard: 350"
"Default: 380","Standard: 380"
"Default: 40","Standard: 40"
"Default: 400","Standard: 400"
"Default: 420","Standard: 420"
"Default: 450","Standard: 450"
"Default: 460","Standard: 460"
"Default: 475","Standard: 475"
"Default: 480","Standard: 480"
"Default: 50","Standard: 50"
"Default: 500","Standard: 500"
"Default: 520","Standard: 520"
"Default: 5pt (top/bottom), 5pt (left/right)","Standard: 5PT (topp / bunn), 5PT (venstre / høyre)"
"Default: 5pt/5pt (top/bottom), 5pt/5pt (left/right)","Standard: 5PT / 5PT (topp / bunn), 5PT / 5PT (venstre / høyre)"
"Default: 67","Standard: 67"
"Default: 8","Standard: 8"
"Default: 80","Standard: 80"
"Default: backordered","Standard: restnoterte"
"Default: Bold","Standard: Fet"
"Default: center","Standard: center"
"Default: Code128","Standard: Code128"
"Default: codes","Standard: koder"
"Default: Empty","Standard: Tom"
"Default: Grand Total","Standard: Grand Total"
"Default: ID","Standard: ID"
"Default: ID -->","Standard: ID ->"
"Default: invoice_","Standard: invoice_"
"Default: invoice+packing-sheet_","Standard: faktura + pakking-sheet_"
"Default: items","Standard: elementer"
"Default: Left (if right, turn off barcodes, addresses; if full-width no company","Standard: Venstre (hvis riktig, slå av strekkoder, adresser, hvis full bredde ingen selskap"
"Default: M j, Y . Format this according to www.php.net/date","Standard: M j, Y. Formater dette i henhold til www.php.net/date"
"Default: Method B","Standard: Metode B"
"Default: name","Standard: navn"
"Default: order-combined_","Standard: For-combined_"
"Default: order-separated_","Standard: For-separated_"
"Default: out-of-stock-list_","Standard: out-of-stock-list_"
"Default: packing-sheet_","Standard: pakking-sheet_"
"Default: Phone","Standard: Telefon"
"Default: Phone -->","Standard: Telefon ->"
"Default: product-separated_","Standard: produkt-separated_"
"Default: pt (top/bottom), pt (left/right)","Standard: pt (topp / bunn), pt (venstre / høyre)"
"Default: Qty","Standard: Antall"
"Default: Qty -->","Standard: Antall ->"
"Default: Ship to:","Standard: Send til:"
"Default: Shipping","Standard: Shipping"
"Default: Simple product name","Standard: Enkel produktnavn"
"Default: Source","Standard: Source"
"Default: Subtotal","Standard: Subtotal"
"Default: tax","Standard: skatt"
"Default: total","Standard: total"
"Default: USD","Standard: USD"
"Default: VAT Rateable","Standard: Moms rateable"
"Default: warehouse","Standard: lager"
"Default: Y_m_d . Format this according to www.php.net/date","Standard: Y_m_d. Formater dette i henhold til www.php.net/date"
"Default: Zero-rated","Standard: Zero-karakter"
"Default:7","Standard: 7"
"Default: No","Standard: Ingen"
"Default: Yes","Standard: Ja"
"Depends on your stock management system","Avhenger av lagerstyringssystem"
"Descending","synkende"
"Detailed CC info?","Detaljert CC info?"
"Dimensions","dimensjoner"
"Dimensions : 'Label width' x 'Label height' @ 300dpi : non-interlaced and non-transparent .png","Mål: 'etikett bredde x' Etikett høyde '@ 300dpi: non-interlaced og ikke-transparent .png"
"Dimensions 180<b style="color:red;">pt</b> x 120<b style="color:red;">pt</b> @ 300dpi : non-interlaced <b>and</b> non-transparent .png","Dimensjoner 180 <b style = "color: red;"> pt </ b> x 120 <b style = "color: red;"> pt </ b> @ 300dpi: non-interlaced <b> og </ b> non-transparent .png"
"Dimensions 540<b style="color:red;">pt</b>(A4)|562<b style="color:red;">pt</b>(US Letter) x 1-200<b style="color:red;">pt</b> @ 300dpi : non-interlaced <b>and</b> non-transparent .png","Dimensjoner 540 <b style = "color: red;"> pt </ b> (A4) | ​​562 <b style = "color: red;"> pt </ b> (US Letter) x 1-200 <b style = "color: red;"> pt </ b> @ 300dpi: non-interlaced <b> og </ b> ikke-transparent .png"
"Dispatch Date?","Publiseringsdato?"
"Don't count these custom option SKUs :","Teller ikke disse egendefinert alternativ SKUene:"
"Double-line spacing?","Dobbeltlinjeavstand?"
"Double-up this barcode?","Dobbelt opp denne strekkoden?"
"Drink Flag","Drikk Flag"
"E: ","E:"
"Eg. nudge it up off integrated labels","Eg. dytte den opp av integrerte etiketter"
"eg. put 'wholesale', then only wholesale customers will see 'Message B'","f.eks. sette "engros", så bare grossistkunder vil se 'Message B'"
"eg. put your country, then only overseas orders will have country added","f.eks. sette landet ditt, la deretter bare utenlandske bestillinger vil ha landet"
"Eg. shelving info","Eg. hyller info"
"Email: Body","E-post: Body"
"Email: Send To","E-post: Send til"
"Email: Sender","E-post: Sender"
"Email: Subject","E-post Emne"
"Enable auto processing?","Aktiver automatisk behandling?"
"Enter your license key here","Skriv inn din lisensnøkkel her"
"Exactly position shipping detail (eg. for envelope window)","Nøyaktig posisjon frakt detaljer (f.eks. For konvolutt vindu)"
"Exactly position top address (eg. for envelope window)","Nøyaktig posisjon top-adresse (f.eks. For konvolutt vindu)"
"Export","Eksport"
"Export: Path","Eksport: Sti"
"Extra attribute position","Ekstra attributt stilling"
"F: ","F:"
"File Path","File Path"
"Fill Bars?","Fyll Bars?"
"Fill bkg comments box ?","Fyll BKG kommentarfeltet?"
"Fill columns titlebar?","Fyll kolonner tittellinja?"
"Filter again?","Filter igjen?"
"Filter by supplier?","Sorter etter leverandør?"
"Filter items again?","Filter elementer igjen?"
"Filter items by status?","Filtrer elementer etter status?"
"Filter items?","Filter elementer?"
"Filter order notes?","Filtrer ordre notater?"
"Filter out some options?","Filtrere ut noen alternativer?"
"Filter out some?","Filtrere ut noen?"
"Filter out these attributes","Filtrere ut disse attributtene"
"Filter out these custom option SKUs :","Filtrere ut disse tilpassede alternativ SKUene:"
"Filter shipped items?","Filter levert elementer?"
"Filter text","filter tekst"
"Filter text (don't show notes containg this text)","Filter tekst (ikke viser notater containg denne teksten)"
"Filter?","Filter?"
"Filter/Split which PDFs?","Filter / Split som PDF-filer?"
"Filters: Order-separated PDFs, Order-combined PDFs","Filter: Bestill separert PDF-filer, Order-kombinerte PDF-filer"
"First Name","Fornavn"
"First order starts at","Første ordens starter på"
"Fix Subtotals to page base","Fix Delsummer til side basen"
"Flat-address font size","Flat-adresse skriftstørrelsen"
"Font","Font"
"Font size","Skriftstørrelse"
"Font size (Product Lines)","Skriftstørrelse (Produktlinjer)"
"Font size (Return address)","Skriftstørrelse (Return adresse)"
"Font size (Shipping address)","Skriftstørrelse (Shipping adresse)"
"For all customer group types","For alle kundegruppetyper"
"For any customer group containing filter word","For noen kundegruppe som inneholder filter ord"
"For configurable products, show:","For konfigurerbare produkter, show:"
"For custom minimum stock levels for specific SKUs, set like this:","For tilpassede minimum lagernivåer for bestemte SKUene, sett slik ut:"
"For full-page sharp backgrounds, upload images with dimensions  595<b style="color:red;">pt</b> x 842<b style="color:red;">pt</b> (A4), or 612<b style="color:red;">pt</b> x 792<b style="color:red;">pt</b> (Letter)","For helsides skarpe bakgrunn, laste opp bilder med dimensjonene 595 <b style = "color: red;"> pt </ b> x 842 <b style = "color: red;"> pt </ b> (A4), eller 612 <b style = "color: red;"> pt </ b> x 792 <b style = "color: red;"> pt </ b> (Letter)"
"For Internal Print Flags use "0" to avoid duplicate printing","For interne utskrifts Flags bruke "0" for å unngå duplikat utskrift"
"Force gift message font?","Force gave melding font?"
"Format product options?","Format produkt alternativer?"
"Format product?","Format produkt?"
"FTP host","FTP host"
"FTP password","FTP-passord"
"FTP port","FTP port"
"FTP remote path","FTP ekstern sti"
"FTP user","FTP-bruker"
"Full height of each label (default 168pt)","Full høyde på hver etikett (standard 168pt)"
"Full height of each label (default 432pt)","Full høyde på hver etikett (standard 432pt)"
"Full Page Width","Full Page Bredde"
"Full width of each label (default 190pt)","Full bredde på hver etikett (standard 190pt)"
"Full width of each label (default 288pt)","Full bredde på hver etikett (standard 288pt)"
"Gallery Images (Max 2)","Galleri Images (Max 2)"
"General : CSV","Generelt: CSV"
"General : PDF","Generelt: PDF"
"General Options","Generelle alternativer"
"Germany CN22 Label Image","Tyskland CN22 Etikett bilde"
"Gift card","Gavekort"
"Gift message","Gift melding"
"Gift Message : Background Color","Gift Melding: bakgrunnsfarge"
"Gift Message : Color","Gift Melding: Color"
"Gift Message : Font","Gift Melding: Font"
"Gift Message : Size","Gift Melding: Størrelse"
"Gift Message : Style","Gift Melding: Stil"
"Gift wrap","Gavepapir"
"Goes at page base - good for integrated labels","Goes side base - bra for integrerte etiketter"
"Goes at page base - handy for QC","Goes side base - hendig for QC"
"Goes on the right of the header logo","Går på høyre side av overskriften logo"
"Goes on the top-left of the page","Går på øverst til venstre på siden"
"Good for 3-part integrated labels, eg. for peel-off address records","God for 3-del integrerte etiketter, f.eks. for peel-off adresseposter"
"Good for a footer image","Bra for en bunntekst bilde"
"Good for integrated labels","God for integrerte etiketter"
"Good for tax numbers, return instructions","Bra for skatte tall, blir returinstruksjoner"
"Good for things like tear-off labels, or adding to the return address abel to make it a 'Returns Label'","God for ting som tear-off etiketter eller legge til returadressen abel å gjøre det en "retur etikett""
"Grand Total (from Magento)?","Grand Total (fra Magento)?"
"Grey out products from other suppliers","Grey ut produkter fra andre leverandører"
"Group by Category?","Grupper etter kategori?"
"Group With Other Prints","Gruppe Med andre utskrifter"
"Header logo","header logo"
"Hide if gift order?","Skjul dersom gave orden?"
"Hide prices if a gift order?","Skjul priser hvis en gave orden?"
"Hide product option labels?","Skjule produkt opsjons etiketter?"
"Hide products from other suppliers","Skjul produkter fra andre leverandører"
"Hide Shipping Method for Store-Pickup orders?","Skjul Shipping Metode for butikk-Pickup bestillinger?"
"Hide supplier attribute column?","Skjul leverandør attributt kolonne?"
"Hide these groups :","Skjule disse gruppene:"
"Hide this 'country name'","Skjul denne "country name '"
"Hide this 'country name' :","Skjul denne "country name ':"
"Hide this' country name' :","Skjul denne "country name ':"
"Hide Virtual and Downloadable products from PDFs?","Skjul Virtuelle og nedlastbare produkter fra PDF-filer?"
"Hide zero discount value?","Skjul null rabatt verdi?"
"Hide zero shipping value?","Skjul null frakt verdi?"
"Hide zero tax value?","Skjul null skatt verdi?"
"High-res","Høy oppløsning"
"high-res/low-res?","high-res / lav oppløsning?"
"High/Low Resolution?","Høy / Lav oppløsning?"
"Hold?","Holde?"
"Holland CN22 Label Image","Holland CN22 Etikett bilde"
"Horizontal bars : Background Color","Vannrette streker: bakgrunnsfarge"
"Ie. if you want them listed together and not in separate columns","Dvs. hvis du vil ha dem listet opp sammen og ikke i egne kolonner"
"If 'Yes' this won't include items which have been marked as shipped.","Hvis "Ja" dette vil ikke inneholde elementer som er merket som sendt."
"If child image missing, show parent?","Hvis barnet bilde mangler, viser forelder?"
"If set to Yes, after an order has been printed, you can only re-print it from inside the Order Detail page.<br />The aim is to avoid shipping the same order multiple times by mistake.","Hvis satt til Ja, etter at en ordre er skrevet ut, kan du bare re-skrive den ut fra innsiden av Order Detalj siden. <br /> Målet er å unngå å sende den samme rekkefølgen flere ganger ved en feiltakelse."
"If supplier 'logged in', do what with other suppliers products?","Dersom leverandørens logget inn ', gjør det med andre leverandører produkter?"
"If you get long addresses that spill over the edge of your label, set this number to force a linebreak","Hvis du får lange adresser som flommer over kanten på etiketten, setter tallet til å tvinge et linjeskift"
"If you ship a lot of single items, this can help alert your shipping staff that","Hvis du sender en rekke enkeltelementer, kan dette bidra til å varsle leverings ansatte som"
"If you ship a lot of single items, this can help alert your shipping staff that there's more than one!","Hvis du sender en rekke enkeltelementer, kan dette bidra til å varsle leverings ansatte at det er mer enn én!"
"If you're using shipEasy, and have setup any of the 3 custom flag columns, you can show the value.","Hvis du bruker shipEasy, og har satt opp noen av de tre egendefinerte flagg kolonner, kan du vise verdien."
"Image behind return address?","Bilde bak returadresse?"
"Image behind ship address?","Bilde bak skipet adresse?"
"Image border color","Bilde kantfarge"
"Image file","bildefil"
"Image nudge","Bilde nudge"
"Image position nudge","Bilde stilling nudge"
"Images column title","Bilder kolonnetittel"
"Import","Import"
"In positionable box (handy for tear-off labels)","I posisjoner boks (hendig for tear-off etiketter)"
"Incl.","Inkl."
"Include customer phone in addresses?","Inkluder kundetelefonen i adresser?"
"Include discount?","Inkluder rabatt?"
"Include discounts in product line price","Inkluder rabatter i produktlinje pris"
"Include Order ID in filename for single page print?","Inkluder Order ID i filnavnet for enkelt side print?"
"Include Order ID in filename for single page prints?","Inkluder Order ID i filnavnet for enkeltside skrives ut?"
"Include order notes?","Inkluder ordre notater?"
"Include shipping country in addresses?","Inkluder frakt landet adresser?"
"Include tax in 'Shipping'?","Inkluder skatt i "Shipping"?"
"Include Tax in Price?","Inkluder Skatt i Price?"
"Include Tax in Shipping Price?","Inkluder Skatt i Shipping Pris?"
"Include tax in value?","Inkluder skatt i verdi?"
"Include tax?","Inkluder skatt?"
"Installation Server","installasjon Server"
"Invert some of the title colors...","Vend noen av tittel farger ..."
"Invoice Address","Faktura-adresse"
"Invoice Date","Fakturadato"
"Invoice ID?","Faktura-ID?"
"Invoice Number","Fakturanummer"
"Invoice Options","faktura~~POS=TRUNC alternativer"
"Invoiced Date","fakturert Dato"
"Is this included in the Subtotal?","Er dette inkludert i Subtotal?"
"Italic","kursiv"
"Item Count","Sak Count"
"Items column title","Elementer kolonnetittel"
"Items count?","Elementer telle?"
"Label","Merkelapp"
"Label height","etikett høyde"
"Label margins","Merk marginer"
"Label Nudge","etikett Nudge"
"Label padding","etikett padding"
"Label width","etikett bredde"
"Layout template","layout mal"
"License","Tillatelse"
"License Key","Lisensnøkkel"
"Line above fixed footer image?","Linjen over fast footer image?"
"Line widths","linjebredder"
"Lock image to page base?","Lås bilde til side basen?"
"Logo position","logo stilling"
"Low-res","Low-res"
"Magento Order ID","Magento Order ID"
"Main Image","hovedbilde"
"Makes gift orders a bit happier-looking by adding a special image on the message box.","Gjør gave bestillinger litt gladere rettede ved å legge til et spesielt bilde på meldingsboksen."
"Manual description 1","Manuell Beskrivelse 1"
"Margin (from right)","Margin (fra høyre)"
"Margin (from right) for flat-address","Margin (fra høyre) for flat-adresse"
"Marketplace Order ID","Market Order ID"
"Match shipping description :","Match frakt beskrivelse:"
"Match text:","Match tekst:"
"Max address width (pt)","Max adresse bredde (pt)"
"Max dimensions","Maks dimensjoner"
"Max weight per box","Maks vekt per boks"
"Max width","maks bredde"
"Messages","Messages"
"Middle of page","Midt på siden"
"Min. weight to hide shipment method and put 'Pallet'","Min. vekt å skjule forsendelsesmetode og sette 'Palle'"
"Minimum stock qty","Minimum lager Antall"
"Moogento","Moogento"
"Moogento pickPack","Moogento pickPack"
"Moogento pickPack : CSV (Order-combined Products)","Moogento pickPack: CSV (Order-kombinert Products)"
"Moogento pickPack : CSV (Order-separated Products)","Moogento pickPack: CSV (Order-skilt produkter)"
"Moogento pickPack : CSV (Orders)","Moogento pickPack: CSV (Orders)"
"Moogento pickPack : CSV/XML (Cargo Manifest)","Moogento pickPack: CSV / XML (Cargo Manifest)"
"Moogento pickPack : PDF (Address Labels)","Moogento pickPack: PDF (Adresse-etiketter)"
"Moogento pickPack : PDF (CN22 Labels)","Moogento pickPack: PDF (CN22 Labels)"
"Moogento pickPack : PDF (Gift Message)","Moogento pickPack: PDF (Gift Message)"
"Moogento pickPack : PDF (Invoice and Packing Sheet)","Moogento pickPack: PDF (Faktura og Packing Sheet)"
"Moogento pickPack : PDF (Invoice)","Moogento pickPack: PDF (faktura)"
"Moogento pickPack : PDF (Order-combined Picklist)","Moogento pickPack: PDF (Order-kombinert plukkliste)"
"Moogento pickPack : PDF (Order-separated Picklist)","Moogento pickPack: PDF (Order delt plukkliste)"
"Moogento pickPack : PDF (Orders Summary)","Moogento pickPack: PDF (Ordre sammendrag)"
"Moogento pickPack : PDF (Packing Sheet)","Moogento pickPack: PDF (Packing Sheet)"
"Moogento pickPack : PDF (Product-separated Picklist)","Moogento pickPack: PDF (Product delt plukkliste)"
"Moogento pickPack : PDF (Troylleybox Picklist)","Moogento pickPack: PDF (Troylleybox plukkliste)"
"Moogento pickPack : PDF (Zebra Labels)","Moogento pickPack: PDF (Zebra Labels)"
"Moogento pickPack : PDF/CSV (Out-of-stock List)","Moogento pickPack: PDF / CSV (Out-of-stock List)"
"Multiplier Attribute","Multiplier Egenskap"
"Multiplies product price by set multiplication factor. Eg. use to show product price limit for substitutions in pick","Multipliserer produktpris ved settet multiplikasjon faktor. Eg. brukes for å vise produkt prisgrense for erstatninger i pick"
"Multiplies product price by set multiplication factor.<br />Eg. use to show product price limit for substitutions in pick","Multipliserer produktpris ved settet multiplikasjon faktor. <br /> Eg. brukes for å vise produkt prisgrense for erstatninger i pick"
"Multiply prices by attribute?","Multipliser prisene etter egenskap?"
"Name from Order","Navn fra Order"
"Name from Product > Default Store","Navn fra Produkt> Standard Butikk"
"Name from Product > Order Store *Default*","Navn fra Produkt> Bestill butikken * Standard *"
"Name from Product > Specific Store","Navn fra Produkt> bestemt butikk"
"New page per order?","Ny side per bestilling?"
"New PDF per name?","Ny PDF per navn?"
"No","Nei"
"No (default)","Nei (standard)"
"No of Items per page","Ingen av produkter per side"
"No, include all items in order","Nei, omfatte alle elementer i rekkefølge"
"No, include it in the product price","Nei, ta den med i produktprisen"
"No, include it in the product price (but also show a tax subtotal summary)","Nei, ta den med i produktprisen (men viser også en skatt delsum sammendrag)"
"No, move other items to new line (+ keep linebreaks)","Nei, flytte andre elementer til ny linje (+ Hold linjeavstand)"
"No, without Tax","Nei, uten moms"
"None","Ingen"
"Normal' Dimensions:  269<b style="color:red;">pt</b> x 41<b style="color:red;">pt</b> @ 300dpi<br />","Normal 'Mål: 269 <b style = "color: red;"> pt </ b> x 41 <b style = "color: red;"> pt </ b> @ 300dpi <br />"
"Not recommended... Use at your own risk...","Anbefales ikke ... Bruk på egen risiko ..."
"Nudge","Nudge"
"Nudge 'Packed 2 by' note","Nudge "Pakket to av 'note"
"Nudge 'Packed by' text","Nudge "Pakket med 'tekst"
"Nudge <b>autoCN22</b> label","Nudge <b> autoCN22 </ b> etikett"
"Nudge 2nd address","Nudge andre adresse"
"Nudge 2nd barcode","Nudge andre strekkode"
"Nudge 2nd custom title","Nudge andre custom tittel"
"Nudge 2nd image","Nudge andre bilde"
"Nudge address","Nudge adresse"
"Nudge background image","Nudge bakgrunnsbilde"
"Nudge barcode","nudge strekkode"
"Nudge CN22 label","Nudge CN22 etiketten"
"Nudge company address","Nudge firmaets adresse"
"Nudge details","nudge detaljer"
"Nudge entire label","Nudge hele etiketten"
"Nudge fixed image","Nudge fast bilde"
"Nudge flat-address","Nudge flat-adresse"
"Nudge gift message","Nudge gavemelding"
"Nudge image","Nudge bilde"
"Nudge label image","Nudge label bilde"
"Nudge logo","Nudge logo"
"Nudge Order ID","Nudge Order ID"
"Nudge Order ID barcode","Nudge Order ID strekkode"
"Nudge order notes","Nudge ordre notater"
"Nudge product line","Nudge produktserie"
"Nudge qr-code (1)","Nudge qr-kode (1)"
"Nudge qr-code (2)","Nudge qr-kode (2)"
"Nudge return address","Nudge returadresse"
"Nudge return label","Nudge returetikett"
"Nudge Rotated Product List","Nudge rotert produktliste"
"Nudge shelving","nudge hyller"
"Nudge shipping address","Nudge leveringsadresse"
"Nudge shipping address only","Nudge bare leveringsadresse"
"Nudge supplier attribute","Nudge leverandør attributt"
"Nudge title","nudge tittel"
"Nudge tracking barcode","Nudge sporing strekkode"
"Nudge tracking number","Nudge sporingsnummer"
"Nudge Zipcode barcode","Nudge postnummer strekkode"
"Nudge' Packed by' note","Nudge "Pakket med 'notat"
"Number product list?","Antall produktliste?"
"Only print once?","Bare skrive ut en gang?"
"Only process orders matching shipEasy attribute?","Bare behandle bestillinger matchende shipEasy attributt?"
"Operand?","Operand?"
"Order Attribute","Bestill Egenskap"
"Order attribute code","Bestill attributtet kode"
"Order attribute code:","Bestill attributtet kode:"
"Order Attribute Value","Bestill Egenskap Verdi"
"Order Comments","Bestill Kommentarer"
"Order custom attribute?","Bestille tilpassede attributt?"
"Order date","Bestillingsdato"
"Order date X-pos.","Bestillingsdato X-polet."
"Order Date?","Bestillingsdato?"
"Order ID (Footer) X-pos.","Bestill ID (bunntekst) X-pos."
"Order ID X-pos.","Bestill ID X-polet."
"Order ID?","Bestillings ID?"
"Order of subtotals","Order of delsummer"
"Order Source","Bestill Source"
"Order Source?","Bestill Source?"
"Order-combined Pick List Options","Bestill-kombinert plukkliste alternativer"
"Order-separated Pick List Options","Bestill separert plukkliste alternativer"
"Orders with In Stock Items Only","Bestillinger med på lager Kun"
"Others?","Andre?"
"Output as PDF or CSV?","Utgang som PDF eller CSV?"
"Output Excel XML file (instead of CSV)","Utgang Excel XML-fil (i stedet for CSV)"
"Output Filenames","utgang filnavn"
"Output only these suppliers (Hide/Grey-out others)","Bare ut disse leverandørene (Skjul / Grey-out andre)"
"Output only this supplier (Hide/Grey-out others) . . . Leave blank to auto-split all suppliers","Utgang bare denne leverandøren (Skjul / Grey-out andre). . . La stå tomt for å auto-split alle leverandører"
"Override 'Minimum stock qty'","Override 'Minimum lager Antall'"
"Override default address formatting?","Overstyr standardadresse formatering?"
"Override default address layout?","Overstyr standardadresse layout?"
"Override filter notes messages","Overstyring filter bemerker meldinger"
"Override stock qty output with location-specific stock?","Styre lager Antall utgang med stedsspesifikk lager?"
"Override' Minimum stock qty'","Override 'Minimum lager Antall'"
"Packing  Sheet Products : Separating Vertical Line Color","Pakking ark Produkter: Skille Vertical Line Color"
"Packing Sheet Options","Pakking Arkalternativer"
"Packing Sheet Products : Separating Line Color","Pakking ark Produkter: Skille Line Color"
"Packing Sheet Products : Separating Vertical Line Color","Pakking ark Produkter: Skille Vertical Line Color"
"Padding","padding"
"Page 1 Product-lines cutoff Y-pos","Side 1 Produkt-linjer cutoff Y-pos"
"Page 1 products cutoff position","Page posisjon 1 produkter cutoff"
"Page Body : Color","Side Body: Farge"
"Page Body : Font","Side Body: Font"
"Page Body : Size","Side Body: Størrelse"
"Page Body : Style","Side Body: Stil"
"Page padding","Page padding"
"page padding","side padding"
"Page size","Sidestørrelse størrelse~~POS=HEADCOMP"
"Page template :","Side mal:"
"Page title : Color","Sidetittel: Farge"
"Page title : Font","Sidetittel: Font"
"Page title : Size","Sidetittel: Størrelse"
"Page title : Style","Sidetittel: Stil"
"Paid Date","betalt dato"
"Paid Date?","Betalt dato?"
"Pallet 'go' weight","Pall 'go' vekt"
"Pallet' go' weight","Pall 'go' vekt"
"Paper height","Paper høyde"
"Paper margins","papir~~POS=TRUNC marginer"
"Partially: lines top & bottom","Delvis: linjer topp og bunn"
"Pattern text","mønster tekst"
"Pattern to match :","Mønster som passer:"
"Payment","Betaling"
"Payment method?","Betalingsmetode?"
"PDF (Address Labels)","PDF (Adresse-etiketter)"
"PDF (Address Labels)?","PDF (adresse etiketter)?"
"PDF (CN22 Labels)","PDF (CN22 Labels)"
"PDF (CN22 Labels)?","PDF (CN22 etiketter)?"
"PDF (Gift Message)","PDF (Gift Message)"
"PDF (Gift Message)?","PDF (Gift Message)?"
"PDF (Invoice & Packing Sheet)","PDF (Faktura & Packing Sheet)"
"PDF (Invoice and Packing Sheet)?","PDF (Faktura og Packing Sheet)?"
"PDF (Invoice)","PDF (faktura)"
"PDF (Invoice)?","PDF (faktura)?"
"PDF (Order-combined Picklist)","PDF (Order-kombinert plukkliste)"
"PDF (Order-combined Picklist)?","PDF (Order-kombinert plukkliste)?"
"PDF (Order-separated Picklist)","PDF (Order delt plukkliste)"
"PDF (Order-separated Picklist)?","PDF (Order-skilt plukkliste)?"
"PDF (Orders Summary)","PDF (Bestillinger sammendrag)"
"PDF (Orders Summary)?","PDF (Ordre sammendrag)?"
"PDF (Out-of-stock List)","PDF (Out-of-stock List)"
"PDF (Out-of-stock List)?","PDF (Out-of-stock List)?"
"PDF (Packing Sheet)","PDF (Packing Sheet)"
"PDF (Packing Sheet)?","PDF (Pakking Sheet)?"
"PDF (Product-separated Picklist)","PDF (Product delt plukkliste)"
"PDF (Product-separated Picklist)?","PDF (Product delt plukkliste)?"
"PDF (Trolleybox Picklist)","PDF (Trolleybox plukkliste)"
"PDF (Trolleybox Picklist)?","PDF (Trolleybox plukkliste)?"
"PDF (Zebra Labels)","PDF (Zebra Labels)"
"PDF (Zebra Labels)?","PDF (Zebra etiketter)?"
"PDF Address-label Sheet","PDF Adresse-label Sheet"
"PDF Gift Message","PDF Gift Message"
"PDF Invoice","PDF-faktura"
"PDF Invoice &amp; Packing Sheet' Sort","PDF-faktura & amp; Pakking Sheet "Sort"
"PDF Letter","PDF Brev"
"PDF Order-combined Picklist","PDF Order-kombinert valglisten"
"PDF Order-separated Picklist","PDF Order-skilt valglisten"
"PDF Orders Summary","PDF bestillinger Oppsummering"
"PDF Packing Sheet","PDF Pakking Sheet"
"PDF Packing Sheet + Invoice","PDF Pakking Sheet + Faktura"
"PDF page size","PDF sidestørrelse"
"PDF Product-separated Picklist","PDF Produkt separert valglisten"
"PDF Zebra Label","PDF Zebra etikett"
"PDF/CSV (Out-of-stock List)","PDF / CSV (Out-of-stock List)"
"PDF/CSV Out-of-stock List","PDF / CSV Out-of-stock List"
"PDF/CSV Out-of-stock List Options","PDF / CSV out-of-stock valglisten"
"Pick Lists only","Plukk Lister bare"
"pickPack","pickPack"
"pickPack Validation Key","pickPack Validering Key"
"Pickup Date","Hentedato"
"Pickup Store Address","Pickup Butikk Adresse"
"Pickup Store Email","Pickup Butikk E-post"
"Pickup Store ID","Pickup Butikk ID"
"Pickup Store Phone","Pickup lagre telefonnumre"
"Pickup Time","Hentetid"
"Position","Stilling"
"Position custom text box","Posisjon tilpasset tekstboks"
"Position of custom attributes","Plassering av tilpassede attributter"
"Position of notes :","Plassering av notater:"
"Position of shelving info","Plassering av hyller info"
"Position the addresses exactly - for integrated labels","Plasser adressene nøyaktig - for integrerte etiketter"
"Position the message box exactly","Plasser meldingsboksen nøyaktig"
"Positionable box position","Posisjoner boks posisjon"
"Pre-cells","Pre-celler"
"Price column title","Pris kolonnetittel"
"Price position","Pris stilling"
"Price X-pos.","Pris X-polet."
"Prices","prisene"
"Prices converted from","Prisene er omregnet fra"
"Print All?","Skriv ut alle?"
"Print barcode in separate line?","Skriv ut strekkoden på egen linje?"
"Print Condition","Skriv ut Tilstand"
"Print Credit Memos?","Skriv ut kreditnotaer?"
"Print Invoices?","Skriv ut fakturaer?"
"Print orders once only?","Skriv ut bestillinger bare en gang?"
"Print Packingslips?","Skriv ut Packingslips?"
"Print products label after address label?","Trykte produkter etiketten etter adresseetikett?"
"Print resolution","utskrifts~~POS=TRUNC oppløsning~~POS=HEADCOMP"
"Print Shipping Labels?","Skriv ut Shipping Labels?"
"Print supplier attribute?","Print leverandør attributt?"
"Priority of custom attribute grouping","Prioritering av tilpasset attributt gruppering"
"Process date?","Process date?"
"Process orders that include out-of-stock items?","Behandle bestillinger som inkluderer out-of-stock elementer?"
"Processing schedule","behandlingsplan"
"Product Category Label","Produktkategori etikett"
"Product discount title","Produkt rabatt tittel"
"Product discount title?","Produkt rabatt tittel?"
"Product gift message xpos","Produkt gavemeldings XPOS"
"Product id below barcode font-size","Produkt id under strekkode font-size"
"Product images?","Produktbilder?"
"Product line nudge","Produktlinje nudge"
"Product line total title","Produktlinje total tittel"
"Product line total title?","Produktlinje total tittelen?"
"Product list sort direction :","Produktliste slags retning:"
"Product list titlebar padding bot","Produktliste tittellinja padding bot"
"Product list titlebar padding top","Produktliste tittellinja padding toppen"
"Product Name","Produktnavn"
"Product name position","Produktnavn stilling"
"Product name X-pos.","Produktnavn X-polet."
"Product name?","Produktnavn?"
"Product names or attributes contain non-roman characters?","Produktnavn eller attributter inneholder ikke-latinske bokstaver?"
"Product Options : Size","Produktalternativer: Størrelse"
"Product options?","Produkt alternativer?"
"Product Price x","Produkt Pris x"
"Product SKU barcode?","Produkt SKU strekkode?"
"Product SKU below barcode font-size","Produkt SKU under strekkode font-size"
"Product SKU below barcode?","Produkt SKU under strekkoden?"
"Product weight?","Produktvekt?"
"Product-price Multiplier","Produkt-pris Multiplier"
"Pull from custom attribute","Trekk fra tilpasset attributt"
"Purchase order #?","Bestilling #?"
"Put in separate column","Sett i egen kolonne"
"Puts in total weight, shipping carrier, payment method","Setter i totalvekt, transportøren, betalingsmetode"
"q(Qty left to ship), s(Qty shipped), o(Qty ordered)","q (Stk igjen å sende), s (Stk levert), o (Stk bestilt)"
"Qty column title","Antall kolonnetittel"
"Qty invoiced","Antall fakturerte"
"Qty left to ship","Antall venstre for å sende"
"Qty X-pos.","Antall X-polet."
"Quote all values in CSV exports?","Quote alle verdier i CSV eksport?"
"Recalculate","omberegne"
"Recommend for long SKU","Tips for lang SKU"
"Reformat address?","Formater adresse?"
"Reformat?","Formater?"
"Regular","Regelmessig"
"Remove accents from letters in address?","Fjern aksenter fra bokstavene i adressen?"
"Remove product tax from subtotal?","Fjern produkten skatt fra delsum?"
"Remove shipping tax from","Fjern rederiskatte fra"
"Remove shipping tax from subtotal?","Fjern rederiskatte fra delsum?"
"Remove shipping tax from tax","Fjern rederiskatte fra skatt"
"Repeat gift message?","Gjenta gavemelding?"
"Replace Default ERP Invoice with pickPacks?","Erstatt Standard ERP faktura med pickPacks?"
"Replace Default ERP Packing Sheet with the one from pickPack?","Erstatt Standard ERP Pakking Sheet med en fra pickPack?"
"Reset","Reset"
"Return address","Returadresse"
"return address - Default","returadresse - Standard"
"return address - Group 1","returadresse - Gruppe 1"
"return address - Group 2","returadresse - Gruppe 2"
"return address - Group 3","returadresse - Gruppe 3"
"Return Address Label : Color","Returadresse-etiketter: Color"
"Return Address Label : Font","Returadresse-etiketter: Font"
"Return Address Label : Size","Returadresse-Etiketter: Størrelse"
"Return Address Label : Style","Returadresse-etiketter: Stil"
"Return address text","Returadresse tekst"
"Right","Høyre"
"Right Margin X","Høyre marg X"
"Rotate <b>autoCN22</b> page?","Roter <b> autoCN22 </ b>?"
"Rotate entire label?","Roter hele etiketten?"
"Rotate label?","Roter etiketten?"
"Rotate Product list","Roter produktliste"
"Rotate return address?","Roter returadresse?"
"Rotate?","Rotere?"
"Round cost by ? decimal places","Round kostnadene med? desimaler"
"Round custom attribute numbers?","Runde definerte attributt tall?"
"Round weight by ? decimal places","Rund vekt av? desimaler"
"Rounding to 2 decimals can work well for price display.<br /><i>Default: No</i>","Avrunding til 2 desimaler kan fungere godt for prisen skjerm <br /> <i> Standard:. Nei </ i>"
"Rule 1?","Regel 1?"
"Rule 2?","Regel 2?"
"Rules are processed in order from low to high priority numbers.<br/>","Reglene er behandlet i rekkefølge fra lav til høy prioritet tall. <br/>"
"Scale Shipping Labels","Scale Shipping Labels"
"Seeing tofu : <b style="font-size:200%;font-weight:100;display:inline;position:relative;top:5px;">&#9647;</b>?","Å se tofu: <b style = "font-size: 200%; font-weight: 100; display: inline; position: relative; top: 5px;"> & # 9647; </ b>?"
"Select Order Attribute To Update","Velg Bestill Attributt oppdatere"
"Separate multiple matches by comma.'","Skill flere kamper med komma. '"
"Seperator 1?","Seperator en?"
"Seperator 2?","Seperator 2?"
"Server Name","Server navn"
"Set in 'Shipping Labels' section","Sett i "Shipping Labels delen"
"Set in 'Shipping Labels' section<br />Enable this to show eg. Royal Mail PPI labels","Sett i "Shipping Labels delen <br /> Aktiver dette for å vise f.eks. Royal Mail PPI etiketter"
"Set Internal Printed Flag?","Sett Intern Trykt Flag?"
"Set the currency symbol","Still valutasymbol"
"Set to Low to keep filesize low (but background image blurred), set to High to get a sharp background (and larger filesize)","Sett til lav for å holde filstørrelsen lav (men bakgrunnsbildet uskarpt), satt til høyt for å få en skarp bakgrunn (og større filstørrelse)"
"Settings File","innstillingsfil"
"Shelving attribute","hyller attributt"
"Shelving position","hyller stilling"
"Shelving Xpos","hyller XPOS"
"Shift Bundle Children Xpos","Shift Bundle Barn XPOS"
"Ship Date","Forsendelsesdato"
"shipEasy Connection","shipEasy Connection"
"shipEasy Connection","shipEasy Connection"
"shipEasy flag column #","shipEasy flagg column #"
"shipEasy flag value?","shipEasy flagg verdi?"
"Shipping Address","Sendingsadresse"
"Shipping address padding","Leveringsadresse padding"
"Shipping address phone?","Shipping adresse telefon?"
"Shipping address title","Leveringsadresse tittel"
"Shipping Date?","Forsendelsesdato?"
"Shipping Image #1","Shipping Bilde # 1"
"Shipping Image #2","Shipping Image # 2"
"Shipping Image #3","Shipping Image # 3"
"Shipping Labels","Frakt etiketter"
"Shipping Method (Default)","Shipping Method (Standard)"
"Shipping method?","Forsendelsesmetode?"
"Shipping options?","Frakt alternativer?"
"Shipping Type","Shipping Type"
"Shipping/Billing Title : Style","Shipping / Billing Tittel: Stil"
"Shipping/Billing title position","Shipping / Billing tittel posisjon"
"Show","Vise"
"Show 'Allowance'?","Show 'Fradrag'?"
"Show 'Message B' for this group :","Show 'Message B' for denne gruppen:"
"Show 'Message B' for this group :","Show 'Message B' for denne gruppen:"
"Show 'Packed 2 by' note?","Show 'Pakket to av "merke?"
"Show 'Packed by' note?","Show 'Pakket med "merke?"
"Show 'Packed by' note?","Show 'Pakket med "merke?"
"Show 'total item count'?","Show 'totale element count'?"
"Show 'total order count'?","Show 'totale ordre count'?"
"Show 'total paid'?","Show 'totale betalt'?"
"Show 'total shipping paid'?","Show 'totale frakt betalt'?"
"Show 'Total Taxed Product Value'?","Show 'Total beskattes Vare Value'?"
"Show 'Total UnTaxed Product Value'?","Show 'Total ubeskattede Vare Value'?"
"Show #Order or #Invoice","Vis #Order eller #Invoice"
"Show 0 qty items?","Vis 0 stk elementer?"
"Show 2nd attribute?","Vis andre attributt?"
"Show 2nd order custom attribute?","Vis andre orden tilpasset attributt?"
"Show 2nd Order ID?","Vis andre Order ID?"
"Show 2nd qrcode?","Vis andre QRCode?"
"Show 2nd?","Vis andre?"
"Show 3rd attribute?","Vis tredje egenskap?"
"Show address in product label?","Vis adresse på etiketten?"
"Show advanced options?","Vis avanserte alternativer?"
"Show Aitoc Checkout Fields?","Vis Aitoc kassen Fields?"
"Show Amasty Order Attributes?","Vis Amasty Bestill attributter?"
"Show Amasty order delivery date?","Vis Amasty orden leveringsdato?"
"Show another attribute?","Vis en annen egenskap?"
"Show as Icon?","Vis som ikon?"
"Show attribute titles?","Vis attributt titler?"
"Show barcode SKU?","Vis strekkode SKU?"
"Show Base Currency values in Subtotals?","Vis basisvaluta verdier i delsummer?"
"Show BetaBoxes?","Vis BetaBoxes?"
"Show billing address at top?","Vis fakturaadresse på toppen?"
"Show billing address?","Vis fakturaadresse?"
"Show billing phone under shipping address ?","Vis fakturering telefonen leveringsadresse?"
"Show billing phone?","Vis fakturering telefon?"
"Show Box 1?","Vis boks en?"
"Show Box 2?","Vis Box 2?"
"Show Box 3?","Vis boks 3?"
"Show box estimation?","Vis box estimering?"
"Show brackets around tax?","Vis parentes rundt skatt?"
"Show bundle parent?","Vis bunt forelder?"
"Show bundle parents?","Vis bundle foreldre?"
"Show bundle product children?","Vis bundle produkt barn?"
"Show column titles?","Vis kolonnetitler?"
"Show cost subtotal?","Vis kostnads ​​delsum?"
"Show Currency Exchange Rate in Subtotals?","Vis valutakursen i delsummer?"
"Show custom attribute?","Vis tilpasset attributt?"
"Show custom barcode?","Vis tilpasset strekkode?"
"Show custom product attribute (2)?","Vis tilpasset produkt attributt (2)?"
"Show custom product attribute (3)?","Vis tilpasset produkt attributt (3)?"
"Show custom product attribute (4)?","Vis tilpasset produkt attributt (4)?"
"Show custom product attribute?","Vis tilpasset produkt attributt?"
"Show custom product attributes?","Vis tilpassede produkt-attributter?"
"Show custom product options?","Vis tilpassede produkt alternativer?"
"Show custom qrcode?","Vis tilpasset QRCode?"
"Show customer email?","Vis kunde e-post?"
"Show customer group?","Vis kundegruppe?"
"Show customer ID?","Vis kunde-ID?"
"Show customer phone?","Vis kunde telefon?"
"Show customer VAT number?","Vis kunde MVA-nummer?"
"Show custommer comment?","Vis custommer kommentar?"
"Show date printed?","Vis dato skrives ut?"
"Show deadline text / date?","Vis fristen tekst / dato?"
"Show discount?","Vis rabatt?"
"Show discounts in order subtotal","Vis rabatter i orden delsum"
"Show discounts in order subtotal'","Vis rabatter for delsum '"
"Show discounts where?","Vis rabatter der?"
"Show discounts?","Vis rabatter?"
"Show Earned Points?","Vis opptjente poeng?"
"Show extended info line?","Vis utvidet informasjon linjen?"
"Show extra shipping details?","Vis ekstra frakt detaljer?"
"Show fixed text?","Vis fast tekst?"
"Show fixed-text for non-Store-Pickup orders?","Vis fast tekst for ikke-Store-Pickup bestillinger?"
"Show for bundle children?","Vis for bundle barn?"
"Show full payment?","Vis full betaling?"
"Show gift message title 'to/from'","Vis gavemelding tittelen til / fra '"
"Show gift message?","Vis gavemelding?"
"Show gift messages?","Vis gave meldinger?"
"Show gift wrap message?","Vis gavepapir meldingen?"
"Show gift wrap style?","Vis gavepapir stil?"
"Show giftwrap label?","Vis giftwrap etiketten?"
"Show Grand Total?","Vis Grand Total?"
"Show icon top-of-page for wrap orders?","Vis ikon top-of-side for wrap bestillinger?"
"Show invoiced date?","Vis fakturerte date?"
"Show items count?","Vis elementer telle?"
"Show logo on Pick Lists?","Vis logo på valglister?"
"Show logo on picklists?","Vis logo på plukklister?"
"Show mageworld order delivery date?","Vis mageworld orden leveringsdato?"
"Show Mageworx Multifees?","Vis Mageworx Multifees?"
"Show movable Order ID?","Vis bevegelig Order ID?"
"Show name?","Vis navn?"
"Show on line item' can help reduce customs fees","Vis på linje "kan bidra til å redusere tollavgifter"
"Show order column titles?","Vis ordrekolonnetitler?"
"Show order comments?","Vis ordre kommentarer?"
"Show order custom attribute?","Vis orden tilpasset attributt?"
"Show order date?","Vis ordre dato?"
"Show order gift message?","Vis orden gavemelding?"
"Show Order Grand Total","Vis Bestill Grand Total"
"Show Order ID (above address)?","Vis Bestill ID (adressen ovenfor)?"
"Show Order ID above address?","Vis Bestill ID ovenfor adresse?"
"Show Order ID barcode?","Vis Bestill ID strekkode?"
"Show Order ID barcodes?","Vis Bestill ID strekkoder?"
"Show Order ID in product label?","Vis Order ID i etiketten?"
"Show Order ID?","Vis Order ID?"
"Show Order IDs?","Vis Bestill IDer?"
"Show order number?","Vis ordrenummer?"
"Show Order Subtotals?","Vis Bestill delsummer?"
"Show Order Tax Total","Vis Bestill Skatt Total"
"Show Order Total (no Tax)","Vis Bestill Total (ingen skatt)"
"Show page title bar?","Vis side tittellinjen?"
"Show parent product name","Vis forelder produktnavn"
"Show payment method?","Vis betalingsmåte?"
"Show phone numbers?","Vis telefonnumre?"
"Show pickup date/time on same line?","Vis pickup dato / klokke på samme linje?"
"Show Point Discount?","Vis Point rabatt?"
"Show Price?","Vis Pris?"
"Show prices?","Vis priser?"
"Show product gift message?","Vis produkt gavemelding?"
"Show Product Gift-Wrap Column?","Vis produkt Gift-Wrap Column?"
"Show Product Grand Total","Vis produkt Grand Total"
"Show Product ID barcode","Vis Produkt ID strekkode"
"Show product ID below barcode?","Vis produkt ID nedenfor strekkoden?"
"Show product images?","Vis produktbilder?"
"Show product line total?","Vis produktlinje totalt?"
"Show Product list?","Vis produktliste?"
"Show product name bold?","Vis produktnavn fet?"
"Show product name?","Vis produktnavnet?"
"Show product names?","Vis produktnavn?"
"Show product options?","Vis produkt alternativer?"
"Show Product qty?","Vis produktet Antall?"
"Show product sku barcode?","Vis produkt sku strekkode?"
"Show product sku?","Vis produkt sku?"
"Show Product Tax Total","Vis produkt Skatt Total"
"Show Product Total(no Tax)","Vis Product Total (ingen skatt)"
"Show product type?","Vis produkttyper?"
"Show product-level gift messages?","Vis produktnivå gave meldinger?"
"Show purchase order #?","Vis kjøpsordre #?"
"Show qty as:","Vis stk som:"
"Show return address?","Vis returadresse?"
"Show Sheet Grand Total with Tax/ without Tax","Vis Sheet Grand Total med Skatt / uten moms"
"Show Sheet Total","Vis Sheet Total"
"Show Sheet Total with Tax/ without Tax","Vis Sheet Total med Skatt / uten moms"
"Show shelving info?","Vis hyller info?"
"Show Ship Grand Total","Vis Ship Grand Total"
"Show Ship Tax Total","Vis Ship Skatt Total"
"Show Ship Total (no Tax)","Vis Ship Total (ingen skatt)"
"Show shipping address at top?","Vis leveringsadresse på toppen?"
"Show shipping address title?","Vis leveringsadresse tittelen?"
"Show shipping address?","Vis leveringsadresse?"
"Show shipping carrier?","Vis transportøren?"
"Show shipping method?","Vis fraktmetode?"
"Show Shipping Price?","Vis Shipping Pris?"
"Show Shipping subtotal?","Vis Shipping delsum?"
"Show shipping warehouse?","Vis frakt lageret?"
"Show simple product name","Vis enkel produktnavn"
"Show SKU?","Vis SKU?"
"Show Source in subtotal?","Vis kilde i delsum?"
"Show specific attribute?","Vis bestemt egenskap?"
"Show Spent Points?","Vis tilbrakt poeng?"
"Show stock alert below...","Vis lager varsel nedenfor ..."
"Show stock alerts?","Vis aksjevarslinger?"
"Show stock qty?","Vis lager stk?"
"Show subtotal?","Vis delsum?"
"Show Subtotals?","Vis delsummer?"
"Show tax breakdown?","Vis skatt sammenbrudd?"
"Show tax separately?","Vis skatt separat?"
"Show tickbox 2nd?","Vis tickbox andre?"
"Show tickbox?","Vis tickbox?"
"Show total discount?","Vis total rabatt?"
"Show Total Due?","Vis Total Due?"
"Show Total Order","Vis totale ordre"
"Show Total Paid?","Vis Totalt betalt?"
"Show total shipping?","Vis total shipping?"
"Show total tax?","Vis total skatt?"
"Show total weight?","Vis totale vekten?"
"Show tracking number as barcode?","Vis sporingsnummeret som strekkode?"
"Show tracking number?","Vis sporingsnummer?"
"Show unit price?","Vis enhetspris?"
"Show unit tax Total","Vis enhet skatt Total"
"Show unit tax?","Vis enhet skatt?"
"Show which date?","Vis hvilken dato?"
"Show which Store-Pickup details?","Vis som Butikk-Pickup detaljer?"
"Show which value for configurable product names?","Vis som verdi for konfigurerbare produktnavn?"
"Show which value for product names?","Vis som verdi for produktnavn?"
"Show WSA Store-Pickup details?","Vis WSA Butikk-Pickup detaljer?"
"Show zero-value discount?","Vis null-verdi rabatt?"
"Show zero-value shipping?","Vis null-verdi shipping?"
"Show zero-value tax?","Vis null-verdi skatt?"
"Show Zipcode barcode?","Vis postnummer strekkode?"
"Show?","Vise?"
"Shows item if stock below this; Default: 1","Viser elementet hvis aksjen under dette; Standard: 1"
"Shows SKU in red if stock below this number","Viser SKU i rødt hvis lager under dette nummeret"
"Signature line?","Signaturlinje?"
"Simple product name","Enkel produktnavn"
"Simple product name, even in configurable","Enkel produktnavn, selv i konfigurerbar"
"Size","Størrelse"
"Size attribute","størrelse attributt"
"Size X-pos.","Størrelse X-polet."
"SKU barcode column title","SKU strekkode kolonnetittel"
"SKU column title","SKU kolonnetittel"
"SKU position","SKU stilling"
"SKU X-pos.","SKU X-polet."
"SKU?","SKU?"
"Small Image","lite bilde"
"Sort bundle children?","Sorter bundle barn?"
"Sort by :","Sorter etter :"
"Sort direction :","Sortering:"
"Sort items by :","Sorter elementer etter:"
"Sort product lists by :","Sorter produktlister etter:"
"Sort product lists?","Sorter produktlister?"
"Sort products by :","Sorter produkter etter:"
"Sort Secondary by :","Sorter Sekundær etter:"
"Sorting attribute :","Sortering attributt:"
"Spacer character:","Spacer karakter:"
"Specific font-size for Town/State/Zip","Spesifikk font-size for Town / stat / Zip"
"Split &amp; group bundle parents and children/simple-products separately","Split & amp; gruppe bundle foreldre og barn / enkle-produkter separat"
"Split by logged-in user?","Split ved pålogget bruker?"
"Split PDFs by supplier","Split PDF-filer fra denne leverandøren"
"Standard : shipping on left, billing on right","Standard: frakt på venstre, fakturering på høyre"
"Star specific value?","Stjerners bestemt verdi?"
"Start from fixed Y-Pos?","Start fra fast Y-Pos?"
"Start overflow pages where?","Begynn overløp sider der?"
"Start with 'From :' to have that a different size","Start med avsender å ha det en annen størrelse"
"Status","Status"
"Stock alert below...","Stock varsling nedenfor ..."
"Stock alerts?","Aksjevarslinger?"
"Stock Filter","Stock Filter"
"Store","Lager"
"Strip line breaks and commas?","Strip linjeskift og komma?"
"Strip linebreaks from non-address fields in CSV exports?","Strip linjeskift fra ikke-adressefeltene i CSV eksport?"
"Strip linebreaks in gift messages?","Strip linjeskift i gave meldinger?"
"Strip linebreaks in order comments?","Strip linjeskift i ordre kommentarer?"
"Style","Stil"
"Subheadings : Color","Undertitler: Farge"
"Subheadings : Font","Undertitler: Font"
"Subheadings : Size","Undertitler: Størrelse"
"Subheadings : Style","Skatte Inkl."
"Subsection height","Avgift"
"Subtotal align","Skatte Inkl."
"Subtotal Labels X-pos","Delsum etiketter X-pos"
"Subtotal Numbers X-pos","Delsum Tall X-pos"
"Suggested : [blank] or 'billing details'","Forslag: [tomme] eller 'faktureringsinformasjon'"
"Suggested : [blank] or 'Ship","Forslag: [blank] eller 'Skips"
"Suggested : [blank] or 'shipping details'","Forslag: [tomme] eller 'leveringsinformasjonen'"
"Supplier  'login'","Leverandør 'login'"
"Supplier attribute","Leverandør attributt"
"Supplier options","Leverandør alternativer"
"Supplier username:suppliername","Leverandør brukernavn: suppliername"
"Switched, billing on donw, shipping on up","Slått, fakturering på donw, frakt på opp"
"Switched, billing on left, shipping on right","Slått, fakturering på venstre, frakt på høyre"
"T: ","T:"
"Take product name from:","Ta produktnavn fra:"
"Tax column title","Skattekolonnetittel"
"Tax display method","Skattevisningsmetoden"
"Tax Incl.","Skatte Inkl."
"Tax Label","skatte~~POS=TRUNC etikett"
"Tax Label Incl.","Skatte Etikett Inkl."
"Tax paid?","Skatt betalt?"
"Teando Delivery Options?","Teando leveringsalternativer?"
"Temando Delivery Options?","Temando leveringsalternativer?"
"Text","Tekst"
"Text for 'Packed 2 by' note :","Tekst for 'Pakket to av' note:"
"Thailand CN22 Label Image","Thailand CN22 Etikett bilde"
"This needs the <b><a href="https://moogento.com/shipeasy" target="_blank">shipEasy</a></b> extension to work","Dette må <b> <a href="https://moogento.com/shipeasy" target="_blank"> shipEasy </a> </ b> utvidelse til arbeid"
"This option will work if you have installed Gift Wrap feature of Magento Enterprise","Dette valget vil fungere hvis du har installert Gift Wrap funksjon i Magento Enterprise"
"This option will work if you have installed warehouse extension.","Dette valget vil fungere hvis du har installert lager forlengelse."
"This sets: Packing Sheets, Invoices, Picklists.","Dette setter: pakningsplater, fakturaer, plukklister."
"This will add an info label at the end of every print run.","Dette vil legge en info etikett på slutten av hver opplag."
"This will be added to each order's total weight","Dette vil bli lagt til hver bestilling totalvekt"
"This will create different pick lists per supplier","Dette vil skape ulike valglister per leverandør"
"This will group all products by their category (useful for outbound customs declarations)","Dette vil gruppere alle produkter av sin kategori (nyttig for utgående tolldeklarering)"
"This will move the image on each label","Dette vil flytte bildet på hver etikett"
"This will slow down PDF generation by a lot, so leave 'No' unless you really need it","Dette vil avta PDF generasjon av mange, så la "Nei" med mindre du virkelig trenger det"
"Thumbnail","thumbnail"
"Tickbox 2nd Xpos","Tickbox andre XPOS"
"Tickbox 2nd?","Tickbox andre?"
"Tickbox Xpos","tickbox XPOS"
"Tickbox?","Tickbox?"
"Time","Tid"
"Tip : Use short title(s) if you choose 'beside'","Tips: Bruk kort tittel (e) hvis du velger 'ved siden av'"
"Title","Tittel"
"Title text","Tittel tekst"
"Titlebars Bkg Color","Tittellinjer Bakg. Color"
"Today\'s Date","Dagens dato"
"Top address padding","Top adresse padding"
"Top Left","Øverst til venstre"
"Top of page","Øverst på siden"
"Top-left Ribbon","Øverste venstre Ribbon"
"Total invoiced items count?","Totalt fakturerte elementer telle?"
"Total items count?","Totalt antall elementer som teller?"
"Total order count?","Total ordre telle?"
"Total paid column","Totalt betalte kolonne"
"Total paid for each SKU?","Totalt betalte for hver SKU?"
"Total paid?","betalte totalt?"
"Total price column title","Total pris kolonnetittel"
"Total product qty title","Totalt produktet Antall tittel"
"Total shipped items count?","Totalt fraktet varer telle?"
"Total shipping paid?","Total frakt betalt?"
"Total weight?","Total vekt?"
"Tracking number font size","Sporingsnummer skriftstørrelsen"
"Tracking Number?","Sporingsnummer?"
"Trigger statuses","trigger statuser"
"Trim long content?","Trim lang innhold?"
"Trim long?","Trim lenge?"
"Trim long SKUs?","Trim lange SKUene?"
"Trim Product Name","Trim Produktnavn"
"Trim Product Name?","Trim Produktnavn?"
"Trim SKU?","Trim SKU?"
"Trim?","Trim?"
"Truncate items to fit in columns?","Avkorte elementene til å passe i kolonner?"
"UK CN22 Label Image","UK CN22 Etikett bilde"
"Under product-list message","Under produktliste melding"
"Under product-list Message A","Under produktliste Message A"
"Under product-list Message B","Under produktliste Message B"
"Under shipping details","Under leveringsinformasjonen"
"Unhold?","Innhent?"
"Unit price column title","Enhetspris kolonnetittel"
"Unit price title","Enhetspris tittel"
"Unit tax title","Unit skatt tittel"
"Unit tax title?","Unit skatt tittel?"
"Update after process","Oppdatering etter prosessen"
"Update Order Attribute","Oppdater Bestill Egenskap"
"Update shipEasy Flag","Oppdater shipEasy Flag"
"Upload a .ttf or .otf font file","Last opp et ttf eller .otf font fil"
"Upload a .ttf or .otf font file <br />'Font style' settings","Last opp et ttf eller .otf font fil <br /> 'skriftstil "innstillinger"
"Upload a .ttf or .otf font file <br />'Font style' settings are ignored with custom fonts","Last opp et ttf eller .otf font fil <br /> 'Font stil "innstillingene ignoreres med tilpassede skrifter"
"Upload a .ttf or .otf font file'Font style' settings","Last opp et ttf eller .otf skrift file'Font stil "innstillinger"
"Upload a .ttf or .otf font file<br />'Font style' settings are ignored with custom fonts","Last opp et ttf eller .otf font fil <br /> 'Font stil "innstillingene ignoreres med tilpassede skrifter"
"Upsize + bold qty, if qty = 2+","Oppskalering + fet stk, hvis qty = 2+"
"USA CN22 Label Image","USA CN22 Etikett bilde"
"Use <b>courierRules</b> generated shipping label?","Bruk <b> courierRules </ b> generert adresselapp?"
"Use as a way to constrain the address inside a specific label or area","Bruk som en måte å begrense adresse inne i en bestemt etikett eller område"
"Use GFS Shipping Labels?","Bruk GFS Shipping Labels?"
"Use logged-in language","Bruk logget på språk"
"Use Magento Grand Total?","Bruk Magento Grand Total?"
"Use Magento subtotals?","Bruk Magento delsummer?"
"Use order storeview language","Bruk orden storeview språk"
"Use together with 'Update shipEasy Flag' -> 'Yes, Printed'","Brukes sammen med 'Oppdater shipEasy Flag "->" Ja, Trykt'"
"Use what language and when?","Bruk hvilket språk og når?"
"Use which image?","Bruk hvilket bilde?"
"Use which?","Bruk hvilken?"
"Uses header logo from Packing Sheet","Bruker header logo fra Pakking Sheet"
"Using One Step Checkout (Magestore) delivery date","Ved hjelp av One Step Checkout (Magestore) leveringsdato"
"Usually goes at page base - handy for QC","Vanligvis går på siden base - hendig for QC"
"Value","Verdi"
"Vert Line","Vert Linje"
"Warehouse?","Lager?"
"Weight Based number?","Vekt Basert nummer?"
"Weight Based?","Vekt Basert?"
"Weight multiplier","vekt multiplikator"
"Weight rounding","vekt avrunding"
"Weight unit","vektenhet"
"Weight unit:","Vektenhet:"
"What is your word for 'tax'?","Hva er ditt ord for "skatt"?"
"Where to position custom product attributes on the picklists.<br />Default: Columns","Hvor å plassere attributter på plukklister tilpasset produkt <br /> Standard:. Columns"
"Which Aitoc attribute codes?","Hvilke Aitoc attributt koder?"
"Which Options?","Hvilke alternativer?"
"Which value for configurable product names?","Hvilken verdi for konfigurerbare produktnavn?"
"Which?","Hvilken?"
"Width","Bredde"
"X days after printing date?","X dager etter utskrift dato?"
"X-Nudge","X-Nudge"
"X-pos","X-pos"
"X-Pos [434]","X-Pos [434]"
"X-Pos.  images 222","X-Pos. bilder 222"
"X-Pos. attr. 2","X-Pos. attr. 2"
"X-Pos. attr. 2 (+ prices col)","X-Pos. attr. 2 (+ priser col)"
"X-Pos. attr. 2 (+ prices, tax cols)","X-Pos. attr. 2 (+ priser, skatte kolonner)"
"X-Pos. attr. 3","X-Pos. attr. 3"
"X-Pos. attr. 3 (+ prices col)","X-Pos. attr. 3 (+ priser col)"
"X-Pos. attr. 3 (+ prices, tax cols)","X-Pos. attr. 3 (+ priser, skatte kolonner)"
"X-Pos. barcodes","X-Pos. strekkoder"
"X-Pos. custom product options","X-Pos. tilpasset produktalternativer"
"X-Pos. custom product options (+ prices col)","X-Pos. tilpasset produktalternativer (+ priser COL)"
"X-Pos. custom product options (+ prices, tax cols)","X-Pos. tilpasset produktalternativer (+ priser, skatte Cols)"
"X-Pos. date","X-Pos. dato"
"X-Pos. images","X-Pos. bilder"
"X-Pos. images (+ prices col)","X-Pos. bilder (+ priser COL)"
"X-Pos. images (+ prices, tax cols)","X-Pos. bilder (+ priser, skatte kolonner)"
"X-Pos. name","X-Pos. navn"
"X-Pos. name (+ prices col)","X-Pos. navn (+ priser col)"
"X-Pos. name (+ prices, tax cols)","X-Pos. navn (+ priser, skatte kolonner)"
"X-Pos. numbered list","X-Pos. nummerert liste"
"X-Pos. numbered list bundle children","X-Pos. nummererte lister bundle barn"
"X-Pos. product discount","X-Pos. produktet rabatt"
"X-Pos. product discount?","X-Pos. Produktet rabatt?"
#N/A
"X-Pos. product line total?","X-Pos. produktlinje totalt?"
"X-Pos. qty","X-Pos. stk"
"X-Pos. qty (+ prices col)","X-Pos. stk (+ priser col)"
"X-Pos. qty (+ prices, tax cols)","X-Pos. Antall (+ priser, skatte Cols)"
"X-Pos. shelf","X-Pos. hylle"
"X-Pos. shelf (+ prices col)","X-Pos. hylle (+ priser col)"
"X-Pos. shelf (+ prices, tax cols)","X-Pos. hylle (+ priser, skatte kolonner)"
"X-Pos. sku","X-Pos. sku"
"X-Pos. sku (+ prices col)","X-Pos. sku (+ priser col)"
"X-Pos. sku (+ prices, tax cols)","X-Pos. SKU (+ priser, skatte Cols)"
"X-Pos. SKU barcode","X-Pos. SKU strekkode"
"X-Pos. SKU barcode (+ prices col)","X-Pos. SKU strekkode (+ priser col)"
"X-Pos. SKU barcode (+ prices, tax cols)","X-Pos. SKU strekkode (+ priser, skatte kolonner)"
"X-Pos. tickbox","X-Pos. tickbox"
"X-Pos. tickbox (+ prices col)","X-Pos. tickbox (+ priser col)"
"X-Pos. tickbox (+ prices, tax cols)","X-Pos. tickbox (+ priser, skatte Cols)"
"X-Pos. total price","X-Pos. totalpris"
"X-Pos. total price (+ tax col)","X-Pos. totalpris (+ mva col)"
"X-Pos. unit price","X-Pos. enhetspris"
"X-Pos. unit price (+ tax col)","X-Pos. enhetspris (+ mva col)"
"X-Pos. unit tax","X-Pos. enhet skatt"
"X-Pos. unit tax?","X-Pos. enhet skatt?"
"XML/CSV Cargo Packing Sheet","XML / CSV Cargo Pakking Sheet"
"Xpos name","XPOS navn"
"Xpos qty","XPOS stk"
"Xpos shelving","XPOS hyller"
"Y-pos","Y-pos"
"Yes","Ja"
"Yes (After tax)","Ja (etter skatt)"
"Yes (item custom attribute with specific date)","Ja (element tilpasset attributt med spesifikk dato)"
"Yes (Multiple products)","Ja (Flere produkter)"
"Yes (Single products)","Ja (enkeltprodukter)"
"Yes in Packing Sheets & Invoices Only","Ja i Emballasje laken og Fakturaer Bare"
"Yes in Picklists Only","Ja i plukklister Only"
"Yes, *not* including email","Ja, * ikke * inkludert e-post"
"Yes, 2 messages, depending on customer group","Ja, 2 meldinger, avhengig av kundegruppe"
"Yes, after shipping address","Ja, etter leveringsadresse"
"Yes, an image","Ja, et bilde"
"Yes, and don\'t include date","Ja, og don \ 't inkludere dato"
"Yes, and double-quote quotes","Ja, og dobbel-sitat sitater"
"Yes, and include date","Ja, og omfatter dato"
"Yes, and strip all quotes","Ja, og strippe alle sitater"
"Yes, average price paid (taken from invoice row)","Ja, gjennomsnittlige prisen (hentet fra faktura rad)"
"Yes, before shipping address","Ja, før leveringsadresse"
"Yes, below product line, linear","Ja, under produktlinje, lineær"
"Yes, below product line, stacked","Ja, under produktlinje, stablet"
"Yes, below product line, stacked & boxed","Ja, under produktlinje, stablet og eske"
"Yes, both in a Tax column and a Tax subtotal","Ja, både i Skatte kolonne og en Tax delsum"
"Yes, by Order Attribute","Ja, ved Order Egenskap"
"Yes, by Order Status","Ja, ved å Bestillingsstatus"
"Yes, by Shipping Method","Ja, ved Shipping Method"
"YES, CAPITALISE","JA, Utnytt"
"Yes, Child (Simple product full SKU (include option))","Ja, Barn (Simple produktet fullt SKU (inkluderer opsjon))"
"Yes, Child (Simple product full SKU, including product options)","Ja, Barn (Simple produktet fullt SKU, herunder produktalternativer)"
"Yes, Child (Simple product SKU **Default**)","Ja, Barn (Simple produkt SKU ** Standard **)"
"Yes, Child (Simple product)","Ja, Barn (Simple produkt)"
"Yes, combined in movable box","Ja, kombinert i bevegelig boks"
"Yes, combined in new page","Ja, kombinert i ny side"
"Yes, combined in positionable box","Ja, kombinert i posisjoner boks"
"Yes, combined under products list","Ja, kombinert under produkter listen"
"Yes, combined under shipping address","Ja, kombinert under leveringsadresse"
"Yes, combo attributes","Ja, attributter combo"
"Yes, concise","Ja, konsis"
"Yes, count each option as a separate SKU","Ja, teller hvert alternativ som en separat SKU"
"Yes, count each option as a separate SKU, grouped under parent product","Ja, teller hvert alternativ som en separat SKU, gruppert under forelder produkt"
"Yes, custom attribute","Ja, tilpasset attributt"
"Yes, depending on Country Group","Ja, avhengig av land konsernet"
"Yes, filter by notes text","Ja, filter av notater tekst"
"Yes, fixed text","Ja, fast tekst"
"Yes, for Pick Lists and Packing Sheets","Ja, for valglister og pakningsplater"
"Yes, from custom attribute","Ja, fra egendefinerte attributtet"
"Yes, full SKU","Ja, full SKU"
"Yes, Garuda [good for: Thai, Latin]","Ja, Garuda [god for: Thai, Latin]"
"Yes, grayed out","Ja, nedtonet"
"Yes, group parent SKUs and option SKUs","Ja, gruppe foreldre D-pak og alternativ SKUene"
"Yes, in a Tax column","Ja, på en Tax kolonne"
"Yes, in a Tax subtotal","Ja, på en Tax delsum"
"Yes, in page base","Ja, siden basen"
"Yes, in positionable box (handy for tear-off labels)","Ja, i posisjoner boks (hendig for tear-off etiketter)"
"Yes, in separate column","Ja, i egen kolonne"
"Yes, in title","Ja, i tittelen"
"Yes, incl. tax","Ja, inkl. avgift"
"Yes, including email","Ja, inkludert e-post"
"Yes, inline with product SKU","Ja, inline med produktet SKU"
"Yes, Invoice ID","Ja, Faktura ID"
"Yes, Kinnari (similar to Georgia) [good for: Thai, Latin]","Ja, Kinnari (ligner Georgia) [god for: Thai, Latin]"
"Yes, Marketplace Order ID","Ja, Market Order ID"
"Yes, MS Gothic [large filesize, good for: Japanese, Latin]","Ja, MS Gothic [stor filstørrelse, god for: japansk, latin]"
"Yes, new line for each, under product SKU","Ja, ny linje for hver, under produkt SKU"
"Yes, on a new page","Ja, på en ny side"
"Yes, on same label","Ja, på samme label"
"Yes, on separate label","Ja, på egen etikett"
"Yes, one message, horizontal strip","Ja, én melding, horisontal stripe"
"Yes, one message, positionable box","Ja, én melding, kan plasseres boks"
"Yes, one product per label","Ja, ett produkt per etikett"
"Yes, only output Invoiced items","Ja, bare utgang Fakturert elementer"
"Yes, only output Shipped items","Ja, bare utgang Sendt elementer"
"Yes, order details + shipping label","Ja, ordredetaljer + frakt etikett"
"Yes, order details only","Ja, for detaljer bare"
"Yes, Order ID","Ja, Order ID"
"Yes, Parent (Configurable parent **Default**)","Ja, Parent (konfigurerbar forelder ** Standard **)"
"Yes, Parent (Configurable parent SKU)","Ja, Parent (konfigurerbar forelder SKU)"
"Yes, product category","Ja, produktkategori"
"Yes, product ID","Ja, produkt-ID"
"Yes, product name","Ja, produktnavn"
"Yes, product SKU","Ja, produkt-SKU"
"Yes, Purisa (similar to Comic Sans) [good for: Thai, Latin]","Ja, Purisa (ligner Comic Sans) [god for: Thai, Latin]"
"Yes, Sawasdee [good for: Thai, Latin]","Ja, Sawasdee [god for: Thai, Latin]"
"Yes, shipping label only","bare Ja, adresselapp"
"Yes, show only notes tagged \'visible on frontend\'","Ja, bare vise notater merket \ 'synlig på frontend \'"
"Yes, Simplified Chinese [good for: Chinese]","Ja, Forenklet kinesisk [god for: Kinesisk]"
"Yes, split parent SKUs if option SKUs vary","Ja, delt foreldre SKUene hvis alternativet SKUene variere"
"Yes, standard fonts [large filesize, good for accented Latin]","Ja, standard fonter [stor filstørrelse, bra for aksent Latin]"
"Yes, Tahoma [medium filesize, good for: Arabic, Latin]","Ja, Tahoma [medium filstørrelse, god for: arabisk, latin]"
"Yes, to 0 decimal places","Ja, til 0 desimaler"
"Yes, total product cost price","Ja, total produkt kostpris"
"Yes, total sold price, excluding shipping","Ja, totalt solgt summen ekskl frakt"
"Yes, total sold price, including shipping","Ja, totalt solgt pris, inkludert frakt"
"Yes, Traditional Chinese [good for: Chinese]","Ja, tradisjonell kinesisk [god for: Kinesisk]"
"Yes, under individual product","Ja, under individuell produkt"
"Yes, under product list","Ja, under produktliste"
"Yes, up to a pallet","Ja, opp til en pall"
"Yes, Uppercase","Ja, Store bokstaver"
"Yes, with no tax info","Ja, med ingen skatt info"
"Yes, with Tax","Ja, med moms"
"Yes, with VAT info","Ja, med moms info"
"Yes: bold","Ja: fet"
"Yes: bold & underline","Ja: fet og understreking"
"Yes: bold, underlined & red","Ja: fet, understreket og rød"
"Yes: boxed","Ja: eske"
"You need courierRules installed for this to work. This will use the specific label generated by courierRules.","Du trenger courierRules installert for at dette skal fungere. Dette blir den bestemte etiketten generert av courierRules."
"Filter/split by supplier?","Filter / splittet av leverandør?"
"'Combined Packing Sheet/Invoice' grouped by Order ID?",""Kombinert Pakking Sheet / faktura" gruppert etter Ordre-ID?"
"Reset pickPack","Tilbake pickPack"
"Export pickPack Settings","Eksport pickPack Innstillinger"
"Import pickPack Settings","Import pickPack Innstillinger"
"'PDF Invoice & Packing Sheet' Sort","'PDF-faktura & Pakking Sheet "Sort"
"Customise CSVs","Tilpass CSV"
"Customise PDFs","Tilpass PDF-filer"
"Customise Admin/Frontend Options","Tilpass Admin / Frontend alternativer"
"pickPack User Guide","pickPack Brukerveiledning"
"Moogento Store","Moogento Butikk"