"'Allowance' column title",""Dodatek" naslov stolpca"
"'Attribute 1' column","stolpec "Lastnost 1 '"
"'Attribute 2' column","stolpec "Lastnost 2 '"
"'Attribute 3' column","stolpec "Lastnost 3 '"
"'Attribute 4' column","stolpec "Lastnost 4 '"
"'Attribute Combine' column",""Lastnost Združite" stolpec"
"'Product barcode' column","stolpec "črtna koda izdelka""
"'Product images' column","stolpec "slike izdelkov""
"'Product name' column","stolpec "Ime izdelka""
"'Product weight' column","stolpec "Teža izdelka""
"'Qty' column","stolpcu "Količina""
"'ship-address' and 'bill-address' column format",""Ladja-naslov" in "zakona naslov" format stolpec"
"'ship-address' and' bill-address' column format",""Ladja-naslov" in "zakona naslov" format stolpec"
"'SKU' column","stolpec "SKU '"
"'Stock qty' column","stolpec "Stock Kol '"
"'Stock warning' column","stolpec "opozorilo Stock""
"'Tick boxes' next to item SKUs?",""Tick škatle" zraven postavka SKU?"
"'Tickbox 2nd' column","stolpec "potrditveno polje Vidno 2.""
"'Tickbox' column","stolpec "potrditveno polje Vidno '"
"'Warehouse' column","stolpec "skladišče""
"(%) Default is 100%","(%) Privzeto je 100%"
"(Attribute must exist)","(Lastnost mora obstajati)"
"(Default : "Total Price Col" X-Pos)","(Privzeto: "Skupna cena Col" X-Pos)"
"(Default:No)","(Privzeto: Ne)"
"(Default:Yes)","(Privzeto: Yes)"
"(negative to shift it down)","(Negativna, da ga premika navzdol)"
"(standard for invoices)","(Standard za račune)"
"(Tip: Upload placeholder images in Config > Catalog)","(Nasvet: Nalaganje ogradami slik v Config> Katalog)"
"(Upload placeholder images in Config > Catalog)","(Nalaganje ogradami slik v Config> Katalog)"
"(Used if 'Position of shelving info' set to 'Columns')","(Uporablja se v primeru "Položaj regali info" nastavljena na "Stolpci")"
"['Payment due ']","['Rok plačila ']"
"[#000000] (#HEX colour code)","[# 000000] (#hex barvna koda)"
"[#111111] (#HEX colour code)","[# 111111] (#hex barvna koda)"
"[#5BA638] (#HEX colour code)","[# 5BA638] (#hex barvna koda)"
"[#87CEEB] (#HEX colour code)","[# 87CEEB] (#hex barvna koda)"
"[#8AC371] (#HEX colour code)","[# 8AC371] (#hex barvna koda)"
"[#FFFFFF] (#HEX colour code)","[#FFFFFF] (#hex Barvna koda)"
"[10] (negative to shift it down)","[10] (negativna, da se premika navzdol)"
"[10] (negative to shift it down)<br />(Make about half image height to center text)<br />(If you need to show options, probably don't shift)","[10] (negativna, da se premika navzdol) <br /> (Poskrbite, približno polovico višine slike centra besedilo) <br /> (Če želite prikazati možnosti, verjetno ne premika)"
"[10pt]/5pt (top/bottom), 5pt (left/right)","[10pt] / 5PT (zgoraj / spodaj), 5PT (levo / desno)"
"[15pt] - Set larger to print a larger barcode","[15pt] - Nastavite večja natisniti večje črtne kode"
"[30] - Set to same as Sku X-Pos to print barcode under Sku","[30] - Nastavite enako kot SKU X-Pos za tiskanje črtne kode pod SKU"
"[blank]","[Prazen]"
"[Default = No]","[Privzeto = Ne]"
"[Equal]","[Enako]"
"[Invoice then Packing Sheet]","[Račun nato pakiranje Sheet]"
"[Italic]","[Ležeče]"
"[More than]","[Več kot]"
"[No]","[No]"
"[No] : Default","[No]: Privzeto"
"[No] (No = Word-wrap)","[No] (Ne = Beseda-wrap)"
"[No] If set to yes, gift messages will print with this font.","[No] Če je nastavljeno na Da, darilo sporočila natisne s to pisavo."
"[OpenSans]","[OpenSans]"
"[Packing Sheet then Invoice]","[Packing list potem fakture]"
"[Partially: Lines top &amp; bottom]","[Delno: Lines vrh & amp; dno]"
"[price]","[Cena]"
"[qty]","[Preberi več]"
"[Regular]","[Redno]"
"[sku]","[Sku]"
"[stock]","[Zalog]"
"[Yes (from Magento)]","[Yes (iz Magento)]"
"[Yes]","[Yes]"
"[Yes] : Default;","[Yes]: Privzeto;"
"[Yes] (Adds 'Included' to tax label)","[Yes] (Adds "Vključeno" z davčno oznako)"
"[Yes] (No = Word-wrap)","[Yes] (No = Beseda-wrap)"
"[Yes]<br />- If you have slightly 'dirty data' (eg. product names with linebreaks in) set this to yes.","[Yes] <br /> - (. Npr imena izdelkov s prelomi v) Če imate nekoliko "umazani podatki" iz tega, da ja."
"[Yes]<br />- If you have spreadsheet cells getting mixed up, check this is turned on.<br />- If set to Yes, set the spreadsheet importer to 'Fields de-limited by " character'.","[Yes] <br /> -. Če imate celice preglednice pomešali, poglej to je vklopljen <br /> - Če je nastavljeno na Da, nastavite preglednice uvoznik "Fields de-omejena z" narave "."
"&nbsp;&nbsp;Custom Value","& Nbsp; & nbsp; po meri vrednost"
"&nbsp;&nbsp;Value","& Nbsp; & nbsp; Vrednost"
"&nbsp;Eg. enter 'Captured amount' to not show authorize.net payments<br / >Separate multiple phrases by the pipe character: <b>|</b>","& Nbsp; Npr. vpišite 'ujeli znesek ", da ne kaže authorize.net plačila <br /> ločeni več stavkov z znakom cevi: <b> | </ b>"
"<b>Default Label dimensions (portrait):</b>","<B> dimenzije Privzeti etikete (portret): </ b>"
"<b>Label dimensions:250,200</b>","<B> dimenzije etikete: 250200 </ b>"
"<div class="column_config_section" style="width:60%!important">","<Div class = "column_config_section" style = "width:! 60% pomembno">"
"<div class="column_config_section">","<Div class = "column_config_section">"
"<div class="column_config_section"><div class="column_config_para" style="margin-top: -12em;"><b>Structure:</b> <span class = "comment_code">{if X}</span><span class = "comment_code">{X}</span>,|<span  class = "comment_code">{/if}</span><br /><b>Can use these codes: </b><br /><span class = "comment_code">{prefix}</span><span  class = "comment_code">{name}</span><span class = "comment_code">{firstname}</span><span class = "comment_code">{lastname}</span><span  class = "comment_code">{suffix}</span><span class = "comment_code">{company}</span><span class = "comment_code">{street}</span><span  class = "comment_code">{city}</span><span class = "comment_code">{postcode}</span><span class = "comment_code">{country}</span><br />","<Div class = "column_config_section"> <div class = "column_config_para" style = "margin-top: -12em;"> <b> Struktura: </ b> <span class = "comment_code"> {if X} </ span> <span class = "comment_code"> {X} </ span>, | <span class = "comment_code"> {/ if} </ span> <br /> <b> lahko uporabite te kode: </ b > <br /> <span class = "comment_code"> {predpona} </ span> <span class = "comment_code"> {name} </ span> <span class = "comment_code"> {firstname} </ span> <span class = "comment_code"> {priimek} </ span> <span class = "comment_code"> {končnice} </ span> <span class = "comment_code"> {družba} </ span> <span class = " comment_code "> {ulica} </ span> <span class =" comment_code "> {mesto} </ span> <span class =" comment_code "> {poštna številka} </ span> <span class =" comment_code "> {country } </ span> <br />"
"<div class="column_config_section"><div class="column_config_para" style="margin-top: -7.5em;"><b>Structure:</b> <span class = "comment_code">{Attribute A}</span>,<span class = "comment_code">{Attribute  B}</span>","<Div class = "column_config_section"> <div class = "column_config_para" style = "margin-top: -7.5em;"> <b> Struktura: </ b> <span class = "comment_code"> {atribut} < / span> <span class = "comment_code"> {Lastnost B} </ span>"
"<div class="column_config_section"><div class="column_config_para" style="margin-top: -7.5em;"><b>Structure:</b> <span class = "comment_code">{if x}</span><span class = "comment_code">{x}</span>,|<span  class = "comment_code">{/if}</span><br /><b>Can use these codes: </b><br /><span class = "comment_code">{prefix}</span><span  class = "comment_code">{name}</span><span class = "comment_code">{firstname}</span><span class = "comment_code">{lastname}</span><span  class = "comment_code">{suffix}</span><span class = "comment_code">{company}</span><span class = "comment_code">{street}</span><span  class = "comment_code">{city}</span><span class = "comment_code">{postcode}</span><span class = "comment_code">{country}</span><br />","<Div class = "column_config_section"> <div class = "column_config_para" style = "margin-top: -7.5em;"> <b> Struktura: </ b> <span class = "comment_code"> {if x} < / span> <span class = "comment_code"> {x} </ span>, | <span class = "comment_code"> {/ if} </ span> <br /> <b> lahko uporabite te kode: </ b> <br /> <span class = "comment_code"> {predpona} </ span> <span class = "comment_code"> {name} </ span> <span class = "comment_code"> {firstname} </ span > <span class = "comment_code"> {priimek} </ span> <span class = "comment_code"> {končnice} </ span> <span class = "comment_code"> {družba} </ span> <span class = "comment_code"> {ulica} </ span> <span class = "comment_code"> {mesto} </ span> <span class = "comment_code"> {poštna številka} </ span> <span class = "comment_code"> { država} </ span> <br />"
"<div class="column_config_section"><div class="column_config_para" style="margin-top: -7.5em;"><b>Structure:</b><br />","<Div class = "column_config_section"> <div class = "column_config_para" style = "margin-top: -7.5em;"> <b> Struktura: </ b> <br />"
"<div class="column_config_section"><div class="column_config_para">[No] Some couriers (like Royal Mail) require no accents in shipping labels.</div></div>","<Div class = "column_config_section"> <div class = "column_config_para"> [No] Nekateri kurirska (kot Royal Mail) ne zahtevajo poudarki v nalepk ladijskega prometa. </ Div> </ div>"
"<div class="column_config_section"><div class="column_config_para"><b>Structure:</b><br />","<Div class = "column_config_section"> <div class = "column_config_para"> <b> Struktura: </ b> <br />"
"<div class="column_config_section"><div class="column_config_para">eg. Put your country, then only overseas orders will have country added </div></div>","<Div class = "column_config_section"> <div class = "column_config_para"> npr. Daj svojo državo, potem bo samo v tujini naročila imajo državo dodal </ div> </ div>"
"<div class="column_config_section"><div class="column_config_para">If your PDFs print with missing or tofu (<b style="font-size:200%;font-weight:100;display:inline;position:relative;top:5px;">&#9647;</b>) characters, set this to 'Yes'.<br/>Setting this to 'Yes' will make your PDFs about 0.4mb bigger.<br/>If that doesn't work for you: set 'Customise fonts' to 'Yes'; then set 'Use non-roman characters to 'Yes'; then try the other font families.</div></div>","<Div class = "column_config_section"> <div class = "column_config_para"> Če se PDF natisne z manjkajočimi ali tofu (<b style = "font-size: 200%; font-weight: 100; izpis: inline; položaj: relativna ; top: 5px; "> & # 9647; </ b>) znakov, iz tega, da" da "<br/> Nastavitev, da je to" da ", bo vaš PDF okoli 0.4mb večjo <br/> Če to.. ne dela za vas: set "Prilagodi pisave" za "da"; nastavite 'Uporabi non-latinici, da "da"; nato poskusite drugih družin pisav. </ div> </ div>"
"<div class="column_config_section"><div class="column_config_para">Set to the most prominent colour in your logo. [#8AC371]<br/>(Used for title borders).</div></div>","<Div class = "column_config_section"> <div class = "column_config_para"> Nastavi na najbolj vidno barvo vašega logotipa. [# 8AC371] <br/> (Uporablja se za naslov meja). </ Div> </ div>"
"<div class="column_config_section"><div class="column_config_para">Use this if you need a specific cutoff point (eg for labels) which the auto-cutoff is going over","<Div class = "column_config_section"> <div class = "column_config_para"> Uporabite to, če boste potrebovali posebno cutoff točko (na primer za nalepke), ki avto-cutoff bo več"
"<img src="//moogento.com/logo/moogento_tinylogo.lp.png" alt="Moogento" width="20" style="vertical-align:bottom;margin-left:-1px;"/> MOOGENTO Extensions","<img src = "// moogento.com/logo/moogento_tinylogo.lp.png" alt = "Moogento" width = "20" style = "vertical poravnajo: dno; margin-left: -1px;" /> MOOGENTO Extensions"
"18 Flag","18 Flag"
"2 places","2 mesti"
"21 Flag","21 Flag"
"2a Shipmethod match","2a Shipmethod tekmo"
"2b Shipmethod match","2b Shipmethod tekmo"
"2c Shipmethod match","2c Shipmethod tekmo"
"2d Country negative match","2d Država negativno ujemanje"
"2nd attribute?","2. atribut?"
"2nd background image?","2. ozadje?"
"2nd Custom page title","2. meri naslovna stran"
"2nd Image file","2. datoteke slike"
"2nd Order attribute code","2. Vrstni red atributov kodo"
"2nd Order custom attribute?","2. Sklep atribut po meri?"
"2nd page title","2. Naslov strani"
"2nd Sort by :","2. Razvrsti po:"
"2nd sort direction :","2. Smer razvrščanja:"
"3 places","3 mesta"
"3rd attribute?","3. atribut?"
"4 places","4 mesta"
"4th attribute?","4. atribut?"
"Above address","nad naslov"
"According to the USPS all addresses should be capitalised to improve delivery time","V skladu z USPS je treba vse naslove kapitalizirajo izboljšati čas dostave"
"According to the USPS all addresses should be capitalised to improve delivery time and accuracy","V skladu z USPS je treba vse naslove kapitalizirajo izboljšati čas dostave in natančnost"
"Action Menu Options","Možnosti Action Meni"
"Actual attribute code (eg: shelf)","Dejanska atribut koda (npr: polica)"
"Add 'Packed by' note?","Dodaj "pakirati" zapis?"
"Add <b><a href="https://moogento.com/autocn22">autoCN22</a> Customs label?</b>","Dodaj <b> <a href="https://moogento.com/autocn22"> autoCN22 </a> carinsko oznako? </ B>"
"Add 1 per line, exact attribute labels which you *don't* want to show","Dodaj 1 v vsako vrstico, natančne oznake atribut, ki ga * ne * želite prikazati"
"Add 2nd Order ID barcode?","Dodaj 2. Sklep ID črtne kode?"
"Add 2nd shipping address?","Dodaj 2. naslov za dostavo?"
"Add 2nd shipping-type image?","Dodaj 2. ladijskega tipa sliko?"
"Add 3rd shipping-type image?","Dodaj 3. ladijskega tipa sliko?"
"Add a 2nd background image?","Dodajanje 2. sliko ozadja?"
"Add a 2nd page title?","Dodajte 2. naslov strani?"
"Add a background image?","Dodajte sliko ozadja?"
"Add a flat shipping address?","Dodaj ravno naslov za dostavo?"
"Add address label?","Dodaj naslov nalepko?"
"Add an <b>autoCN22</b> page?","Dodajte <b> autoCN22 </ b>?"
"Add an <b>order-summary</b> label?","Dodajte <b> red-povzetek </ b> nalepke?"
"Add company address to header?","Dodaj naslov podjetja na glavi?"
"Add company address?","Dodaj naslov podjetja?"
"Add fixed weight?","Dodaj fiksno težo?"
"Add flare to gift messages?","Dodaj flare za darilo sporočila?"
"Add flat shipping address?","Dodaj ravno naslov za dostavo?"
"Add full-page background image?","Dodaj polni strani sliko ozadja?"
"Add header logo?","Dodaj glave logotip?"
"Add image background to label?","Dodaj sliko ozadja za označevanje?"
"Add letterhead?","Dodaj pisma?"
"Add logo?","Dodaj logotip?"
"Add on right of SKU","Dodaj na desni SKU"
"Add Order ID above address?","Dodaj ID naročila nad naslov?"
"Add Order ID barcode?","Dodaj naročite ID črtne kode?"
"Add ordered qty to stock-needed qty?","Dodaj naloži kol do parka potrebno Kol?"
"Add page background image?","Dodaj stran sliko ozadja?"
"Add return address at bottom?","Dodaj povratni naslov na dnu?"
"Add return address?","Dodaj povratni naslov?"
"Add shipping address at bottom?","Dodaj naslov za dostavo na dnu?"
"Add shipping label image?","Dodaj ladijskega sliko nalepke?"
"Add shipping label?","Dodaj nalepko?"
"Add shipping-type image?","Dodaj ladijskega tipa sliko?"
"Add static text?","Dodaj statično besedilo?"
"Add tax in order subtotal [Europe Standard]","Dodaj davka v vrstnem redu vsot [Evropa Standardno]"
"Add tax to number?","Dodaj davek številko?"
"Add tax to product line subtotal [US Standard]","Dodaj davek linijo izdelkov vsot [US Standardno]"
"Add tracking number as barcode?","Dodaj številko za sledenje, kot je črtna koda?"
"Add tracking number?","Dodaj številko za sledenje?"
"Address format","format naslov"
"Address label : Color","Naslov oznaka: Barva"
"Address label : Font","Naslov oznaka: pisave"
"Address label : Size","Naslov oznaka: Velikost"
"Address label : Style","Naslov oznaka: Style"
"Address text","naslov besedila"
"Address text, Default","Naslov besedila, Privzeti"
"Address text, Group 1","Naslov besedila, skupina 1"
"Address text, Group 2","Naslov besedilo, skupina 2"
"Address text, Group 3","Naslov besedilo, skupina 3"
"Address-label Sheet Options","Naslov za okolje Options List"
"Adds a field for shipping methods that don't come from WSA Store Pickup","Doda polje za ladijske metod, ki ne prihajajo iz WSA Store Pickup"
"Admin: Order-view PDF Invoice and Packing Sheet button?","Admin: Vrstni red-view PDF računa in pakiranje Sheet gumb?"
"Admin: Order-view PDF Invoice button?","Admin: Gumb PDF Račun Order-pogled?"
"Admin: Order-view PDF Packing Sheet button?","Admin: Sklep pogledom na gumb PDF Packing list?"
"Admin: Order-view PDF Zebra Label button?","Admin: Vrstni red-view PDF Zebra gumb Label?"
"Admin: Order-view Resend Email button?","Admin: Sklep pogledom na gumb Ponovno pošlji e-naslov?"
"Alert Flag","Alert Zastava"
"Align text : center","Poravnaj besedilo: center"
"Align text : left","Poravnati besedilo: levo"
"All","vsi"
"All : non-interlaced <b>and</b> non-transparent .png","Vse: non-interlaced <b> in </ b> nepregleden .png"
"Allow Customers to Make PDFs?","Dovoli Kupci narediti PDF?"
"Alternate row color","Namestnik barva vrstica"
"Alternate row in picklists","Namestnik vrstica v picklists"
"Alternate, billing down, shipping up","Alternate, obračun navzdol, odpremo do"
"Always override &amp; use courierRules Shipping Connector Label if available?","Vedno prednost pred & amp; uporabo courierRules prevoz Connector Nalepka če so na voljo?"
"Amount to add","Znesek za dodajanje"
"Angle Text","Kot Besedilo"
"Angled Ribbon","Kotni Ribbon"
"Applies to Packing Sheets and Invoices, in the section which shows shipping method etc.","Velja za pakiranje Pločevina in račune, v delu, ki prikazuje način pošiljanja itd"
"Ascending","naraščajoče"
"Attr.(1) Xpos","Atr. (1) Xpos"
"Attr.(2) Xpos","Atr. (2) Xpos"
"Attr.(3) Xpos","Atr. (3) Xpos"
"Attr.(4) Xpos","Atr. (4) Xpos"
"Attribute 1","Lastnost 1"
"Attribute 2","Lastnost 2"
"Attribute 3","Lastnost 3"
"Attribute 4","Lastnost 4"
"Attribute code","Lastnost koda"
"Attribute code (eg. for shelving info, maybe you have an attribute: shelf)<br /><b>You need to have created this attribute, and assigned values for each product for it to work!</b>","Lastnost kodo (. Na primer za police informacij, morda imate atribut: rok) <br /> <b> morate ustvaril ta atribut, in dodeli vrednosti za vsak proizvod, za to delo </ b>!"
"Attribute code 1:","Lastnost kode 1:"
"Attribute code 2:","Lastnost kodo 2:"
"Attribute code 3:","Lastnost kodo 3:"
"Attribute code 4:","Lastnost kodo 4:"
"Attribute code 5:","Lastnost kodo 5:"
"Attribute code for shelving info; eg. shelf","Lastnost kodo za regali info; npr. polica"
"Attribute code for supplier data; Default: supplier","Lastnost koda za podatke dobavitelja; Privzeto: dobavitelj"
"Attribute code; eg. shelf","Lastnost kodo; npr. polica"
"Attribute codes?","Lastnost kod?"
"Attribute column title","Lastnost naslov stolpca"
"Attribute to show","Lastnost za prikaz"
"Attribute to sort by :","Pripisovati razvrstite po:"
"Attribute to use as product name","Lastnost uporabiti kot ime izdelka"
"Auto description 1","Auto opis 1"
"Auto description 3","Auto opis 3"
"Auto Processing","Auto Processing"
"Automatic action :","Avtomatska:"
"Automatic action #2:","Avtomatska # 2:"
"Automatic action #3:","Avtomatska # 3:"
"Automation Connection","Avtomatizacija povezave"
"Background Image","Slika ozadja"
"Background image position","Ozadje položaj slike"
"Background image?","Slika za ozadje?"
"barcode : Font","črtne kode: Font"
"barcode font size","velikost črtne pisave"
"barcode Font Size (Orders)","Velikost črtne kode pisave (poziv)"
"barcode Font Size (Products)","črtne kode Velikost pisave (Izdelki)"
"barcode font-size","barcode font-size"
"barcode size","velikost črtne kode"
"barcode X-pos.","črtne kode X-pos."
"Because the Order currency is different from the Store currency, the conversion from","Ker je valuta red se razlikuje od valute Store, pretvorbo iz"
"Beside address","poleg naslov"
"Billing address position","Položaj naslov za izstavitev računa"
"Billing address posititon","Naslov posititon obračun"
"Billing address title","Naslov Naslov za izstavitev računa"
"Bkg","BKG"
"Blank = #000000 (#HEX colour code)","Prazno = # 000000 (#hex barvna koda)"
"Blank box image","Prazno polje slika"
"Bold","krepko"
"Bold 'Extra shipping details' labels?","Oznake bold "ekstra podrobnosti o pošiljanju"?"
"Bold italic","krepko ležeče"
"Bold last line in page-base shipping addresses?","Krepko zadnja vrstica v naslovi za dostavo page-base?"
"Bold last line in page-top shipping addresses?","Krepko zadnja vrstica v page-top naslovi za dostavo?"
"Bold product name?","Krepko ime izdelka?"
"Border color","barva obrobe"
"Bottom of page","Dno strani"
"Box 1 Image","Okvir 1 slik"
"Box 2a Image (Store Pickup)","Polje 2a Image (Store Pickup)"
"Box 2b Image (Express Mail)","Polje 2b Image (Express Mail)"
"Box 2c Image (Priority International)","Polje 2c Image (Prednost International)"
"Box 2d Image (Standard International)","Polje 2d sliko (Standard International)"
"Box 3 Image","Okvir 3 slike"
"Box count estimation?","Box šteje oceno?"
"Bring up top address?","Bruhati zgornji naslov?"
"Buttons for PDFs","Gumbi za PDF"
"By default we output ANSI, which works well for Windows machines and special characters.<br >If you need UTF-8, just choose that here","Privzeto smo izhodno ANSI, ki deluje tudi na računalnikih s sistemom Windows in posebnih znakov. <br> Če potrebujete UTF-8, samo izbere, da je tu"
"By Height","Z Višina"
"By Width","Z Širina"
"Calculate line totals by:","Izračunajte linije vsote, ki jih:"
"Callout colour","barva oblaček"
"Can be handy to reduce customer support - eg. set to a custom Processing status of 'Packing your order now'","Lahko je priročen za zmanjšanje podpore strankam - npr. nastavljena na položaj za obdelavo po meri za "pakiranje naročilo""
"Cancel?","Preklicati?"
"Capitalise shipping labels?","Capitalise oznake pošiljanja?"
"Category translation","prevod kategorije"
"Center values?","Vrednosti center?"
"Centered in page","Osredotočena na strani"
"Centered in product list","Osredotočena na seznamu izdelkov"
"Change order status","Stanje Spremeni vrstni red"
"Change the layout of shipping addresses","Spremenite postavitev naslovi za dostavo"
"Change to status:","Spreminjanje na status:"
"Check for gift message?","Preverite za darilo sporočilo?"
"Clear Cached Images in pickPack","Jasno Cached Slike v pickPack"
"Code","Koda"
"Color","Color"
"Color attribute","Barva atribut"
"Color X-pos.","Color X-pos."
"Column mapping","stolpec kartiranje"
"Columns Y-X-pos.","Stolpci Y-X-pos."
"Combine attribute?","Združujejo atribut?"
"Combine custom attributes under product line?","Združite atribute po meri pod linijo izdelkov?"
"Combine custom product attributes under the product line?","Združujejo lastnosti po meri izdelkov pod linijo izdelkov?"
"Combine pdfs","združite PDF"
"Combine product line details?","Združite podrobnosti linijo izdelkov?"
"Combine the custom attributes listed below?","Združujejo lastnosti po meri spodaj navedene?"
"Combined Attributes Xpos","Kombinirani Lastnosti Xpos"
"Combined Packing Sheet/Invoice' grouped by Order ID?","Kombinirani Pakiranje list / Račun "združeni s sklepom ID?"
"Combined pdfs?","Kombinirani datoteke PDF?"
"Comma separated top,bottom widths (eg 1,2)","Ločene z vejico zgoraj, spodaj širina (npr 1,2)"
"Comma-separated list of customer group names where you don't want the group name","Vejico ločen seznam imen skupin strank, če ne želite, da ime skupine"
"Comma-separated list of SKUs to *not* show","Vejico ločen seznam SKU, da * ne * kažejo"
"Comma-separated list of SKUs to *not* show a count for","Vejico ločen seznam SKU, da * ne * kažejo število za"
"Comments","Komentarji"
"Company address","naslov podjetja"
"Company address : Color","Naslov podjetja: Barva"
"Company address : Font","Naslov podjetja: pisave"
"Company address : Size","Naslov podjetja: Velikost"
"Company address : Style","Naslov podjetja: Style"
"Company address, Default","Naslov podjetja, Privzeti"
"Company address, Group 1","Naslov podjetja, skupina 1"
"Company address, Group 2","Naslov podjetja, skupina 2"
"Company address, Group 3","Naslov podjetja, skupina 3"
"Condition","pogoj"
"Configurable product name","Nastavljivo ime izdelka"
"Cost (base) to (display) exchange rate","Stroški (baza) do (zaslona) tečaju"
"Cost currency prefix","Strošek valuta predpona"
"Cost multiplier","strošek multiplikator"
"Cost subtotal?","Strošek vmesnega seštevka?"
"courierRules Method","courierRules Metoda"
"courierRules method?","courierRules način?"
"courierRules Shipping Method","courierRules Dostava Način"
"CSV (Order-combined Products)","CSV (Order-kombinirana Izdelki)"
"CSV (Order-combined Products) Options","CSV (Order-kombinirana Izdelki) Opcije"
"CSV (Order-combined Products)?","CSV (Order-kombinirana Izdelki)?"
"CSV (Order-separated Products)","CSV (Order-ločeni Izdelki)"
"CSV (Order-separated Products) Options","CSV (Order-ločeni Izdelki) Opcije"
"CSV (Order-separated Products)?","CSV (Order-ločeni izdelki)?"
"CSV (Orders)","CSV (naročila)"
"CSV (Orders) Options","CSV (naročila) Opcije"
"CSV (Orders)?","CSV (naročila)?"
"CSV field separator","CSV polje separator"
"CSV output encoding","izhod kodiranje CSV"
"CSV/XML (Cargo Manifest)","CSV / XML (Cargo Očitna)"
"CSV/XML (Cargo Manifest)?","CSV / XML (Cargo Očitna)?"
"Custom","po meri"
"Custom Attribute","Atribut po meri"
"Custom attribute (1)","atribut po meri (1)"
"Custom attribute (2)","atribut po meri (2)"
"Custom attribute (3)","atribut po meri (3)"
"Custom attribute (4)","atribut po meri (4)"
"Custom CSV field separator","Meri CSV polje separator"
"Custom font file","Meri datoteka pisave"
"Custom image","slike po meri"
"Custom Message : Background Color","Posebno sporočilo: Barva ozadja"
"Custom Message : Color","Sporočilo po meri: Barva"
"Custom Message : Font","Sporočilo po meri: pisave"
"Custom Message : Size","Sporočilo po meri: Velikost"
"Custom Message : Style","Sporočilo po meri: Style"
"Custom message under product list?","Sporočilo po meri na podlagi seznama izdelkov?"
"Custom options column title","Možnosti meri naslov stolpca"
"Custom Order Attribute","Meri naročite Lastnost"
"Custom page title","Naslov strani po meri"
"Custom product attribute code (eg: shelf)","Posebno izdelek atribut koda (npr: polica)"
"Custom product attribute?","Izdelek po meri pripisujejo?"
"Custom text image","besedilo slike po meri"
"Custom text under product list?","Besedilo meri na podlagi seznama izdelkov?"
"Custom Value","Vrednost po meri"
"Custom weight fields?","Polja teže po meri?"
"Custom weightbased count?","Meri weightbased število?"
"Custom Weightbased label?","Meri Weightbased nalepko?"
"Custom Weightbased text?","Meri Weightbased besedilo?"
"Customer Address X-pos.","Stranka Naslov X-pos."
"Customer attribute code","Koda atribut stranka"
"Customer Comments","Komentarji strank"
"Customer custom attribute?","po meri kupca atribut?"
"Customer Email","stranka Email"
"Customer Email?","Stranka Email?"
"Customer group?","Skupina kupcev?"
"Customer ID (Footer) X-pos.","ID stranke (noga) X-pos."
"Customer ID X-pos.","ID stranke X-pos."
"Customer ID?","ID stranke?"
"Customer name X-pos.","Ime kupca X-pos."
"Customer VAT title","Naslov DDV kupca"
"Customer: Change "Print Invoice" to "PDF Invoices"?","Stranka: Change "Tiskanje računa", da "PDF računov"?"
"Customer: Change "Print Order" to "PDF Invoices"?","Stranka: Change "Print Order", da "PDF računov"?"
"Customer: PDF Invoice button?","Stranka: gumb PDF računa?"
"Customer: PDF Packing Sheet button?","Stranka: PDF gumb Packing list?"
"Customise 'Packed by' text","Prilagodite "polnjena z" besedilo"
"Customise fonts/colours?","Prilagodite pisave / barve?"
"Customize page title?","Prilagodite naslov strani?"
"Date format","Date format"
"Date printed?","Datum natisnjen?"
"Day","dan"
"Deadline text","rok besedilo"
"Deadline text / date?","Rok text / datum?"
"Default","privzeto"
"Default : Yes","Privzeto: Da"
"Default (Use standard)","Privzeta (standardna uporaba)"
"Default (Use Total Price Xpos)","Privzeto (Uporaba Skupna cena Xpos)"
"Default (Use total prixe Xpos)","Privzeto (uporaba skupaj prixe Xpos)"
"Default top-right; eg. 'Invoice'","Privzeto top-desno; npr. "Računa""
"Default top-right; eg. 'Packing Sheet'","Privzeto top-desno; npr. "Pakiranje Sheet""
"Default:","privzeto:"
"Default: -230,-210","Privzeto: -230, -210"
"Default: ,","Privzeto:,"
"Default: 'OK'","Privzeto: "OK""
"Default: 'OK' -->","Privzeto: "OK" ->"
"Default: "Payment due "","Privzeto: "plačila zaradi""
"Default: {blank}","Privzeto: {prazno}"
"Default: #DDDDDD","Privzeto: #DDDDDD"
"Default: #FFFFFF","Privzeto: #FFFFFF"
"Default: 0<br />Eg. 21.6700 @ 0 = 22; @ 1 = 21.7; @ 2 = 21.67; @ -1 = 20","Privzeto: 0 <br /> Npr. 21,6700 @ 0 = 22; @ 1 = 21,7; @ 2 = 21,67; @ -1 = 20"
"Default: 1<br />Eg. Change the display cost to match your actual end costs","Privzeto: 1 <br /> Npr. Spremenite stroške zaslona, ​​da se ujema vaše dejanske stroške končne"
"Default: 1<br />Eg. kg -> lb = 2.2046; lb -> kg = 0.4536","Privzeto: 1 <br /> Npr. kg -> lb = 2,2046; lb -> kg = 0,4536"
"Default: 1<br />Eg. your base currency is USD, your manifest display currency is GBP : enter the exchange rate multiplier for USD -> GBP","Privzeto: 1 <br /> Npr. vaša osnovna valuta je USD, manifestu zaslon valuta je GBP: vpišite multiplikator menjalnega tečaja za USD -> GBP"
"Default: 100","Privzeto: 100"
"Default: 13pt/5pt (top/bottom), 5pt (left/right)","Privzeto: 13pt / 5PT (zgoraj / spodaj), 5PT (levo / desno)"
"Default: 17","Privzeto: 17"
"Default: 185","Privzeto: 185"
"Default: 2 [1.1256 becomes 1.13]","Privzeto: 2 [1,1256 postane 1.13]"
"Default: 2<br />Eg. 21.6700 @ 0 = 22; @ 1 = 21.7; @ 2 = 21.67; @ -1 = 20","Privzeto: 2 <br /> Npr. 21,6700 @ 0 = 22; @ 1 = 21,7; @ 2 = 21,67; @ -1 = 20"
"Default: 200","Privzeto: 200"
"Default: 22pt (top/bottom), 30pt (left/right)","Privzeto: 22pt (zgoraj / spodaj), 30pt (levo / desno)"
"Default: 25","Privzeto: 25"
"Default: 25 -->","Privzeto: 25 ->"
"Default: 25, 25 (can leave one blank)","Privzeto: 25, 25 (lahko pustite eno prazno)"
"Default: 250","Privzeto: 250"
"Default: 250, 100. Need to select [Yes] on "Show order gift message" or "Show product gift message".","Privzeto: 250, 100. Potreba, izberite [Yes] o "sporočilu Show da darilo" ali "sporočilo darilo Prikaži proizvodov"."
"Default: 250, 100. Need to select yes on "Show order gift message" or "Show product gift message"","Privzeto: 250, 100. Treba je izbrati ja o "sporočilu Show da darilo" ali "Pokaži sporočila izdelek darilo""
"Default: 250x182","Privzeto: 250x182"
"Default: 3","Privzeto: 3"
"Default: 350","Privzeto: 350"
"Default: 380","Privzeto: 380"
"Default: 40","Privzeto: 40"
"Default: 400","Privzeto: 400"
"Default: 420","Privzeto: 420"
"Default: 450","Privzeto: 450"
"Default: 460","Privzeto: 460"
"Default: 475","Privzeto: 475"
"Default: 480","Privzeto: 480"
"Default: 50","Privzeto: 50"
"Default: 500","Privzeto: 500"
"Default: 520","Privzeto: 520"
"Default: 5pt (top/bottom), 5pt (left/right)","Privzeto: 5PT (zgoraj / spodaj), 5PT (levo / desno)"
"Default: 5pt/5pt (top/bottom), 5pt/5pt (left/right)","Privzeto: 5PT / 5PT (zgoraj / spodaj), 5PT / 5PT (levo / desno)"
"Default: 67","Privzeto: 67"
"Default: 8","Privzeto: 8"
"Default: 80","Privzeto: 80"
"Default: backordered","Privzeto: odprta naročila"
"Default: Bold","Privzeto: Bold"
"Default: center","Privzeto: center"
"Default: Code128","Privzeto: Code128"
"Default: codes","Privzete: kod"
"Default: Empty","Privzeto: Prazna"
"Default: Grand Total","Privzeto: Grand Total"
"Default: ID","Privzeto: ID"
"Default: ID -->","Privzeto: ID ->"
"Default: invoice_","Privzeto: invoice_"
"Default: invoice+packing-sheet_","Privzeto: Račun + embalaže sheet_"
"Default: items","Privzete: postavke"
"Default: Left (if right, turn off barcodes, addresses; if full-width no company","Privzeto: levo (če je prav, izklopite črtne kode, naslovi, če polni širini ni podjetja"
"Default: M j, Y . Format this according to www.php.net/date","Privzeto: M j, Y. Format je to v skladu z www.php.net/date~~pobj"
"Default: Method B","Privzeto: Metoda B"
"Default: name","Privzeto: Ime"
"Default: order-combined_","Privzeto: naročil combined_"
"Default: order-separated_","Privzeto: naročil separated_"
"Default: out-of-stock-list_","Privzeto: out-of-zalog-list_"
"Default: packing-sheet_","Privzeto: embalaže sheet_"
"Default: Phone","Privzeto: Telefon"
"Default: Phone -->","Privzeto: Telefon ->"
"Default: product-separated_","Privzeto: product-separated_"
"Default: pt (top/bottom), pt (left/right)","Privzeto: pt (zgoraj / spodaj), pt (levo / desno)"
"Default: Qty","Privzeto: Kol"
"Default: Qty -->","Privzeto: Kol ->"
"Default: Ship to:","Privzeto: Ladja za:"
"Default: Shipping","Privzeto: Dostava"
"Default: Simple product name","Privzeto: Simple ime izdelka"
"Default: Source","Privzeto: Vir"
"Default: Subtotal","Privzeto: Vmesni seštevek"
"Default: tax","Privzeto: davek"
"Default: total","Privzeto: skupna"
"Default: USD","Privzeto: USD"
"Default: VAT Rateable","Privzeto: DDV obdavčljiva"
"Default: warehouse","Privzeto: skladišče"
"Default: Y_m_d . Format this according to www.php.net/date","Privzeto: Y_m_d. Format je to v skladu z www.php.net/date~~pobj"
"Default: Zero-rated","Privzeto: Zero-rated"
"Default:7","Privzeto: 7"
"Default: No","Privzeto: Ne"
"Default: Yes","Privzeto: Da"
"Depends on your stock management system","Odvisno od vašega sistema za upravljanje zalog"
"Descending","padajoče"
"Detailed CC info?","Podrobne informacije CC?"
"Dimensions","dimenzije"
"Dimensions : 'Label width' x 'Label height' @ 300dpi : non-interlaced and non-transparent .png","Dimenzije: "širina Label 'x' Višina etikete" @ 300 dpi: non-interlaced in nepregleden .png"
"Dimensions 180<b style="color:red;">pt</b> x 120<b style="color:red;">pt</b> @ 300dpi : non-interlaced <b>and</b> non-transparent .png","Dimenzije 180 <b style = "color: red;"> pt </ b> x 120 <b style = "color: red;"> pt </ b> @ 300 dpi: non-interlaced <b> in </ b> nepregledna .png"
"Dimensions 540<b style="color:red;">pt</b>(A4)|562<b style="color:red;">pt</b>(US Letter) x 1-200<b style="color:red;">pt</b> @ 300dpi : non-interlaced <b>and</b> non-transparent .png","Dimenzije 540 <b style = "color: red;"> pt </ b> (A4) | ​​562 <b style = "color: red;"> pt </ b> (US Letter) x 1-200 <b slog = "color: red;"> pt </ b> @ 300 dpi: non-interlaced <b> in </ b> nepregleden .png"
"Dispatch Date?","Dispatch datum?"
"Don't count these custom option SKUs :","Ne štej te opcije meri SKU:"
"Double-line spacing?","razmik dvojno linijo?"
"Double-up this barcode?","Double-up to črtno kodo?"
"Drink Flag","pijte zastavo"
"E: ","E:"
"Eg. nudge it up off integrated labels","Npr. ga potisnili navzgor od integriranih nalepke"
"eg. put 'wholesale', then only wholesale customers will see 'Message B'","npr. dal "na debelo", nato pa se bo le trgovci na debelo glej "Sporočilo B""
"eg. put your country, then only overseas orders will have country added","npr. dal svojo državo, dodal pa bo le v tujini naročila ima država"
"Eg. shelving info","Npr. regali info"
"Email: Body","Email: Body"
"Email: Send To","Email: Pošlji"
"Email: Sender","Email: Sender"
"Email: Subject","Email: Predmet"
"Enable auto processing?","Omogoči samodejno obdelavo?"
"Enter your license key here","Vnesite licenčni ključ tukaj"
"Exactly position shipping detail (eg. for envelope window)","Točno o položaju ladijski promet (npr. Za okna ovojnico)"
"Exactly position top address (eg. for envelope window)","Točno položaj zgornji naslov (npr. Za okna ovojnico)"
"Export","izvoz"
"Export: Path","Izvoz: Pot"
"Extra attribute position","Extra položaj atribut"
"F: ","F:"
"File Path","Pot datoteka"
"Fill Bars?","Izpolnite Bari?"
"Fill bkg comments box ?","Izpolnite BKG komentarji polje?"
"Fill columns titlebar?","Izpolnite stolpcev naslovno vrstico?"
"Filter again?","spet Filter?"
"Filter by supplier?","Filter dobavitelj?"
"Filter items again?","ponovno filtrirati elemente?"
"Filter items by status?","Elemente filtrirate glede na stanje?"
"Filter items?","Filter predmeti?"
"Filter order notes?","naročilo filter opombe?"
"Filter out some options?","Izločijo nekatere možnosti?"
"Filter out some?","Izločiti nekaj?"
"Filter out these attributes","Izločijo te atribute"
"Filter out these custom option SKUs :","Izločijo te opcijske meri SKU:"
"Filter shipped items?","Filter pošiljajo predmete?"
"Filter text","besedilo filter"
"Filter text (don't show notes containg this text)","Filter besedilo (ne kažejo opombe containg to besedilo)"
"Filter?","Filter?"
"Filter/Split which PDFs?","Filter / Split kateri PDF?"
"Filters: Order-separated PDFs, Order-combined PDFs","Filtri:-Naročanje ločen PDF, Order-kombinirane PDF"
"First Name","Ime"
"First order starts at","Najprej bi se začne pri"
"Fix Subtotals to page base","Fix delne vsote na strani baze"
"Flat-address font size","Flat-naslov velikost pisave"
"Font","font"
"Font size","Velikost pisave"
"Font size (Product Lines)","Velikost pisave (Product Lines)"
"Font size (Return address)","Velikost pisave (Return naslov)"
"Font size (Shipping address)","Velikost pisave (prevoz naslov)"
"For all customer group types","Za vse vrste skupine kupcev"
"For any customer group containing filter word","Za katero koli skupino kupcev, ki vsebuje filtrirni besede"
"For configurable products, show:","Pri nastavljivih izdelke, kažejo:"
"For custom minimum stock levels for specific SKUs, set like this:","Po meri najnižjih ravni zalog za posamezne SKU, določene takole:"
"For full-page sharp backgrounds, upload images with dimensions  595<b style="color:red;">pt</b> x 842<b style="color:red;">pt</b> (A4), or 612<b style="color:red;">pt</b> x 792<b style="color:red;">pt</b> (Letter)","Za polno stran ostrimi okolij, naložite slike z dimenzijami 595 <b style = "color: red;"> pt </ b> x 842 <b style = "color: red;"> pt </ b> (A4), ali 612 <b style = "color: red;"> pt </ b> x 792 <b style = "color: red;"> pt </ b> (Letter)"
"For Internal Print Flags use "0" to avoid duplicate printing","Za notranje Flags Print uporabo "0", da bi se izognili podvajanju tiskanje"
"Force gift message font?","Force darilo pisave sporočilo?"
"Format product options?","Možnosti Oblika izdelka?"
"Format product?","Oblika izdelka?"
"FTP host","FTP strežnik"
"FTP password","FTP geslo"
"FTP port","Vrata FTP"
"FTP remote path","FTP daljinsko pot"
"FTP user","uporabnik FTP"
"Full height of each label (default 168pt)","Polno višina posamezne etikete (privzeto 168pt)"
"Full height of each label (default 432pt)","Polno višina posamezne etikete (privzeto 432pt)"
"Full Page Width","Celotna stran Širina"
"Full width of each label (default 190pt)","Polna širina vsakega etiket (privzeto 190pt)"
"Full width of each label (default 288pt)","Polna širina vsakega etiket (privzeto 288pt)"
"Gallery Images (Max 2)","Galerija slik (Max 2)"
"General : CSV","Splošno: CSV"
"General : PDF","Splošno: PDF"
"General Options","Splošne možnosti"
"Germany CN22 Label Image","Nemčija CN22 Label slike"
"Gift card","Darilne kartice"
"Gift message","Darilni sporočilo"
"Gift Message : Background Color","Darilni Sporočilo: Barva ozadja"
"Gift Message : Color","Gift Message: Barva"
"Gift Message : Font","Darilni Sporočilo: pisave"
"Gift Message : Size","Gift Message: Velikost"
"Gift Message : Style","Darilni Sporočilo: Style"
"Gift wrap","Darilni papir"
"Goes at page base - good for integrated labels","Gre na strani baze - dobro za integrirane nalepk"
"Goes at page base - handy for QC","Gre na strani osnove - priročen za QC"
"Goes on the right of the header logo","Gre na desno od logotipa glave"
"Goes on the top-left of the page","Gre na zgornjem levem kotu strani"
"Good for 3-part integrated labels, eg. for peel-off address records","Dobro za 3-del integriranih oznak, npr. za evidence naslovov lupine-off"
"Good for a footer image","Dobro za noge slike"
"Good for integrated labels","Dobro za integrirane nalepk"
"Good for tax numbers, return instructions","Dobro za davčne številke, navodila vračanja"
"Good for things like tear-off labels, or adding to the return address abel to make it a 'Returns Label'","Dobro za stvari, kot so nalepke odtrganja, ali tako, da se donos naslov Abel je, da bi bilo "Vrnitev Label""
"Grand Total (from Magento)?","Grand Total (iz Magento)?"
"Grey out products from other suppliers","Sive od izdelkov iz drugih dobaviteljev"
"Group by Category?","Skupina po kategoriji?"
"Group With Other Prints","Skupina z drugimi Prints"
"Header logo","logo glava"
"Hide if gift order?","Skrij če darilo red?"
"Hide prices if a gift order?","Skrij cen, če nalog za darilo?"
"Hide product option labels?","Skrij možnost izdelek nalepk?"
"Hide products from other suppliers","Skrij izdelke drugih dobaviteljev"
"Hide Shipping Method for Store-Pickup orders?","Skrij prevoz Metoda za Store-Pickup naročil?"
"Hide supplier attribute column?","Skrij dobavitelj pripisujejo stolpec?"
"Hide these groups :","Skrij te skupine:"
"Hide this 'country name'","Skrij ta "ime države""
"Hide this 'country name' :","Skrij ta "ime države":"
"Hide this' country name' :","Skrij ta "ime države":"
"Hide Virtual and Downloadable products from PDFs?","Skrij Virtual in Cool izdelke iz datoteke PDF?"
"Hide zero discount value?","Skrij nič popust vrednost?"
"Hide zero shipping value?","Skrij vrednost nič ladijskega?"
"Hide zero tax value?","Skrij ničelno davčno vrednost?"
"High-res","High-res"
"high-res/low-res?","high-res / nizko-res?"
"High/Low Resolution?","Visoka / Nizka ločljivost?"
"Hold?","Drži?"
"Holland CN22 Label Image","Holland CN22 Label slike"
"Horizontal bars : Background Color","Drogovi: Barva ozadja"
"Ie. if you want them listed together and not in separate columns","Tj. če želite, da navedena skupaj in ne v ločenih stolpcih"
"If 'Yes' this won't include items which have been marked as shipped.","Če "da" to ne bo vključuje elemente, ki so bile označene kot ob dobavi."
"If child image missing, show parent?","Če je otrok slika manjka, kažejo staršev?"
"If set to Yes, after an order has been printed, you can only re-print it from inside the Order Detail page.<br />The aim is to avoid shipping the same order multiple times by mistake.","Če je nastavljeno na Da, potem ko je bil nalog natisnjen, si lahko samo ponovno tiskanje iz notranjosti Sklep Podrobnosti strani. <br /> Cilj je, da bi se izognili ladijski istem vrstnem redu, večkrat po pomoti."
"If supplier 'logged in', do what with other suppliers products?","Če dobavitelj "prijavljeni", to, kar z drugimi dobavitelji izdelkov?"
"If you get long addresses that spill over the edge of your label, set this number to force a linebreak","Če dobiš dolge naslove, ki se širijo čez rob nalepko, nastavite to število na silo LINEBREAK"
"If you ship a lot of single items, this can help alert your shipping staff that","Če ladja veliko posameznih predmetov, lahko to pomaga opozori vaš ladijskega osebja, ki"
"If you ship a lot of single items, this can help alert your shipping staff that there's more than one!","Če ladja veliko posameznih predmetov, lahko to pomaga opozori vaš ladijskega osebja, da obstaja več kot eno!"
"If you're using shipEasy, and have setup any of the 3 custom flag columns, you can show the value.","Če uporabljate shipEasy in setup vsako stolpcev zastave na 3 po meri, lahko kažejo vrednost bankovca."
"Image behind return address?","Slika za povratni naslov?"
"Image behind ship address?","Slika za naslov ladje?"
"Image border color","Image Barva obrobe"
"Image file","slikovna datoteka"
"Image nudge","Slika nudge"
"Image position nudge","Položaj slike nudge"
"Images column title","Naslov slike stolpec"
"Import","Uvoz"
"In positionable box (handy for tear-off labels)","V pozicionirati polju (priročen za nalepke odtrganja)"
"Incl.","Vklj."
"Include customer phone in addresses?","Vključi telefon strank v naslove?"
"Include discount?","Vključi popust?"
"Include discounts in product line price","Vključujejo popuste v ceni linijo izdelkov"
"Include Order ID in filename for single page print?","Vključi ID naročila v datoteke za enkratno stran tisk?"
"Include Order ID in filename for single page prints?","Vključi ID naročila v datoteke za eno stran natisne?"
"Include order notes?","Vključujejo tudi zapiske?"
"Include shipping country in addresses?","Vključno s transportom državo naslove?"
"Include tax in 'Shipping'?","Vključujejo davek na "Shipping"?"
"Include Tax in Price?","Vključujejo davek v ceno?"
"Include Tax in Shipping Price?","Vključujejo davek na prevoz Cena?"
"Include tax in value?","Vključujejo davek v vrednosti?"
"Include tax?","Vključujejo davek?"
"Installation Server","namestitev Server"
"Invert some of the title colors...","Obrnemo nekaj barv naslov ..."
"Invoice Address","Naslov plačnika"
"Invoice Date","Datum računa"
"Invoice ID?","ID na računu?"
"Invoice Number","Številka računa"
"Invoice Options","Možnosti na računu"
"Invoiced Date","Obračunani Datum"
"Is this included in the Subtotal?","Je to vključeno v Vmesni seštevek?"
"Italic","ležeče"
"Item Count","Točka Count"
"Items column title","Postavke naslov stolpca"
"Items count?","Postavke šteje?"
"Label","Label"
"Label height","višina etikete"
"Label margins","marže etikete"
"Label Nudge","Label Nudge"
"Label padding","Label oblazinjenje"
"Label width","širina Label"
"Layout template","postavitev predlogo"
"License","licenca"
"License Key","Licenčni ključ"
"Line above fixed footer image?","Line zgoraj fiksna slika noge?"
"Line widths","širine Line"
"Lock image to page base?","Zaklepanje sliko na stran bazo?"
"Logo position","položaj logotipa"
"Low-res","Low-res"
"Magento Order ID","Magento ID naročila"
"Main Image","glavna slika"
"Makes gift orders a bit happier-looking by adding a special image on the message box.","Naredi darilo naročil malo srečnejši usmerjene z dodajanjem posebno sliko na oknu s sporočilom."
"Manual description 1","Ročno opis 1"
"Margin (from right)","Margin (z desne)"
"Margin (from right) for flat-address","Margin (z desne) za stanovanjski naslov"
"Marketplace Order ID","Marketplace ID naročila"
"Match shipping description :","Ujemanje ladijskega prometa opis:"
"Match text:","Besedilo Match:"
"Max address width (pt)","Širina naslovnega Max (pt)"
"Max dimensions","dimenzije max"
"Max weight per box","Max teža škatle"
"Max width","Max širina"
"Messages","sporočila"
"Middle of page","Bližnji strani"
"Min. weight to hide shipment method and put 'Pallet'","Min. teža skriti način pošiljanja in dal "paleta""
"Minimum stock qty","Minimalna kol stock"
"Moogento","Moogento"
"Moogento pickPack","Moogento pickPack"
"Moogento pickPack : CSV (Order-combined Products)","Moogento pickPack: CSV (naročila kombinirani izdelki)"
"Moogento pickPack : CSV (Order-separated Products)","Moogento pickPack: CSV (naročila ločeni Izdelki)"
"Moogento pickPack : CSV (Orders)","Moogento pickPack: CSV (naročila)"
"Moogento pickPack : CSV/XML (Cargo Manifest)","Moogento pickPack: CSV / XML (Cargo Očitna)"
"Moogento pickPack : PDF (Address Labels)","Moogento pickPack: PDF (Naslov nalepke)"
"Moogento pickPack : PDF (CN22 Labels)","Moogento pickPack: PDF (CN22 nalepke)"
"Moogento pickPack : PDF (Gift Message)","Moogento pickPack: PDF (Gift Message)"
"Moogento pickPack : PDF (Invoice and Packing Sheet)","Moogento pickPack: PDF (Račun in pakiranje Sheet)"
"Moogento pickPack : PDF (Invoice)","Moogento pickPack: PDF (Račun)"
"Moogento pickPack : PDF (Order-combined Picklist)","Moogento pickPack: PDF (Order-kombinirana PickList)"
"Moogento pickPack : PDF (Order-separated Picklist)","Moogento pickPack: PDF (naročila ločeni PickList)"
"Moogento pickPack : PDF (Orders Summary)","Moogento pickPack: PDF (Naročila povzetek)"
"Moogento pickPack : PDF (Packing Sheet)","Moogento pickPack: PDF (pakiranje Sheet)"
"Moogento pickPack : PDF (Product-separated Picklist)","Moogento pickPack: PDF (Product-ločeni PickList)"
"Moogento pickPack : PDF (Troylleybox Picklist)","Moogento pickPack: PDF (Troylleybox PickList)"
"Moogento pickPack : PDF (Zebra Labels)","Moogento pickPack: PDF (Zebra nalepke)"
"Moogento pickPack : PDF/CSV (Out-of-stock List)","Moogento pickPack: PDF / CSV (Ni na zalogi List)"
"Multiplier Attribute","Množilnik Lastnost"
"Multiplies product price by set multiplication factor. Eg. use to show product price limit for substitutions in pick","Množi cena proizvoda, ki ga set multiplikatorja. Npr. uporabljajo za prikaz omejitev cene proizvodov za substitucij v kramp"
"Multiplies product price by set multiplication factor.<br />Eg. use to show product price limit for substitutions in pick","Množi izdelek cena, ki jo set multiplikatorjem. <br /> Npr. uporabljajo za prikaz omejitev cene proizvodov za substitucij v kramp"
"Multiply prices by attribute?","Pomnožite cene za atribut?"
"Name from Order","Ime iz reda"
"Name from Product > Default Store","Ime iz izdelkov> Privzeti Store"
"Name from Product > Order Store *Default*","Ime iz izdelkov> red Store * Privzeti *"
"Name from Product > Specific Store","Ime iz izdelkov> posebni trgovini"
"New page per order?","Nova stran na naročilo?"
"New PDF per name?","New PDF na ime?"
"No","no"
"No (default)","Ne (privzeto)"
"No of Items per page","Število Artiklov na stran"
"No, include all items in order","Ne, vključujejo vse elemente v vrstnem redu"
"No, include it in the product price","Ne, vključiti v ceno izdelka"
"No, include it in the product price (but also show a tax subtotal summary)","Ne, vključiti v ceno proizvoda (pa tudi kažejo povzetek davčnega delne vsote)"
"No, move other items to new line (+ keep linebreaks)","Ne, premikanje drugih predmetov v novo vrstico (+ da prelome vrstic)"
"No, without Tax","Ne, brez davka"
"None","Noben"
"Normal' Dimensions:  269<b style="color:red;">pt</b> x 41<b style="color:red;">pt</b> @ 300dpi<br />","Normal "Dimenzije: 269 <b style =" color: red; "> pt </ b> x 41 <b style =" color: red; "> pt </ b> @ 300dpi <br />"
"Not recommended... Use at your own risk...","Ni priporočljivo ... Uporaba na lastno odgovornost ..."
"Nudge","Nudge"
"Nudge 'Packed 2 by' note","Nudge "Pakirano 2 z" opombo"
"Nudge 'Packed by' text","Pomakni "polnjena z" besedilo"
"Nudge <b>autoCN22</b> label","Nudge <b> autoCN22 </ b> etiketo"
"Nudge 2nd address","Nudge 2. naslov"
"Nudge 2nd barcode","Nudge 2. črtno kodo"
"Nudge 2nd custom title","Nudge 2. naslov po meri"
"Nudge 2nd image","Pomakni 2. sliko"
"Nudge address","Nudge naslov"
"Nudge background image","Pomakni sliko ozadja"
"Nudge barcode","nudge črtno kodo"
"Nudge CN22 label","Nudge CN22 nalepko"
"Nudge company address","Nudge naslov podjetja"
"Nudge details","nudge podrobnosti"
"Nudge entire label","Nudge celotno etiketo"
"Nudge fixed image","Pomakni fiksno sliko"
"Nudge flat-address","Nudge flat-naslov"
"Nudge gift message","Nudge sporočilo darilo"
"Nudge image","Pomakni sliko"
"Nudge label image","Pomakni sliko oznaka"
"Nudge logo","Nudge logo"
"Nudge Order ID","Nudge ID naročila"
"Nudge Order ID barcode","Nudge naročite ID črtne kode"
"Nudge order notes","Nudge naročilo opombe"
"Nudge product line","Nudge linija izdelkov"
"Nudge qr-code (1)","Nudge QR kodo (1)"
"Nudge qr-code (2)","Nudge QR kode (2)"
"Nudge return address","Nudge povratni naslov"
"Nudge return label","Nudge oznaka vrnitev"
"Nudge Rotated Product List","Potisnili seznam izmenično izdelkov"
"Nudge shelving","nudge regali"
"Nudge shipping address","Nudge naslov za pošiljanje"
"Nudge shipping address only","Potisnili le naslov za pošiljanje"
"Nudge supplier attribute","atribut dobavitelj Nudge"
"Nudge title","nudge naslov"
"Nudge tracking barcode","Nudge črtno kodo za sledenje"
"Nudge tracking number","Nudge številko za sledenje"
"Nudge Zipcode barcode","Nudge poštno številko črtne kode"
"Nudge' Packed by' note","Pomakni "polnjena z" opombo"
"Number product list?","Število seznam izdelkov?"
"Only print once?","natisniti samo enkrat?"
"Only process orders matching shipEasy attribute?","Samo procesa naročil ujemanje shipEasy atribut?"
"Operand?","Operand?"
"Order Attribute","Da bi Lastnost"
"Order attribute code","Koda za naročanje atribut"
"Order attribute code:","Koda za naročanje atribut:"
"Order Attribute Value","Da bi Lastnost Vrednost"
"Order Comments","naročite Komentarji"
"Order custom attribute?","Naročite meri pripisujejo?"
"Order date","Datum naročila"
"Order date X-pos.","Datum naročila X-pos."
"Order Date?","Datum naročila?"
"Order ID (Footer) X-pos.","ID naročila (noga) X-pos."
"Order ID X-pos.","ID naročila X-pos."
"Order ID?","ID naročila?"
"Order of subtotals","Vrstni red delnih vsot"
"Order Source","Da bi Vir"
"Order Source?","Naročite Vir?"
"Order-combined Pick List Options","Reda v kombinaciji Možnosti Pick Seznam"
"Order-separated Pick List Options","Reda ločeni Možnosti Pick Seznam"
"Orders with In Stock Items Only","Naročila z na zalogi Izdelki"
"Others?","Drugi?"
"Output as PDF or CSV?","Izhod v obliki PDF ali CSV?"
"Output Excel XML file (instead of CSV)","Izhodna Excel XML datoteko (namesto CSV)"
"Output Filenames","izhodna Imena datotek"
"Output only these suppliers (Hide/Grey-out others)","Izhodni le ti dobavitelji (Skrij / Grey-out drugi)"
"Output only this supplier (Hide/Grey-out others) . . . Leave blank to auto-split all suppliers","Izhod le ta dobavitelj (Skrij / Grey-out drugi). . . Pustite prazno, da avto-split vsi dobavitelji"
"Override 'Minimum stock qty'","Preglasijo "Minimalna kol stalež""
"Override default address formatting?","Preglasiti privzeto naslov oblikovanje?"
"Override default address layout?","Preglasiti privzeto postavitev naslov?"
"Override filter notes messages","Prekrmiljenje filter ugotavlja sporočil"
"Override stock qty output with location-specific stock?","Preglasijo zaloge Količina izhod v določeni lokaciji zalogi?"
"Override' Minimum stock qty'","Preglasijo "Minimalna kol stalež""
"Packing  Sheet Products : Separating Vertical Line Color","Pakiranje Sheet izdelki: ločevanje navpična črta Barva"
"Packing Sheet Options","Pakiranje List Options"
"Packing Sheet Products : Separating Line Color","Pakiranje Sheet izdelki: ločevanje Line Color"
"Packing Sheet Products : Separating Vertical Line Color","Pakiranje Sheet izdelki: ločevanje navpična črta Barva"
"Padding","oblazinjenje"
"Page 1 Product-lines cutoff Y-pos","Stran 1 izdelkov linije CUTOFF Y-pos"
"Page 1 products cutoff position","Page 1 izdelkov Kritična pozicija"
"Page Body : Color","Stran telesa: Barva"
"Page Body : Font","Stran telesa: Pisava"
"Page Body : Size","Stran telesa: Velikost"
"Page Body : Style","Stran telesa: Style"
"Page padding","Page oblazinjenje"
"page padding","stran oblazinjenje"
"Page size","velikost strani"
"Page template :","Predloga strani:"
"Page title : Color","Naslov strani: Color"
"Page title : Font","Naslov strani: Pisava"
"Page title : Size","Naslov strani: Velikost"
"Page title : Style","Naslov strani: Style"
"Paid Date","plačano Datum"
"Paid Date?","Plačan datum?"
"Pallet 'go' weight","Paleta "go" teža"
"Pallet' go' weight","Paleta "go" teža"
"Paper height","višina papirja"
"Paper margins","robovi papirja"
"Partially: lines top & bottom","Delno: linije vrh in dno"
"Pattern text","vzorec besedila"
"Pattern to match :","Vzorec se ujema:"
"Payment","plačilo"
"Payment method?","Plačilna metoda?"
"PDF (Address Labels)","PDF (Naslov nalepke)"
"PDF (Address Labels)?","PDF (naslov nalepke)?"
"PDF (CN22 Labels)","PDF (CN22 nalepke)"
"PDF (CN22 Labels)?","PDF (CN22 nalepke)?"
"PDF (Gift Message)","PDF (Gift Message)"
"PDF (Gift Message)?","PDF (Gift Message)?"
"PDF (Invoice & Packing Sheet)","PDF (Račun in pakiranje Sheet)"
"PDF (Invoice and Packing Sheet)?","PDF (Račun in pakiranje Sheet)?"
"PDF (Invoice)","PDF (Račun)"
"PDF (Invoice)?","PDF (računa)?"
"PDF (Order-combined Picklist)","PDF (Order-kombinirana PickList)"
"PDF (Order-combined Picklist)?","PDF (Order-kombinirana PickList)?"
"PDF (Order-separated Picklist)","PDF (Order-ločeni PickList)"
"PDF (Order-separated Picklist)?","PDF (Order-ločeni PickList)?"
"PDF (Orders Summary)","PDF (Naročila povzetek)"
"PDF (Orders Summary)?","PDF (Naročila povzetek)?"
"PDF (Out-of-stock List)","PDF (Ni na zalogi List)"
"PDF (Out-of-stock List)?","PDF (Out-of-zalog Seznam)?"
"PDF (Packing Sheet)","PDF (pakiranje Sheet)"
"PDF (Packing Sheet)?","PDF (Pakiranje Sheet)?"
"PDF (Product-separated Picklist)","PDF (Product-ločeni PickList)"
"PDF (Product-separated Picklist)?","PDF (Product-ločeni PickList)?"
"PDF (Trolleybox Picklist)","PDF (Trolleybox PickList)"
"PDF (Trolleybox Picklist)?","PDF (Trolleybox PickList)?"
"PDF (Zebra Labels)","PDF (Zebra nalepke)"
"PDF (Zebra Labels)?","PDF (Zebra nalepke)?"
"PDF Address-label Sheet","PDF Naslov za okolje Sheet"
"PDF Gift Message","PDF Gift sporočilo"
"PDF Invoice","PDF Račun"
"PDF Invoice &amp; Packing Sheet' Sort","PDF Račun & amp; Pakiranje list "Razvrsti"
"PDF Letter","PDF Letter"
"PDF Order-combined Picklist","PDF Order-kombinirana PickList"
"PDF Order-separated Picklist","PDF Order-ločeni PickList"
"PDF Orders Summary","Naročila PDF Povzetek"
"PDF Packing Sheet","PDF Pakiranje Sheet"
"PDF Packing Sheet + Invoice","PDF Packing list + račun"
"PDF page size","size PDF-"
"PDF Product-separated Picklist","PDF-Product ločeni PickList"
"PDF Zebra Label","PDF Zebra Label"
"PDF/CSV (Out-of-stock List)","PDF / CSV (Ni na zalogi List)"
"PDF/CSV Out-of-stock List","PDF / CSV Ni na zalogi List"
"PDF/CSV Out-of-stock List Options","PDF / CSV out-of-zalogi Možnosti Seznam"
"Pick Lists only","Pick le sezname"
"pickPack","pickPack"
"pickPack Validation Key","pickPack Validacija Key"
"Pickup Date","Pickup Datum"
"Pickup Store Address","Pickup Store Naslov"
"Pickup Store Email","Pickup Store Email"
"Pickup Store ID","Pickup ID trgovine"
"Pickup Store Phone","Pickup Store telefon"
"Pickup Time","Pickup čas"
"Position","položaj"
"Position custom text box","polje z besedilom položaj po meri"
"Position of custom attributes","Položaj atributov po meri"
"Position of notes :","Položaj bankovcev:"
"Position of shelving info","Položaj police info"
"Position the addresses exactly - for integrated labels","Namestite naslove natančno - za integrirane oznak"
"Position the message box exactly","Postavite polje s sporočilom točno"
"Positionable box position","Pozicionirati položaj box"
"Pre-cells","Pre-celice"
"Price column title","Cena naslov stolpca"
"Price position","položaj Cena"
"Price X-pos.","Cena X-pos."
"Prices","cene"
"Prices converted from","Cene so bile pretvorjene iz"
"Print All?","Natisniti vse?"
"Print barcode in separate line?","Tiskanje črtne kode v svoji vrstici?"
"Print Condition","Tiskanje Pogoj"
"Print Credit Memos?","Tiskanje dobropisov?"
"Print Invoices?","Tiskanje računi?"
"Print orders once only?","Tiskanje naročila le enkrat?"
"Print Packingslips?","Tiskanje Packingslips?"
"Print products label after address label?","Tiskarski izdelki nalepka po oznaki naslov?"
"Print resolution","ločljivost tiskanja"
"Print Shipping Labels?","Tiskanje nalepk prevoz?"
"Print supplier attribute?","dobavitelj Print atribut?"
"Priority of custom attribute grouping","Prednost meri atribut združevanja"
"Process date?","Datum proces?"
"Process orders that include out-of-stock items?","Proces naročila, ki vključujejo out-of-zalogi predmete?"
"Processing schedule","razpored za obdelavo"
"Product Category Label","Kategorija izdelka Label"
"Product discount title","popust izdelek naslov"
"Product discount title?","Izdelek popust naslov?"
"Product gift message xpos","xpos darilo Izdelek sporočilo"
"Product id below barcode font-size","id izdelek pod črtno kodo pisave velikosti"
"Product images?","Slike izdelka?"
"Product line nudge","Linija izdelkov nudge"
"Product line total title","Linija izdelkov skupni naslov"
"Product line total title?","Linija izdelkov skupni naslov?"
"Product list sort direction :","Izdelek smer seznam razvrščanja:"
"Product list titlebar padding bot","Seznam izdelkov naslovna vrstica oblazinjenje bot"
"Product list titlebar padding top","Seznam izdelkov naslovna vrstica oblazinjenje vrh"
"Product Name","ime izdelka"
"Product name position","ime izdelka položaj"
"Product name X-pos.","Ime proizvoda X-pos."
"Product name?","Ime izdelka?"
"Product names or attributes contain non-roman characters?","imena izdelkov ali atributi vsebujejo non-latinici?"
"Product Options : Size","Opcije izdelka: Velikost"
"Product options?","Opcije izdelka?"
"Product Price x","Cena x"
"Product SKU barcode?","Izdelek SKU črtne kode?"
"Product SKU below barcode font-size","Izdelek SKU pod črtno kodo pisave velikosti"
"Product SKU below barcode?","SKU izdelka pod črtno kodo?"
"Product weight?","Teža izdelka?"
"Product-price Multiplier","Izdelek ceni multiplikator"
"Pull from custom attribute","Potegnite iz atributa po meri"
"Purchase order #?","Naročilnica #?"
"Put in separate column","Daj v ločenem stolpcu"
"Puts in total weight, shipping carrier, payment method","Postavi v skupni teži, ladijskega prevoznika, način plačila"
"q(Qty left to ship), s(Qty shipped), o(Qty ordered)","q (Kol zapustil ladjo), s (Kol dobavi), o (Kol naročil)"
"Qty column title","Količina naslov stolpca"
"Qty invoiced","Količina fakturirani"
"Qty left to ship","Količina levo na ladjo"
"Qty X-pos.","Količina X-pos."
"Quote all values in CSV exports?","Citiram vse vrednosti v CSV?"
"Recalculate","preračunati"
"Recommend for long SKU","Priporočamo za dolgo SKU"
"Reformat address?","Reformacija naslov?"
"Reformat?","Reformacija?"
"Regular","redno"
"Remove accents from letters in address?","Odstrani poudarke iz črk v naslovu?"
"Remove product tax from subtotal?","Odstrani davek izdelkov od vsot?"
"Remove shipping tax from","Odstrani davek ladijskega iz"
"Remove shipping tax from subtotal?","Odstrani davek ladijskega od vsot?"
"Remove shipping tax from tax","Odstrani davek ladijskega davka"
"Repeat gift message?","Ponovite message darilo?"
"Replace Default ERP Invoice with pickPacks?","Zamenjajte privzeto ERP račun z pickPacks?"
"Replace Default ERP Packing Sheet with the one from pickPack?","Zamenjajte privzeto ERP Pakiranje list z enim od pickPack?"
"Reset","Ponastavi"
"Return address","Nazaj naslov"
"return address - Default","vrniti naslov - Privzeti"
"return address - Group 1","povratni naslov - Skupina 1"
"return address - Group 2","povratni naslov - Skupina 2"
"return address - Group 3","povratni naslov - Skupina 3"
"Return Address Label : Color","Vrnitev Naslov Label: Barva"
"Return Address Label : Font","Vrnitev Naslov Label: pisavo"
"Return Address Label : Size","Nazaj Naslov Label: Velikost"
"Return Address Label : Style","Vrnitev Naslov Label: Style"
"Return address text","Nazaj naslov besedila"
"Right","Prav"
"Right Margin X","Right Margin X"
"Rotate <b>autoCN22</b> page?","Zavrti <b> autoCN22 </ b>?"
"Rotate entire label?","Zavrtite celotno nalepko?"
"Rotate label?","Zasuk nalepko?"
"Rotate Product list","Zavrti Seznam izdelkov"
"Rotate return address?","Zasuk povratni naslov?"
"Rotate?","Zasuk?"
"Round cost by ? decimal places","Okrogla stroški, ki jih? decimalna mesta"
"Round custom attribute numbers?","Okrogle meri število atributov?"
"Round weight by ? decimal places","Zaokrožena teža? decimalna mesta"
"Rounding to 2 decimals can work well for price display.<br /><i>Default: No</i>","Zaokroževanje na 2 decimalni mesti lahko dela tudi za prikaz cen <br /> <i> Privzeto:. Ne </ i>"
"Rule 1?","Pravilo 1?"
"Rule 2?","Pravilo 2?"
"Rules are processed in order from low to high priority numbers.<br/>","Pravila se obdelujejo, da od nizkih do visokih prednostnih številk. <br/>"
"Scale Shipping Labels","Lestvica pošiljanja Oznake"
"Seeing tofu : <b style="font-size:200%;font-weight:100;display:inline;position:relative;top:5px;">&#9647;</b>?","Videti tofu: <b style = "font-size: 200%; font-weight: 100; izpis: inline; položaj: relativna; top: 5px;"> & # 9647; </ b>?"
"Select Order Attribute To Update","Izberite naročite Lastnost Update"
"Separate multiple matches by comma.'","Ločuj posamezne tekme z vejico. ""
"Seperator 1?","Seperator 1?"
"Seperator 2?","Seperator 2?"
"Server Name","Ime strežnika"
"Set in 'Shipping Labels' section","Postavljena je v razdelku "ladijska Oznake '"
"Set in 'Shipping Labels' section<br />Enable this to show eg. Royal Mail PPI labels","Postavljena je v oddelku <br "ladijska Oznake '/> Omogočite to pokazati npr. Oznake Royal Mail PPI"
"Set Internal Printed Flag?","Nastavitev notranjega Printed zastava?"
"Set the currency symbol","Nastavite simbol valute"
"Set to Low to keep filesize low (but background image blurred), set to High to get a sharp background (and larger filesize)","Nastavljen na nizko, da velikost datoteke majhna (ampak ozadje zamegljen), nastavljena na visoko, da bi dobili oster ozadje (in večji Velikost datoteke)"
"Settings File","Nastavitve datoteke"
"Shelving attribute","police atribut"
"Shelving position","police položaj"
"Shelving Xpos","police Xpos"
"Shift Bundle Children Xpos","Shift Bundle Otroci Xpos"
"Ship Date","ladja Datum"
"shipEasy Connection","shipEasy povezave"
"shipEasy Connection","shipEasy povezave"
"shipEasy flag column #","shipEasy stolpec flag #"
"shipEasy flag value?","shipEasy vrednost zastava?"
"Shipping Address","naslov za pošiljanje"
"Shipping address padding","Naslov oblazinjenje pošiljanja"
"Shipping address phone?","Dostava naslov telefon?"
"Shipping address title","Naslov naslov za dostavo"
"Shipping Date?","Datum pošiljanja?"
"Shipping Image #1","Dostava slika # 1"
"Shipping Image #2","Dostava Slika # 2"
"Shipping Image #3","Dostava Slika # 3"
"Shipping Labels","pošiljanja Oznake"
"Shipping Method (Default)","Dostava Način (privzeto)"
"Shipping method?","Način dostave?"
"Shipping options?","Možnosti pošiljanja?"
"Shipping Type","Način pošiljanja"
"Shipping/Billing Title : Style","Ladijski promet / Zaračunavanje Naslov: Style"
"Shipping/Billing title position","Ladijski promet / zaračunavanja naslov položaj"
"Show","Prikaži"
"Show 'Allowance'?","Show "dodatek"?"
"Show 'Message B' for this group :","Show "Sporočilo B" za to skupino:"
"Show 'Message B' for this group :","Show "Sporočilo B" za to skupino:"
"Show 'Packed 2 by' note?","Show 'Lunch 2 z "Upoštevajte?"
"Show 'Packed by' note?","Show ", ki ga obložijo" Upoštevajte?"
"Show 'Packed by' note?","Show ", ki ga obložijo" Upoštevajte?"
"Show 'total item count'?","Show "skupno število postavka"?"
"Show 'total order count'?","Show 'Skupno število nalog "?"
"Show 'total paid'?","Show "skupno plačal?"
"Show 'total shipping paid'?","Show "skupno poštnine plača?"
"Show 'Total Taxed Product Value'?","Show 'Skupaj obdavčeno vrednost izdelka?"
"Show 'Total UnTaxed Product Value'?","Show 'Skupaj neobdavčeno vrednost izdelka?"
"Show #Order or #Invoice","Prikaži #Order ali #Invoice"
"Show 0 qty items?","Pokaži 0 Preberi več predmetov?"
"Show 2nd attribute?","Prikaži 2. atribut?"
"Show 2nd order custom attribute?","Prikaži 2. lastnost po meri naročila?"
"Show 2nd Order ID?","Prikaži 2. ID naročila?"
"Show 2nd qrcode?","Prikaži 2. qrcode?"
"Show 2nd?","Prikaži 2nd?"
"Show 3rd attribute?","Prikaži 3. atribut?"
"Show address in product label?","Pokaži naslov na etiketi izdelka?"
"Show advanced options?","Pokaži dodatne možnosti?"
"Show Aitoc Checkout Fields?","Prikaži Aitoc Checkout Polja?"
"Show Amasty Order Attributes?","Prikaži Amasty Vrstni red atributov?"
"Show Amasty order delivery date?","Prikaži Amasty datum dobave red?"
"Show another attribute?","Pokaži drug atribut?"
"Show as Icon?","Pokaži kot ikone?"
"Show attribute titles?","Prikaži pripisujejo naslovov?"
"Show barcode SKU?","Prikaži črtno kodo SKU?"
"Show Base Currency values in Subtotals?","Prikaži Navadne vrednosti valute v delnih vsot?"
"Show BetaBoxes?","Prikaži BetaBoxes?"
"Show billing address at top?","Prikaži naslov za izstavitev računa na vrhu?"
"Show billing address?","Prikaži naslov za izstavitev računa?"
"Show billing phone under shipping address ?","Show obračun telefon v meniju naslov za dostavo?"
"Show billing phone?","Prikaži obračun telefon?"
"Show Box 1?","Prikaži Box 1?"
"Show Box 2?","Prikaži Box 2?"
"Show Box 3?","Prikaži Box 3?"
"Show box estimation?","Prikaži oceno polje?"
"Show brackets around tax?","Pokaži oklepaje okoli davka?"
"Show bundle parent?","Prikaži svežnja staršev?"
"Show bundle parents?","Prikaži združujejo starše?"
"Show bundle product children?","Prikaži združujejo otroke izdelka?"
"Show column titles?","Prikaži naslove stolpcev?"
"Show cost subtotal?","Prikaži stroškov delno vsoto?"
"Show Currency Exchange Rate in Subtotals?","Prikaži menjalni tečaj v delnih vsot?"
"Show custom attribute?","Prikaži meri pripisujejo?"
"Show custom barcode?","Prikaži meri črtne kode?"
"Show custom product attribute (2)?","Prikaži meri izdelek atribut (2)?"
"Show custom product attribute (3)?","Prikaži meri izdelek atribut (3)?"
"Show custom product attribute (4)?","Prikaži meri izdelek atribut (4)?"
"Show custom product attribute?","Prikaži lastnost izdelka po meri?"
"Show custom product attributes?","Prikaži lastnosti izdelka po meri?"
"Show custom product options?","Prikaži možne izdelke po meri?"
"Show custom qrcode?","Prikaži meri qrcode?"
"Show customer email?","Prikaži e-poštni naslov stranke?"
"Show customer group?","Prikaži skupino strank?"
"Show customer ID?","Prikaži ID stranke?"
"Show customer phone?","Prikaži telefon strank?"
"Show customer VAT number?","Prikaži stranke številko za DDV?"
"Show custommer comment?","Prikaži custommer komentar?"
"Show date printed?","Prikaži datum natisnjen?"
"Show deadline text / date?","Prikaži rok text / datum?"
"Show discount?","Prikaži popust?"
"Show discounts in order subtotal","Prikaži popuste, da vsot"
"Show discounts in order subtotal'","Prikaži popusti pri naročilu vsot ""
"Show discounts where?","Prikaži popusti kje?"
"Show discounts?","Prikaži popusti?"
"Show Earned Points?","Prikaži zaslužili točk?"
"Show extended info line?","Prikaži razširjene info linijo?"
"Show extra shipping details?","Prikaži dodatne podrobnosti ladijski promet?"
"Show fixed text?","Prikaži fiksno besedilo?"
"Show fixed-text for non-Store-Pickup orders?","Prikaži fiksno besedilo za non-Store-Pickup naročil?"
"Show for bundle children?","Prikaži za svežnjev otroke?"
"Show full payment?","Prikaži celotno plačilo?"
"Show gift message title 'to/from'","Prikaži darilo naslov sporočila "na / iz""
"Show gift message?","Prikaži darilno sporočilo?"
"Show gift messages?","Prikaži darilo sporočila?"
"Show gift wrap message?","Prikaži darilo zaviti sporočilo?"
"Show gift wrap style?","Prikaži darilo zaviti slog?"
"Show giftwrap label?","Pokaži oznako giftwrap?"
"Show Grand Total?","Prikaži Grand Skupaj?"
"Show icon top-of-page for wrap orders?","Prikaži ikono top-of-stran za ovijanje naročila?"
"Show invoiced date?","Prikaži obračunane datum?"
"Show items count?","Prikaži postavke šteje?"
"Show logo on Pick Lists?","Prikaži logo na seznamih izbrali?"
"Show logo on picklists?","Prikaži logo na picklists?"
"Show mageworld order delivery date?","Prikaži mageworld datum dobave red?"
"Show Mageworx Multifees?","Prikaži Mageworx Multifees?"
"Show movable Order ID?","Prikaži premične ID naročila?"
"Show name?","Prikaži ime?"
"Show on line item' can help reduce customs fees","Prikaži na vrstično postavko "lahko pripomorejo k zmanjšanju carinskih pristojbin"
"Show order column titles?","Prikaži naslove stolpcev naročilo?"
"Show order comments?","Prikaži naročilo komentarje?"
"Show order custom attribute?","Prikaži naročilo meri pripisujejo?"
"Show order date?","Prikaži datum naročila?"
"Show order gift message?","Prikaži darilno sporočilo naročila?"
"Show Order Grand Total","Prikaži naročilo Grand Skupaj"
"Show Order ID (above address)?","Prikaži ID naročila (nad naslovom)?"
"Show Order ID above address?","Prikaži ID naročila nad naslov?"
"Show Order ID barcode?","Prikaži naročite ID črtne kode?"
"Show Order ID barcodes?","Prikaži naročite ID črtnih kod?"
"Show Order ID in product label?","Prikaži ID naročila na etiketi izdelka?"
"Show Order ID?","Prikaži ID naročila?"
"Show Order IDs?","Prikaži naročilo ID?"
"Show order number?","Prikaži številko naročila?"
"Show Order Subtotals?","Prikaži Naroči delne vsote?"
"Show Order Tax Total","Show naročila Tax Total"
"Show Order Total (no Tax)","Prikaži naročite Skupaj (brez davka)"
"Show page title bar?","Prikaži strani naslovno vrstico?"
"Show parent product name","Pokaži ime matična izdelek"
"Show payment method?","Prikaži način plačila?"
"Show phone numbers?","Prikaži telefonske številke?"
"Show pickup date/time on same line?","Prikaži datum pickup / čas na isti liniji?"
"Show Point Discount?","Prikaži Point popust?"
"Show Price?","Prikaži Cena?"
"Show prices?","Pokaži cene?"
"Show product gift message?","Pokaži sporočila darilo izdelka?"
"Show Product Gift-Wrap Column?","Prikaži Izdelek Gift-Wrap stolpec?"
"Show Product Grand Total","Prikaži Izdelek Grand Total"
"Show Product ID barcode","Prikaži ID izdelka črtne kode"
"Show product ID below barcode?","Prikaži ID izdelka pod črtno kodo?"
"Show product images?","Prikaži slik izdelka?"
"Show product line total?","Prikaži vrstico skupaj izdelka?"
"Show Product list?","Prikaži seznam izdelkov?"
"Show product name bold?","Pokaži ime izdelka krepko?"
"Show product name?","Prikaži ime izdelka?"
"Show product names?","Prikaži imena izdelkov?"
"Show product options?","Prikaži možnosti izdelka?"
"Show Product qty?","Prikaži Kol izdelka?"
"Show product sku barcode?","Prikaži SKU izdelka črtne kode?"
"Show product sku?","Prikaži SKU izdelka?"
"Show Product Tax Total","Prikaži izdelka Davčna Skupaj"
"Show Product Total(no Tax)","Prikaži izdelka Skupaj (brez davka)"
"Show product type?","Prikaži vrsto izdelka?"
"Show product-level gift messages?","Prikaži darilo sporočil ravni izdelka?"
"Show purchase order #?","Prikaži naročilnice #?"
"Show qty as:","Prikaži kol, kot so:"
"Show return address?","Prikaži povratni naslov?"
"Show Sheet Grand Total with Tax/ without Tax","Prikaži Sheet Grand Skupaj z davku / brez davka"
"Show Sheet Total","Prikaži Sheet Skupaj"
"Show Sheet Total with Tax/ without Tax","Prikaži Sheet Skupaj z DDV / brez davka"
"Show shelving info?","Prikaži regali informacij?"
"Show Ship Grand Total","Prikaži Ladja Grand Total"
"Show Ship Tax Total","Prikaži Ladja Davek skupaj"
"Show Ship Total (no Tax)","Prikaži Ladja Skupaj (brez davka)"
"Show shipping address at top?","Prikaži naslov za dostavo na vrhu?"
"Show shipping address title?","Prikaži naslov naslov za dostavo?"
"Show shipping address?","Prikaži naslov za dostavo?"
"Show shipping carrier?","Prikaži ladijskega prevoznika?"
"Show shipping method?","Prikaži način dostave?"
"Show Shipping Price?","Prikaži prevoz Cena?"
"Show Shipping subtotal?","Prikaži dostave delno vsoto?"
"Show shipping warehouse?","Prikaži ladijskega skladišča?"
"Show simple product name","Prikaži preprosto ime izdelka"
"Show SKU?","Prikaži SKU?"
"Show Source in subtotal?","Prikaži Vir v vsot?"
"Show specific attribute?","Prikaži posebno lastnost?"
"Show Spent Points?","Prikaži preživel točke?"
"Show stock alert below...","Prikaži opozorilo zaloge spodaj ..."
"Show stock alerts?","Prikaži opozorila zalog?"
"Show stock qty?","Prikaži zaloge Kol?"
"Show subtotal?","Prikaži delno vsoto?"
"Show Subtotals?","Prikaži Delne vsote?"
"Show tax breakdown?","Prikaži davčne zlom?"
"Show tax separately?","Prikaži davek ločeno?"
"Show tickbox 2nd?","Prikaži Potrditveno polje 2.?"
"Show tickbox?","Prikaži potrditveno polje Vidno?"
"Show total discount?","Pokaži skupno popust?"
"Show Total Due?","Prikaži Skupaj Due?"
"Show Total Order","Prikaži Skupaj red"
"Show Total Paid?","Prikaži Skupaj plačano?"
"Show total shipping?","Prikaži celotno ladijski promet?"
"Show total tax?","Prikaži celotno davka?"
"Show total weight?","Prikaži celotno težo?"
"Show tracking number as barcode?","Prikaži številko za sledenje kot črtne kode?"
"Show tracking number?","Prikaži številko za sledenje?"
"Show unit price?","Prikaži cena na enoto?"
"Show unit tax Total","Prikaži davčno enoto Skupaj"
"Show unit tax?","Prikaži davka enote?"
"Show which date?","Pokaži kateri datum?"
"Show which Store-Pickup details?","Pokaži ki Store-Pickup podrobnosti?"
"Show which value for configurable product names?","Pokaži kateri vrednost za nastavljivih imen izdelkov?"
"Show which value for product names?","Pokaži kateri vrednost za imena izdelkov?"
"Show WSA Store-Pickup details?","Prikaži WSA Store-Pickup podrobnosti?"
"Show zero-value discount?","Prikaži ničelno vrednost popust?"
"Show zero-value shipping?","Prikaži ničelno vrednost ladijski promet?"
"Show zero-value tax?","Prikaži davek ničelno vrednost?"
"Show Zipcode barcode?","Prikaži poštno številko črtne kode?"
"Show?","Pokaži?"
"Shows item if stock below this; Default: 1","Prikazuje element, če staleža pod to; Privzeto: 1"
"Shows SKU in red if stock below this number","Kaže SKU v rdeči barvi, če staleža pod to številko"
"Signature line?","Podpis linija?"
"Simple product name","Enostavno ime izdelka"
"Simple product name, even in configurable","Enostavno ime izdelka, celo nastavljiv"
"Size","Velikost"
"Size attribute","Velikost atribut"
"Size X-pos.","Velikost X-pos."
"SKU barcode column title","SKU naslov črtne kode stolpec"
"SKU column title","SKU naslov stolpca"
"SKU position","položaj SKU"
"SKU X-pos.","SKU X-pos."
"SKU?","SKU?"
"Small Image","Mala slika"
"Sort bundle children?","Razvrsti snop otroci?"
"Sort by :","Razvrsti po :"
"Sort direction :","Smer razvrščanja:"
"Sort items by :","Razvrsti postavke po:"
"Sort product lists by :","Seznami Razvrsti izdelkov po:"
"Sort product lists?","Seznami Razvrsti izdelka?"
"Sort products by :","Razvrsti produkte po:"
"Sort Secondary by :","Razvrsti Sekundarna po:"
"Sorting attribute :","Sortiranje atribut:"
"Spacer character:","Spacer znak:"
"Specific font-size for Town/State/Zip","Specifična font-size za mestno / državno / Zip"
"Split &amp; group bundle parents and children/simple-products separately","Split & amp; skupina snop starše in otroke / preprosti proizvodi ločeno"
"Split by logged-in user?","Split s prijavljenimi uporabnik?"
"Split PDFs by supplier","Split PDF dobavitelja"
"Standard : shipping on left, billing on right","Standard: ladijski promet na levi, obračun na desni"
"Star specific value?","Zvezda posebno vrednost?"
"Start from fixed Y-Pos?","Start iz fiksnega Y-Pos?"
"Start overflow pages where?","Začetek overflow strani, kjer?"
"Start with 'From :' to have that a different size","Začnite z "Od:", da ima to drugačen velikost"
"Status","Status"
"Stock alert below...","Stock opozorilo spodaj ..."
"Stock alerts?","opozorila zalog?"
"Stock Filter","Stock Filter"
"Store","trgovina"
"Strip line breaks and commas?","Strip prelomi vrstic in vejice?"
"Strip linebreaks from non-address fields in CSV exports?","Strip prelome vrstic iz non-naslov področjih v CSV?"
"Strip linebreaks in gift messages?","Strip prelome vrstic v darilo sporočil?"
"Strip linebreaks in order comments?","Strip prelome vrstic, da komentarje?"
"Style","Style"
"Subheadings : Color","Podnaslovi: Barva"
"Subheadings : Font","Podnaslovi: Font"
"Subheadings : Size","Podnaslovi: Velikost"
"Subheadings : Style","Z davkom."
"Subsection height","davčna"
"Subtotal align","Z davkom."
"Subtotal Labels X-pos","Vmesni seštevek Nalepke X-pos"
"Subtotal Numbers X-pos","Vmesni seštevek Številke X-pos"
"Suggested : [blank] or 'billing details'","Predlagane: [prazne] ali "Podatki za obračun""
"Suggested : [blank] or 'Ship","Predlagane: [prazno] ali "Ladja"
"Suggested : [blank] or 'shipping details'","Predlagane: [prazne] ali "podrobnosti pošiljanja""
"Supplier  'login'","Dobavitelja "login""
"Supplier attribute","atribut dobavitelj"
"Supplier options","možnosti dobavitelj"
"Supplier username:suppliername","uporabniško ime Dobavitelj: suppliername"
"Switched, billing on donw, shipping on up","Vklopljen, obračun na donw, ladijski promet gor"
"Switched, billing on left, shipping on right","Vklopljen, obračun na levi, ladijski promet na desni"
"T: ","T:"
"Take product name from:","Vzemite ime izdelka iz:"
"Tax column title","Davčna naslov stolpca"
"Tax display method","Metoda Davčna prikaz"
"Tax Incl.","Z davkom."
"Tax Label","davčna Label"
"Tax Label Incl.","Davčna Label Incl."
"Tax paid?","Plačan davek?"
"Teando Delivery Options?","Teando Dostava možnosti?"
"Temando Delivery Options?","Temando Dostava možnosti?"
"Text","Besedilo"
"Text for 'Packed 2 by' note :","Besedilo za "Lunch 2 z" opombo:"
"Thailand CN22 Label Image","Tajska CN22 Label slike"
"This needs the <b><a href="https://moogento.com/shipeasy" target="_blank">shipEasy</a></b> extension to work","Ta potrebuje <b> <a href="https://moogento.com/shipeasy" target="_blank"> shipEasy </a> </ b> razširitev dela"
"This option will work if you have installed Gift Wrap feature of Magento Enterprise","Ta možnost bo delovala, če ste namestili Gift Wrap značilnost Magento Enterprise"
"This option will work if you have installed warehouse extension.","Ta možnost bo delovala, če ste namestili razširitev skladišča."
"This sets: Packing Sheets, Invoices, Picklists.","Ta določa: Embalaža listi, računi, Picklists."
"This will add an info label at the end of every print run.","To bo pripomoglo oznako info na koncu vsakega nakladi."
"This will be added to each order's total weight","To bo dodan k skupni teži vsako naročilo stranke"
"This will create different pick lists per supplier","To bo ustvarilo različne sezname kramp na dobavitelja"
"This will group all products by their category (useful for outbound customs declarations)","To bo skupina vsi izdelki po svoji kategoriji (uporabne za odhodne carinske deklaracije)"
"This will move the image on each label","To bo premik slike na vsaki etiketi"
"This will slow down PDF generation by a lot, so leave 'No' unless you really need it","To bo upočasnilo ustvarjanje PDF z veliko, tako da pusti "ne", če jo zares potrebujete"
"Thumbnail","Thumbnail"
"Tickbox 2nd Xpos","Potrditveno polje 2. Xpos"
"Tickbox 2nd?","Potrditveno polje 2.?"
"Tickbox Xpos","Potrditveno polje Xpos"
"Tickbox?","Potrditveno polje?"
"Time","čas"
"Tip : Use short title(s) if you choose 'beside'","Nasvet: Uporabite kratek naziv (e) če izberete "poleg""
"Title","Naslov"
"Title text","Naslov besedila"
"Titlebars Bkg Color","Naslovni vrstici BKG Color"
"Today\'s Date","Danes \ 's Datum"
"Top address padding","Top naslov oblazinjenje"
"Top Left","Top levo"
"Top of page","Na vrh strani"
"Top-left Ribbon","Top levem traku"
"Total invoiced items count?","Skupaj fakturirane postavke šteje?"
"Total items count?","Skupaj postavke šteje?"
"Total order count?","Skupno naročilo šteje?"
"Total paid column","Skupaj plačano stolpec"
"Total paid for each SKU?","Skupaj plača za vsako SKU?"
"Total paid?","Skupaj plačano?"
"Total price column title","Skupna naslov stolpca cena"
"Total product qty title","Skupaj produkt Kol"
"Total shipped items count?","Skupaj odpremljeni postavke šteje?"
"Total shipping paid?","Skupni ladijski plačal?"
"Total weight?","Totalna teža?"
"Tracking number font size","Sledenje številka velikost pisave"
"Tracking Number?","Številka za sledenje?"
"Trigger statuses","Trigger statusi"
"Trim long content?","Trim dolgo vsebine?"
"Trim long?","Trim dolgo?"
"Trim long SKUs?","Trim dolge SKU?"
"Trim Product Name","Trim Ime izdelka"
"Trim Product Name?","Trim ime izdelka?"
"Trim SKU?","Trim SKU?"
"Trim?","Trim?"
"Truncate items to fit in columns?","Odsekana predmetov, da se prilega v stolpcih?"
"UK CN22 Label Image","UK CN22 Label slike"
"Under product-list message","Under izdelek na seznam sporočil"
"Under product-list Message A","Pod izdelek-seznam sporočil A"
"Under product-list Message B","Pod izdelek-seznam sporočil B"
"Under shipping details","Pod podrobnosti o pošiljanju"
"Unhold?","Aktiviraj?"
"Unit price column title","Enota naslov stolpca cena"
"Unit price title","Naslov cena na enoto"
"Unit tax title","Davek enota naslov"
"Unit tax title?","Enota naslov davek?"
"Update after process","Posodobitev po postopku"
"Update Order Attribute","Posodobitev za naročilo Lastnost"
"Update shipEasy Flag","Update shipEasy Zastava"
"Upload a .ttf or .otf font file","Naložite .TTF ali .otf pisave datoteko"
"Upload a .ttf or .otf font file <br />'Font style' settings","Nalaganje datotek <br je .ttf ali .otf pisave /> nastavitve "slog pisave""
"Upload a .ttf or .otf font file <br />'Font style' settings are ignored with custom fonts","Nalaganje datotek <br je .ttf ali .otf pisave /> nastavitve "slog pisave", se ne upoštevajo pri pisave po meri"
"Upload a .ttf or .otf font file'Font style' settings","Naložite .TTF ali .otf nastavitve pisave file'Font sloga ""
"Upload a .ttf or .otf font file<br />'Font style' settings are ignored with custom fonts","Nalaganje datotek <br je .ttf ali .otf pisave /> nastavitve "slog pisave", se ne upoštevajo pri pisave po meri"
"Upsize + bold qty, if qty = 2+","Upsize + krepko kol, če Kol = 2+"
"USA CN22 Label Image","ZDA CN22 Label slike"
"Use <b>courierRules</b> generated shipping label?","Uporabite <b> courierRules </ b> ustvari nalepko za embalažo?"
"Use as a way to constrain the address inside a specific label or area","Uporabiti kot način omejiti naslov znotraj posebne oznake ali območja"
"Use GFS Shipping Labels?","Uporabite Nalepke GFS prevoz?"
"Use logged-in language","Uporabite prijavljenega v jezik"
"Use Magento Grand Total?","Uporabite Magento Grand Skupaj?"
"Use Magento subtotals?","Uporabite Magento delne vsote?"
"Use order storeview language","Uporabite naročila storeview jezik"
"Use together with 'Update shipEasy Flag' -> 'Yes, Printed'","Uporabite skupaj z "Update shipEasy Flag '->' Da, Printed""
"Use what language and when?","Uporabi kakšen jezik in kdaj?"
"Use which image?","Uporabo, ki slika?"
"Use which?","Uporabite kateri?"
"Uses header logo from Packing Sheet","Uporablja glave logotip od Pakiranje Sheet"
"Using One Step Checkout (Magestore) delivery date","Uporaba One Step Checkout (Magestore) datum dostave"
"Usually goes at page base - handy for QC","Ponavadi gre v stran baze - priročen za QC"
"Value","vrednost"
"Vert Line","vert Line"
"Warehouse?","Skladišče?"
"Weight Based number?","Masa Na številka?"
"Weight Based?","Masa Na?"
"Weight multiplier","Teža multiplikator"
"Weight rounding","Teža zaokroževanja"
"Weight unit","Teža enote"
"Weight unit:","Teža enote:"
"What is your word for 'tax'?","Kaj je tvoja beseda za "davek"?"
"Where to position custom product attributes on the picklists.<br />Default: Columns","Kje postaviti po meri lastnosti izdelka na picklists <br /> Privzeto:. Stolpce"
"Which Aitoc attribute codes?","Ki Aitoc atribut kode?"
"Which Options?","Katere možnosti?"
"Which value for configurable product names?","Katera vrednost za nastavljivih imen izdelkov?"
"Which?","Kateri?"
"Width","širina"
"X days after printing date?","X dni po datumu tiskanje?"
"X-Nudge","X-Nudge"
"X-pos","X-pos"
"X-Pos [434]","X-Pos [434]"
"X-Pos.  images 222","X-Pos. slike 222"
"X-Pos. attr. 2","X-Pos. attr. 2"
"X-Pos. attr. 2 (+ prices col)","X-Pos. attr. 2 (+ cene col)"
"X-Pos. attr. 2 (+ prices, tax cols)","X-Pos. attr. 2 (+ cene, davčne stolpcev)"
"X-Pos. attr. 3","X-Pos. attr. 3"
"X-Pos. attr. 3 (+ prices col)","X-Pos. attr. 3 (+ cene col)"
"X-Pos. attr. 3 (+ prices, tax cols)","X-Pos. attr. 3 (+ cene, davčne stolpcev)"
"X-Pos. barcodes","X-Pos. črtne kode"
"X-Pos. custom product options","X-Pos. Možnosti meri izdelkov"
"X-Pos. custom product options (+ prices col)","X-Pos. Možnosti meri izdelkov (+ cene col)"
"X-Pos. custom product options (+ prices, tax cols)","X-Pos. Možnosti meri izdelkov (+ cene, davčne COLS)"
"X-Pos. date","X-Pos. datum"
"X-Pos. images","X-Pos. slike"
"X-Pos. images (+ prices col)","X-Pos. slike (+ cene col)"
"X-Pos. images (+ prices, tax cols)","X-Pos. slike (+ cene, davčne stolpcev)"
"X-Pos. name","X-Pos. ime"
"X-Pos. name (+ prices col)","X-Pos. Ime (+ cene col)"
"X-Pos. name (+ prices, tax cols)","X-Pos. Ime (+ cene, davčne stolpcev)"
"X-Pos. numbered list","X-Pos. oštevilčen seznam"
"X-Pos. numbered list bundle children","X-Pos. oštevilčene snop otroci seznam"
"X-Pos. product discount","X-Pos. popust izdelek"
"X-Pos. product discount?","X-Pos. popust izdelek?"
#N/A
"X-Pos. product line total?","X-Pos. Linija izdelkov skupaj?"
"X-Pos. qty","X-Pos. Preberi več"
"X-Pos. qty (+ prices col)","X-Pos. kol (+ cene col)"
"X-Pos. qty (+ prices, tax cols)","X-Pos. Kol (+ cene, davčne COLS)"
"X-Pos. shelf","X-Pos. polica"
"X-Pos. shelf (+ prices col)","X-Pos. Polica (+ cene col)"
"X-Pos. shelf (+ prices, tax cols)","X-Pos. Polica (+ cene, davčne stolpcev)"
"X-Pos. sku","X-Pos. sku"
"X-Pos. sku (+ prices col)","X-Pos. sku (+ cene col)"
"X-Pos. sku (+ prices, tax cols)","X-Pos. SKU (+ cene, davčne COLS)"
"X-Pos. SKU barcode","X-Pos. SKU črtne kode"
"X-Pos. SKU barcode (+ prices col)","X-Pos. SKU črtne kode (+ cene col)"
"X-Pos. SKU barcode (+ prices, tax cols)","X-Pos. SKU črtne kode (+ cene, davčne stolpcev)"
"X-Pos. tickbox","X-Pos. Potrditveno polje"
"X-Pos. tickbox (+ prices col)","X-Pos. Potrditveno polje (+ cene col)"
"X-Pos. tickbox (+ prices, tax cols)","X-Pos. potrditveno polje Vidno (+ cene, davčne COLS)"
"X-Pos. total price","X-Pos. skupna cena"
"X-Pos. total price (+ tax col)","X-Pos. Skupna cena (+ davek col)"
"X-Pos. unit price","X-Pos. cena na enoto"
"X-Pos. unit price (+ tax col)","X-Pos. cena na enoto (+ davek col)"
"X-Pos. unit tax","X-Pos. davek enota"
"X-Pos. unit tax?","X-Pos. Davek na enoto?"
"XML/CSV Cargo Packing Sheet","XML / CSV pakiranje tovora Sheet"
"Xpos name","ime Xpos"
"Xpos qty","Xpos kol"
"Xpos shelving","Xpos regali"
"Y-pos","Y-pos"
"Yes","Da"
"Yes (After tax)","Da (po obdavčitvi)"
"Yes (item custom attribute with specific date)","Da (postavka meri atribut z določenim datumom)"
"Yes (Multiple products)","Da (več izdelkov)"
"Yes (Single products)","Da (Posamezne izdelki)"
"Yes in Packing Sheets & Invoices Only","Da v Embalaža listi in računov Only"
"Yes in Picklists Only","Da v Picklists samo"
"Yes, *not* including email","Ja, * ne *, vključno z e-pošte"
"Yes, 2 messages, depending on customer group","Ja, 2 sporočila, odvisno od skupine kupcev"
"Yes, after shipping address","Da, po naslov za pošiljanje"
"Yes, an image","Ja, slika"
"Yes, and don\'t include date","Ja, in ne \ 't vključujejo datum"
"Yes, and double-quote quotes","Ja, in kotacije dvojni narekovaj"
"Yes, and include date","Ja, in vključujejo datum"
"Yes, and strip all quotes","Ja, in strip vse ponudbe"
"Yes, average price paid (taken from invoice row)","Da, povprečna odkupna cena (vzeto iz računa vrsti)"
"Yes, before shipping address","Ja, pred naslov za pošiljanje"
"Yes, below product line, linear","Da, pod linijo izdelkov, linearni"
"Yes, below product line, stacked","Da, pod linijo izdelkov, zložene"
"Yes, below product line, stacked & boxed","Da, pod linijo izdelkov, zložene in boxed"
"Yes, both in a Tax column and a Tax subtotal","Da, tako v davku na kolono in davku vsot"
"Yes, by Order Attribute","Da, z Odredbo atributa"
"Yes, by Order Status","Da, s Stanje naloga"
"Yes, by Shipping Method","Da, s način dostave"
"YES, CAPITALISE","DA, CAPITALISE"
"Yes, Child (Simple product full SKU (include option))","Ja, otrok (Simple izdelek polni SKU (vključuje možnost))"
"Yes, Child (Simple product full SKU, including product options)","Ja, otrok (Simple izdelek polni SKU, vključno z možnostmi izdelkov)"
"Yes, Child (Simple product SKU **Default**)","Ja, otrok (Simple izdelka SKU ** Privzeti **)"
"Yes, Child (Simple product)","Ja, otrok (Simple izdelek)"
"Yes, combined in movable box","Da, združeni v premične škatle"
"Yes, combined in new page","Da, združeni v novo stran"
"Yes, combined in positionable box","Da, združeni v pozicionirati polju"
"Yes, combined under products list","Da, združijo v seznamu izdelkov"
"Yes, combined under shipping address","Da, združijo v naslov za pošiljanje"
"Yes, combo attributes","Da, combo atributi"
"Yes, concise","Da, jedrnato"
"Yes, count each option as a separate SKU","Ja, šteje vsak možnost kot ločen SKU"
"Yes, count each option as a separate SKU, grouped under parent product","Ja, šteje vsak možnost kot ločen SKU, združena pod matično izdelka"
"Yes, custom attribute","Da, atribut po meri"
"Yes, depending on Country Group","Ja, glede na skupino držav"
"Yes, filter by notes text","Ja, filter s opombe besedilom"
"Yes, fixed text","Ja, osnovna besedila"
"Yes, for Pick Lists and Packing Sheets","Ja, za Seznami komisioniranja in pakiranje Sheets"
"Yes, from custom attribute","Da, od atributa po meri"
"Yes, full SKU","Da, polna SKU"
"Yes, Garuda [good for: Thai, Latin]","Da, Garuda [dobra za: tajske, latinsko]"
"Yes, grayed out","Da, zatemnjen"
"Yes, group parent SKUs and option SKUs","Ja, skupina staršev SKU in možnost SKU"
"Yes, in a Tax column","Da, v davku stolpcu"
"Yes, in a Tax subtotal","Da, v davku vsot"
"Yes, in page base","Da, v stran baze"
"Yes, in positionable box (handy for tear-off labels)","Da, v pozicionirati polju (priročen za nalepke odtrganja)"
"Yes, in separate column","Da, v posebnem stolpcu"
"Yes, in title","Da, v naslovu"
"Yes, incl. tax","Da, vklj. davek"
"Yes, including email","Ja, vključno z e-pošte"
"Yes, inline with product SKU","Da, inline z izdelka SKU"
"Yes, Invoice ID","Da, ID računa"
"Yes, Kinnari (similar to Georgia) [good for: Thai, Latin]","Da, Kinnari (podobno kot v Gruziji) [dobra za: Thai, latinsko]"
"Yes, Marketplace Order ID","Da, Marketplace ID naročila"
"Yes, MS Gothic [large filesize, good for: Japanese, Latin]","Ja, MS Gothic [velika velikost datoteke, dobra za: japonski, Latinska]"
"Yes, new line for each, under product SKU","Ja, nova linija za vsak pod izdelka SKU"
"Yes, on a new page","Ja, na novo stran"
"Yes, on same label","Ja, na isti etiketi"
"Yes, on separate label","Da, na posebni nalepki"
"Yes, one message, horizontal strip","Ja, eno sporočilo, horizontalni trak"
"Yes, one message, positionable box","Ja, eno sporočilo, pozicionirati box"
"Yes, one product per label","Ja, en izdelek na nalepki"
"Yes, only output Invoiced items","Da, samo izhod Obračunani postavke"
"Yes, only output Shipped items","Da, samo izhod poslano postavke"
"Yes, order details + shipping label","Ja, podrobnosti naroči + nalepka ladijski promet"
"Yes, order details only","Ja, podrobnosti bi le"
"Yes, Order ID","Da, ID naročila"
"Yes, Parent (Configurable parent **Default**)","Da, Parent (Nastavljiv matična ** Privzeti **)"
"Yes, Parent (Configurable parent SKU)","Da, Parent (Nastavljiv matična SKU)"
"Yes, product category","Da, kategorijo izdelkov"
"Yes, product ID","Da, ID izdelka"
"Yes, product name","Da, ime izdelka"
"Yes, product SKU","Da, izdelek SKU"
"Yes, Purisa (similar to Comic Sans) [good for: Thai, Latin]","Da, Purisa (podobno Comic Sans) [dobra za: Thai, Latinska]"
"Yes, Sawasdee [good for: Thai, Latin]","Da, Sawasdee [dobra za: tajske, latinsko]"
"Yes, shipping label only","le da, nalepko za embalažo"
"Yes, show only notes tagged \'visible on frontend\'","Da, kažejo samo opombe označene \ 'viden na čelnega \'"
"Yes, Simplified Chinese [good for: Chinese]","Da, Simplified kitajski [dobra za: Chinese]"
"Yes, split parent SKUs if option SKUs vary","Ja, po delih matična SKU če možnost SKU razlikujejo"
"Yes, standard fonts [large filesize, good for accented Latin]","Da, standardne pisave [velika velikost datoteke, dobre za naglašeni latinsko]"
"Yes, Tahoma [medium filesize, good for: Arabic, Latin]","Da, Tahoma [srednja velikost datoteke, dobro: arabskem, Latinska]"
"Yes, to 0 decimal places","Da, za 0 decimalna mesta"
"Yes, total product cost price","Da, skupni izdelek cena"
"Yes, total sold price, excluding shipping","Da, skupaj prodal cena, brez poštnine"
"Yes, total sold price, including shipping","Da, skupaj prodal ceno, tudi ladijski promet"
"Yes, Traditional Chinese [good for: Chinese]","Ja, tradicionalna kitajska [dobra za: kitajski]"
"Yes, under individual product","Da, v okviru posameznega izdelka"
"Yes, under product list","Da, v skladu s seznamom izdelkov"
"Yes, up to a pallet","Da, do palete"
"Yes, Uppercase","Da, Velike črke"
"Yes, with no tax info","Da, brez davčnih informacij"
"Yes, with Tax","Da, z davčnimi"
"Yes, with VAT info","Da, z info DDV"
"Yes: bold","Da: bold"
"Yes: bold & underline","Da: krepko in podčrtano"
"Yes: bold, underlined & red","Da: krepko, poudaril & red"
"Yes: boxed","Da: boxed"
"You need courierRules installed for this to work. This will use the specific label generated by courierRules.","Če ga želite courierRules nameščeni za to delo. To bo uporabil posebno oznako, ki nastane courierRules."
"Filter/split by supplier?","Filter / split dobavitelj?"
"'Combined Packing Sheet/Invoice' grouped by Order ID?",""Kombiniran Pakiranje list / Račun" združeni s sklepom ID?"
"Reset pickPack","Reset pickPack"
"Export pickPack Settings","Izvoz pickPack Nastavitve"
"Import pickPack Settings","Uvozna pickPack Nastavitve"
"'PDF Invoice & Packing Sheet' Sort",""PDF računa & Packing list" Razvrsti"
"Customise CSVs","Prilagajanje datoteke CSV"
"Customise PDFs","Prilagodite PDF"
"Customise Admin/Frontend Options","Prilagodite Admin / začelje Možnosti"
"pickPack User Guide","pickPack Navodila"
"Moogento Store","Moogento Store"