"'Allowance' column title","'Ödeneği' sütunu başlığı"
"'Attribute 1' column","'Özellik 1' sütunu"
"'Attribute 2' column","'Özellik 2' sütunu"
"'Attribute 3' column","'Özellik 3' sütunu"
"'Attribute 4' column","'Özellik 4' sütunu"
"'Attribute Combine' column","sütunu 'Kombine Özellik'"
"'Product barcode' column","'Ürün barkod' sütunu"
"'Product images' column","'Ürün images' sütunu"
"'Product name' column","'Ürün adı' sütunu"
"'Product weight' column","'Ürün ağırlığı' sütunu"
"'Qty' column","'Adet' sütunu"
"'ship-address' and 'bill-address' column format","'Gemi adresi' ve 'bill-adres' sütunu biçimi"
"'ship-address' and' bill-address' column format","'Gemi adresi' ve 'bill-adres' sütunu biçimi"
"'SKU' column","'SKU' sütunu"
"'Stock qty' column","'Stok qty' sütunu"
"'Stock warning' column","'Stok uyarısı' sütunu"
"'Tick boxes' next to item SKUs?","Ürünü SKU'lar yanındaki 'Kene kutuları'?"
"'Tickbox 2nd' column","'Tickbox 2nd' sütunu"
"'Tickbox' column","'Tickbox' sütunu"
"'Warehouse' column","'Antrepo' sütunu"
"(%) Default is 100%","(%) Standart% 100"
"(Attribute must exist)","(Özellik bulunmalıdır)"
"(Default : "Total Price Col" X-Pos)","(Varsayılan: "Toplam Fiyat Col" X-Pos)"
"(Default:No)","(Varsayılan: Yok)"
"(Default:Yes)","(Varsayılan: Evet)"
"(negative to shift it down)","(Negatif aşağı kaydırmaya)"
"(standard for invoices)","(Faturalar için standart)"
"(Tip: Upload placeholder images in Config > Catalog)","(İpucu: Config'de yükle tutucu görüntüleri> Katalog)"
"(Upload placeholder images in Config > Catalog)","(Config'de Yükleme tutucu görüntüleri> Katalog)"
"(Used if 'Position of shelving info' set to 'Columns')","( 'Sütunlar' ayarlanmış 'bilgi raf Kadrosuna' eğer Kullanılan)"
"['Payment due ']","[ 'Ödeme nedeniyle']"
"[#000000] (#HEX colour code)","[# 000000] (# onaltılı renk kodu)"
"[#111111] (#HEX colour code)","[# 111111] (# onaltılı renk kodu)"
"[#5BA638] (#HEX colour code)","[# 5BA638] (# onaltılı renk kodu)"
"[#87CEEB] (#HEX colour code)","[# 87CEEB] (# onaltılı renk kodu)"
"[#8AC371] (#HEX colour code)","[# 8AC371] (# onaltılı renk kodu)"
"[#FFFFFF] (#HEX colour code)","[#FFFFFF] (# Onaltılı renk kodu)"
"[10] (negative to shift it down)","[10] (negatif aşağı kaydırmaya)"
"[10] (negative to shift it down)<br />(Make about half image height to center text)<br />(If you need to show options, probably don't shift)","[10] (negatif aşağı kaydırmaya) <br /> (eğer seçenekleri göstermek gerekiyorsa, muhtemelen vardiya yok) /> <br (metin merkezi yarım görüntü yüksekliği hakkında olun)"
"[10pt]/5pt (top/bottom), 5pt (left/right)","[10pt] / 5pt (üst / alt), 5pt (sol / sağ)"
"[15pt] - Set larger to print a larger barcode","[15pt] - Daha büyük bir barkod yazdırmak için büyük ayarlayın"
"[30] - Set to same as Sku X-Pos to print barcode under Sku","[30] - SKU altında barkod yazdırmak için Sku X-Pos aynı ayarlayın"
"[blank]","[boş]"
"[Default = No]","[Varsayılan = Hayır]"
"[Equal]","[Eşit]"
"[Invoice then Packing Sheet]","[Fatura sonra Paketleme Levha]"
"[Italic]","[İtalik]"
"[More than]","[Daha fazla]"
"[No]","[Yok hayır]"
"[No] : Default","[Hayır]: Varsayılan"
"[No] (No = Word-wrap)","[No] (Hayır = Kelime-wrap)"
"[No] If set to yes, gift messages will print with this font.","evet ayarlanırsa [Hayır], hediye mesajları bu yazı ile basacaktır."
"[OpenSans]","[OpenSans]"
"[Packing Sheet then Invoice]","[Sonra Fatura Sayfası Ambalaj]"
"[Partially: Lines top &amp; bottom]","[Kısmen: Çizgiler üst ve amp; alt]"
"[price]","[fiyat]"
"[qty]","[Qty]"
"[Regular]","[Düzenli]"
"[sku]","[Sku]"
"[stock]","[Stok]"
"[Yes (from Magento)]","[Evet (Magento itibaren)]"
"[Yes]","[Evet]"
"[Yes] : Default;","[Evet]: Varsayılan;"
"[Yes] (Adds 'Included' to tax label)","[Evet] (ekler vergi etikete 'Dahil')"
"[Yes] (No = Word-wrap)","[Evet] (Hayır = Kelime-wrap)"
"[Yes]<br />- If you have slightly 'dirty data' (eg. product names with linebreaks in) set this to yes.","[Evet] <br /> - (. Örn linebreaks ile ürün adları) varsa biraz 'kirli veri evet' Bu ayarlayın."
"[Yes]<br />- If you have spreadsheet cells getting mixed up, check this is turned on.<br />- If set to Yes, set the spreadsheet importer to 'Fields de-limited by " character'.","[Evet] <br /> -. Yukarı karışması tablo hücreleri varsa, bu açık olup olmadığını kontrol edin <br /> - 'Fields karakter "tarafından de sınırlı' için tablo ileti ayarlamak Evet ayarlanırsa."
"&nbsp;&nbsp;Custom Value","& Nbsp; & nbsp; Özel Değeri"
"&nbsp;&nbsp;Value","& Nbsp; & nbsp; Değeri"
"&nbsp;Eg. enter 'Captured amount' to not show authorize.net payments<br / >Separate multiple phrases by the pipe character: <b>|</b>","& Nbsp; Örneğin. authorize.net ödemeler boru karakteriyle /> Ayrı birden ifadeler <br göstermek değil 'Yakalanan miktarı' girin: <b> | </ b>"
"<b>Default Label dimensions (portrait):</b>","<B> Varsayılan Etiket boyutları (dikey): </ b>"
"<b>Label dimensions:250,200</b>","<B> Etiket boyutları: 250200 </ b>"
"<div class="column_config_section" style="width:60%!important">","<Div class = "column_config_section" style = "width: 60% önemli">"
"<div class="column_config_section">","<Div class = "column_config_section">"
"<div class="column_config_section"><div class="column_config_para" style="margin-top: -12em;"><b>Structure:</b> <span class = "comment_code">{if X}</span><span class = "comment_code">{X}</span>,|<span  class = "comment_code">{/if}</span><br /><b>Can use these codes: </b><br /><span class = "comment_code">{prefix}</span><span  class = "comment_code">{name}</span><span class = "comment_code">{firstname}</span><span class = "comment_code">{lastname}</span><span  class = "comment_code">{suffix}</span><span class = "comment_code">{company}</span><span class = "comment_code">{street}</span><span  class = "comment_code">{city}</span><span class = "comment_code">{postcode}</span><span class = "comment_code">{country}</span><br />","<Div class = "column_config_section"> <div class = "column_config_para" style = "margin-top: -12em;"> <b> Yapısı: </ b> <span class = "comment_code"> {if X} </ span> <span class = "comment_code"> {X} </ span>, | <span class = "comment_code"> {/ if} </ span> <br /> <> bu kodları kullanabilir miyim b: </ b > <br /> <span class = "comment_code"> {önek} </ span> <span class = "comment_code"> {name} </ span> <span class = "comment_code"> {ad} </ span> <span class = "comment_code"> {soyad} </ span> <span class = "comment_code"> {eki} </ span> <span class = "comment_code"> {şirket} </ span> <span class = " comment_code "> {sokak} </ span> <span class =" comment_code "> {şehir} </ span> <span class =" comment_code "> {posta kodu} </ span> <span class =" comment_code "> {ülke <br />} </ span>"
"<div class="column_config_section"><div class="column_config_para" style="margin-top: -7.5em;"><b>Structure:</b> <span class = "comment_code">{Attribute A}</span>,<span class = "comment_code">{Attribute  B}</span>","<Div class = "column_config_section"> <div class = "column_config_para" style = "margin-top: -7.5em;"> <b> Yapısı: </ b> <span class = "comment_code"> {A Özellik} < / span> <span class = "comment_code"> {B Özellik} </ span>"
"<div class="column_config_section"><div class="column_config_para" style="margin-top: -7.5em;"><b>Structure:</b> <span class = "comment_code">{if x}</span><span class = "comment_code">{x}</span>,|<span  class = "comment_code">{/if}</span><br /><b>Can use these codes: </b><br /><span class = "comment_code">{prefix}</span><span  class = "comment_code">{name}</span><span class = "comment_code">{firstname}</span><span class = "comment_code">{lastname}</span><span  class = "comment_code">{suffix}</span><span class = "comment_code">{company}</span><span class = "comment_code">{street}</span><span  class = "comment_code">{city}</span><span class = "comment_code">{postcode}</span><span class = "comment_code">{country}</span><br />","<Div class = "column_config_section"> <div class = "column_config_para" style = "margin-top: -7.5em;"> <b> Yapısı: </ b> <span class = "comment_code"> {if x} < / span> <span class = "comment_code"> {x} </ span>, | <span class = "comment_code"> {/ if} </ span> <br /> <b> bu kodları kullanabilir miyim: </ b> <br /> <span class = "comment_code"> {önek} </ span> <span class = "comment_code"> {name} </ span> <span class = "comment_code"> {ad} </ span > <span class = "comment_code"> {soyad} </ span> <span class = "comment_code"> {eki} </ span> <span class = "comment_code"> {şirket} </ span> <span class = "comment_code"> {sokak} </ span> <span class = "comment_code"> {şehir} </ span> <span class = "comment_code"> {posta kodu} </ span> <span class = "comment_code"> { <br /> ülke} </ span>"
"<div class="column_config_section"><div class="column_config_para" style="margin-top: -7.5em;"><b>Structure:</b><br />","<Div class = "column_config_section"> <div class = "column_config_para" style = "margin-top: -7.5em;"> <b> Yapısı: </ b> <br />"
"<div class="column_config_section"><div class="column_config_para">[No] Some couriers (like Royal Mail) require no accents in shipping labels.</div></div>","<Div class = "column_config_section"> (Royal Mail gibi) <div class = "column_config_para"> [Hayır] Bazı kuryeler nakliye etiketleri hiçbir aksan gerektirir. </ Div> </ div>"
"<div class="column_config_section"><div class="column_config_para"><b>Structure:</b><br />","<Div class = "column_config_section"> <div class = "column_config_para"> Yapı <b>: </ b> <br />"
"<div class="column_config_section"><div class="column_config_para">eg. Put your country, then only overseas orders will have country added </div></div>","<Div class = "column_config_section"> <div class = "column_config_para"> örn. eklenen </ div> </ div> daha sonra sadece yurtdışı siparişleri ülkeye sahip olacak, ülkenizi koymak"
"<div class="column_config_section"><div class="column_config_para">If your PDFs print with missing or tofu (<b style="font-size:200%;font-weight:100;display:inline;position:relative;top:5px;">&#9647;</b>) characters, set this to 'Yes'.<br/>Setting this to 'Yes' will make your PDFs about 0.4mb bigger.<br/>If that doesn't work for you: set 'Customise fonts' to 'Yes'; then set 'Use non-roman characters to 'Yes'; then try the other font families.</div></div>","<Div class = "column_config_section"> <div class = "column_config_para"> PDFlerinizi eksik veya tofu ile yazdırırsanız (<b style = "font-size: 200%; font-weight: 100; display: inline; position: relative ; top: 5px; "> & # 9647; < 'Evet' bu set / b>) karakterleri, 'evet' büyük 0.4MB hakkında PDF yapacak bu ayarlama <br/> o takdirde <br/>.. sizin için işe yaramazsa: set 'Evet' 'yazı özelleştirin'; Daha sonra 'Evet' olmayan roman karakterleri kullan 'set; Daha sonra diğer font aileleri deneyin. </ div> </ div>"
"<div class="column_config_section"><div class="column_config_para">Set to the most prominent colour in your logo. [#8AC371]<br/>(Used for title borders).</div></div>","logonuzda en önemli renk ayarla <div class = "column_config_section"> <div class = "column_config_para">. [# 8AC371] <br/> (başlık sınırları için kullanılır). </ Div> </ div>"
"<div class="column_config_section"><div class="column_config_para">Use this if you need a specific cutoff point (eg for labels) which the auto-cutoff is going over","Eğer (etiketler için örneğin) Belirli bir kesim noktası gerekiyorsa <div class = "column_config_section"> <div class = "column_config_para"> bunu kullanın otomatik kesim üzerinde gidiyor hangi"
"<img src="//moogento.com/logo/moogento_tinylogo.lp.png" alt="Moogento" width="20" style="vertical-align:bottom;margin-left:-1px;"/> MOOGENTO Extensions","<Img src = "// moogento.com/logo/moogento_tinylogo.lp.png" alt = "Moogento" width = "20" style = "vertical-align: alt; margin-left: -1px;" /> MOOGENTO Uzantıları"
"18 Flag","18 Bayrak"
"2 places","2 yerler"
"21 Flag","21 Bayrak"
"2a Shipmethod match","2a Shipmethod maç"
"2b Shipmethod match","2b Shipmethod maç"
"2c Shipmethod match","2c Shipmethod maç"
"2d Country negative match","2d Ülke negatif eşleme"
"2nd attribute?","2 özellik?"
"2nd background image?","2 arka plan görüntüsü?"
"2nd Custom page title","2 Özel sayfa başlığı"
"2nd Image file","2 Görüntü dosyası"
"2nd Order attribute code","2 Sipariş kodu nitelik"
"2nd Order custom attribute?","2 Sipariş özel özellik?"
"2nd page title","2 sayfa başlığı"
"2nd Sort by :","2 Sıralama:"
"2nd sort direction :","2 sıralama yönü:"
"3 places","3 yerler"
"3rd attribute?","3 özellik?"
"4 places","4 yerler"
"4th attribute?","4 özellik?"
"Above address","adresinde yukarıda"
"According to the USPS all addresses should be capitalised to improve delivery time","USPS göre tüm adresler teslim süresini artırmak için büyük harfle olmalıdır"
"According to the USPS all addresses should be capitalised to improve delivery time and accuracy","USPS göre tüm adresler teslim süresi ve doğruluğu artırmak için büyük harfle olmalıdır"
"Action Menu Options","Eylem Menü Seçenekleri"
"Actual attribute code (eg: shelf)","Gerçek özellik kodu (örn: raf)"
"Add 'Packed by' note?","not 'ile Paketli' add?"
"Add <b><a href="https://moogento.com/autocn22">autoCN22</a> Customs label?</b>","Gümrük etiket <a href="https://moogento.com/autocn22"> autoCN22 <b> Ekle </ b>"
"Add 1 per line, exact attribute labels which you *don't* want to show","Her satıra sen * * göstermek istemiyorum tam özellik etiket 1 ekle"
"Add 2nd Order ID barcode?","2 Sipariş Kimliği barkod ekle?"
"Add 2nd shipping address?","2 gönderim adresi ekle?"
"Add 2nd shipping-type image?","2 nakliye tipi resim ekleyin?"
"Add 3rd shipping-type image?","3 nakliye tipi resim ekleyin?"
"Add a 2nd background image?","2. bir arka plan resmi ekleme?"
"Add a 2nd page title?","2. bir sayfa başlığı ekleyin?"
"Add a background image?","Bir arka plan resmi ekleme?"
"Add a flat shipping address?","Sabit bir gönderim adresi ekle?"
"Add address label?","adres etiketini ekle?"
"Add an <b>autoCN22</b> page?","<b> autoCN22 </ b> sayfasını ekle?"
"Add an <b>order-summary</b> label?","<b> sipariş özetini </ b> etiketi ekle?"
"Add company address to header?","şirket adresi başlık ekle?"
"Add company address?","şirket adresi ekleyin?"
"Add fixed weight?","Sabit ağırlık ekle?"
"Add flare to gift messages?","hediye mesajlarına parlama ekle?"
"Add flat shipping address?","Düz gönderim adresi ekle?"
"Add full-page background image?","tam sayfa arka plan resmi ekleme?"
"Add header logo?","başlık logosunu ekle?"
"Add image background to label?","görüntü arka plan etiket ekle?"
"Add letterhead?","antetli ekle?"
"Add logo?","logo ekleyin?"
"Add on right of SKU","SKU sağda ekle"
"Add Order ID above address?","adresi üzerinde Sipariş kimliğini ekle?"
"Add Order ID barcode?","Sipariş Kimliği barkod ekle?"
"Add ordered qty to stock-needed qty?","stok ihtiyaç duyulan qty emretti qty ekle?"
"Add page background image?","Sayfa arka plan resmi ekleme?"
"Add return address at bottom?","altta dönüş adresi ekle?"
"Add return address?","dönüş adresi ekle?"
"Add shipping address at bottom?","altta sevkıyat adresi ekle?"
"Add shipping label image?","nakliyat etiketi resim ekleyin?"
"Add shipping label?","nakliye etiket ekle?"
"Add shipping-type image?","nakliye tipi resim ekleyin?"
"Add static text?","Statik metin ekleme?"
"Add tax in order subtotal [Europe Standard]","Toplam sipariş vergi ekle [Avrupa Standardı]"
"Add tax to number?","numaraya vergi ekle?"
"Add tax to product line subtotal [US Standard]","ürün hattı alt toplam vergi eklemek [ABD Standart]"
"Add tracking number as barcode?","barkod olarak takip numarası ekle?"
"Add tracking number?","takip numarasını ekle?"
"Address format","Adres biçimi"
"Address label : Color","Adres etiketi: Renk"
"Address label : Font","Adres etiketi: Yazı"
"Address label : Size","Adres etiketi: Boyut"
"Address label : Style","Adres etiketi: Stil"
"Address text","Adres metin"
"Address text, Default","Adresi metin, Standart"
"Address text, Group 1","Adresi metin, Grup 1"
"Address text, Group 2","Adresi metin, Grup 2"
"Address text, Group 3","Adresi metin, Grup 3"
"Address-label Sheet Options","Adres-Etiket Sayfası Seçenekleri"
"Adds a field for shipping methods that don't come from WSA Store Pickup","WSA Mağaza Pickup gelmiyor nakliye yöntemleri için bir alan ekler"
"Admin: Order-view PDF Invoice and Packing Sheet button?","Yönetici: Sipariş görünümü PDF Fatura ve Paketleme Sayfası düğmesine?"
"Admin: Order-view PDF Invoice button?","Yönetici: Sipariş görünümü PDF Fatura düğmesi?"
"Admin: Order-view PDF Packing Sheet button?","Yönetici: Sipariş görünümü PDF Ambalaj Sayfası düğmesine?"
"Admin: Order-view PDF Zebra Label button?","Yönetici: Sipariş görünümü PDF Zebra Etiket düğmesi?"
"Admin: Order-view Resend Email button?","Yönetici: Sipariş görünüm Yeniden Gönder E-posta düğmesi?"
"Alert Flag","Uyarı Bayrağı"
"Align text : center","Metni align: merkezi"
"Align text : left","Metni align: left"
"All","tüm"
"All : non-interlaced <b>and</b> non-transparent .png","Tümü: titreşimsiz <b> ve </ b> 'şeffaf olmayan .png"
"Allow Customers to Make PDFs?","Müşteriler PDF'leri Make izin verilsin mi?"
"Alternate row color","Alternatif satır renk"
"Alternate row in picklists","picklists alternatif satır"
"Alternate, billing down, shipping up","Alternatif, fatura aşağı, yukarı nakliye"
"Always override &amp; use courierRules Shipping Connector Label if available?","Her zaman geçersiz ve amp; courierRules Nakliye Bağlayıcı etiket varsa kullanabilir miyim?"
"Amount to add","Tutar eklemek için"
"Angle Text","açı Metin"
"Angled Ribbon","açılı Şerit"
"Applies to Packing Sheets and Invoices, in the section which shows shipping method etc.","nakliye yöntemi vb gösterir bölümünde, Ambalaj Sheets ve Faturalar için de geçerlidir"
"Ascending","yükselen"
"Attr.(1) Xpos","Attr. (1) XPOS"
"Attr.(2) Xpos","Attr. (2) XPOS"
"Attr.(3) Xpos","Attr. (3) XPOS"
"Attr.(4) Xpos","Attr. (4) XPOS"
"Attribute 1","Özellik 1"
"Attribute 2","Özellik 2"
"Attribute 3","Özellik 3"
"Attribute 4","Özellik 4"
"Attribute code","Özellik kodu"
"Attribute code (eg. for shelving info, maybe you have an attribute: shelf)<br /><b>You need to have created this attribute, and assigned values for each product for it to work!</b>","çalışması için /> Bu özelliği oluşturulur ve her bir ürün için değerleri atanmış olması gerekir <b> <br </ b>: kodu Özellik (. raf örn bilgi rafları için, belki bir nitelik var)!"
"Attribute code 1:","kod Özellik 1:"
"Attribute code 2:","kodu 2 Özellik:"
"Attribute code 3:","kod 3 Özellik:"
"Attribute code 4:","kod 4 Özellik:"
"Attribute code 5:","kodu 5 Özellik:"
"Attribute code for shelving info; eg. shelf","bilgi rafları için kod nitelik; örneğin. raf"
"Attribute code for supplier data; Default: supplier","Şirket ile veri kodu nitelik; Default: tedarikçisi"
"Attribute code; eg. shelf","kodu Özellik; örneğin. raf"
"Attribute codes?","kodları Özellik?"
"Attribute column title","sütun başlığını Özellik"
"Attribute to show","göstermek için Özellik"
"Attribute to sort by :","göre sıralamak için Özellik:"
"Attribute to use as product name","ürün adı olarak kullanmak için Özellik"
"Auto description 1","Otomatik açıklama 1"
"Auto description 3","Otomatik açıklaması 3"
"Auto Processing","Otomatik İşleme"
"Automatic action :","Otomatik işlem:"
"Automatic action #2:","Otomatik işlem # 2:"
"Automatic action #3:","Otomatik işlem # 3:"
"Automation Connection","Otomasyon Bağlantı"
"Background Image","Arka plan görüntüsü"
"Background image position","Arka plan resmi pozisyonu"
"Background image?","Arka plan görüntüsü?"
"barcode : Font","Barkod: Yazı"
"barcode font size","Barkod yazı tipi boyutu"
"barcode Font Size (Orders)","Barkod Yazı Tipi Boyutu (Siparişler)"
"barcode Font Size (Products)","Barkod Yazı Tipi Boyutu (Ürünler)"
"barcode font-size","barkod font-size"
"barcode size","barkod boyutu"
"barcode X-pos.","Barkod X-kut."
"Because the Order currency is different from the Store currency, the conversion from","Sipariş para Mağazası para, dönüşüm dan farklı olduğundan"
"Beside address","adresinin yanındaki"
"Billing address position","Fatura adresi pozisyonu"
"Billing address posititon","Fatura adresi posititon"
"Billing address title","Fatura adresi başlığı"
"Bkg","BKG"
"Blank = #000000 (#HEX colour code)","Boş = # 000000 (# onaltılı renk kodu)"
"Blank box image","Boş kutu görüntüsü"
"Bold","cesur"
"Bold 'Extra shipping details' labels?","Kalın 'Ekstra nakliye ayrıntıları' etiketleri?"
"Bold italic","Kalın italik"
"Bold last line in page-base shipping addresses?","sayfa baz nakliye adresleri cesur son satırı?"
"Bold last line in page-top shipping addresses?","sayfa üstü nakliye adresleri cesur son satırı?"
"Bold product name?","Kalın ürün adı?"
"Border color","Sınır rengi"
"Bottom of page","Sayfanın alt"
"Box 1 Image","Kutu 1 Görüntü"
"Box 2a Image (Store Pickup)","Kutu 2a Resmi (Mağaza Pickup)"
"Box 2b Image (Express Mail)","Kutu 2b Resmi (Express Posta)"
"Box 2c Image (Priority International)","Kutu 2c Resmi (Öncelik Uluslararası)"
"Box 2d Image (Standard International)","Kutu 2d Görüntü (Uluslararası Standart)"
"Box 3 Image","Kutu 3 Resim"
"Box count estimation?","Kutu tahmini saymak?"
"Bring up top address?","Üst adresi getirin?"
"Buttons for PDFs","PDF'ler için düğmeler"
"By default we output ANSI, which works well for Windows machines and special characters.<br >If you need UTF-8, just choose that here","UTF-8 gerekiyorsa Windows makineleri ve özel karakterler için iyi çalışır varsayılan biz çıkışı ANSI tarafından. sadece burada seçin> <br"
"By Height","Yükseklik tarafından"
"By Width","Genişlik"
"Calculate line totals by:","çizgi toplamları ile hesaplayın:"
"Callout colour","Beyanat rengi"
"Can be handy to reduce customer support - eg. set to a custom Processing status of 'Packing your order now'","- örneğin müşteri desteği azaltmak için kullanışlı olabilir. 'Şimdi siparişinizi Ambalaj' özel bir işleme durumuna ayarlanır"
"Cancel?","İptal?"
"Capitalise shipping labels?","gönderi etiketleri kazanca?"
"Category translation","Kategori çeviri"
"Center values?","Merkez değerleri?"
"Centered in page","sayfasında merkezli"
"Centered in product list","Ürün listesinde Merkezli"
"Change order status","Değişikliği emri durumu"
"Change the layout of shipping addresses","nakliye adresleri düzenini değiştirmek"
"Change to status:","durumu değiştirin:"
"Check for gift message?","hediye mesajı için kontrol edin?"
"Clear Cached Images in pickPack","pickPack temizleyin Cached Görüntüler"
"Code","kod"
"Color","Renk"
"Color attribute","renk özelliği,"
"Color X-pos.","Renk X-kut."
"Column mapping","sütun haritalama"
"Columns Y-X-pos.","Kolonlar Y-X-kut."
"Combine attribute?","öznitelik Kombine?"
"Combine custom attributes under product line?","Ürün sınırının altında özel niteliklerini birleştirir?"
"Combine custom product attributes under the product line?","Ürün sınırının altında özel ürün özelliklerini birleştirmek?"
"Combine pdfs","PDF'leri birleştirin"
"Combine product line details?","ürün hattı ayrıntılarını birleştirin?"
"Combine the custom attributes listed below?","Özel nitelikleri aşağıda listelenen Kombine?"
"Combined Attributes Xpos","Kombine XPOS Özellikleri"
"Combined Packing Sheet/Invoice' grouped by Order ID?","Sipariş Kimliği göre gruplandırılmış Kombine Ambalaj Kağıdı / Fatura '?"
"Combined pdfs?","Kombine pdfs?"
"Comma separated top,bottom widths (eg 1,2)","Virgül, alt genişlikleri (örneğin 1,2) üst ayrılmış"
"Comma-separated list of customer group names where you don't want the group name","Eğer grup adını istemiyorum müşteri grubu adları virgülle ayrılmış listesi"
"Comma-separated list of SKUs to *not* show","* Değil * göstermek için SKU virgülle ayrılmış listesi"
"Comma-separated list of SKUs to *not* show a count for","* Bir sayı göstermiyor * için SKU virgülle ayrılmış listesi"
"Comments","Yorumlar"
"Company address","Şirket adresi"
"Company address : Color","Şirket adresi: Renk"
"Company address : Font","Şirket adresi: Yazı"
"Company address : Size","Şirket adresi: Boyut"
"Company address : Style","Şirket adresi: Stil"
"Company address, Default","Şirket adresi, Varsayılan"
"Company address, Group 1","Şirket adresi, Grup 1"
"Company address, Group 2","Şirket adresi, Grup 2"
"Company address, Group 3","Şirket adresi, Grup 3"
"Condition","durum"
"Configurable product name","Ayarlanabilir ürün adı"
"Cost (base) to (display) exchange rate","(Ekran) döviz kuruna Maliyet (baz)"
"Cost currency prefix","Maliyet para öneki"
"Cost multiplier","maliyet çarpanı"
"Cost subtotal?","Maliyet subtotal?"
"courierRules Method","courierRules Yöntemi"
"courierRules method?","courierRules yöntemi?"
"courierRules Shipping Method","courierRules Nakliye Yöntemi"
"CSV (Order-combined Products)","CSV (Ürünleri Sipariş kombine)"
"CSV (Order-combined Products) Options","CSV (Ürünleri Sipariş kombine) Opsiyonlar"
"CSV (Order-combined Products)?","CSV (Ürünleri Sipariş kombine)?"
"CSV (Order-separated Products)","CSV (Ürünler Sipariş ayrılmış)"
"CSV (Order-separated Products) Options","CSV (Ürünler Sipariş ayrılmış) Opsiyonlar"
"CSV (Order-separated Products)?","CSV (Ürünler Sipariş ayrılmış)?"
"CSV (Orders)","CSV (Siparişler)"
"CSV (Orders) Options","CSV (Siparişler) Opsiyonlar"
"CSV (Orders)?","CSV (Siparişler)?"
"CSV field separator","CSV alan ayırıcı"
"CSV output encoding","CSV çıkışı kodlama"
"CSV/XML (Cargo Manifest)","CSV / XML (Kargo Manifest)"
"CSV/XML (Cargo Manifest)?","CSV / XML (Kargo Manifest)?"
"Custom","görenek"
"Custom Attribute","özel Özellik"
"Custom attribute (1)","Özel öznitelik (1)"
"Custom attribute (2)","Özel öznitelik (2)"
"Custom attribute (3)","Özel öznitelik (3)"
"Custom attribute (4)","Özel öznitelik (4)"
"Custom CSV field separator","Özel CSV alan ayırıcı"
"Custom font file","Özel yazı tipi dosyası"
"Custom image","özel resim"
"Custom Message : Background Color","Özel Mesaj: Arka Plan Rengi"
"Custom Message : Color","Özel Mesaj: Renk"
"Custom Message : Font","Özel Mesaj: Yazı"
"Custom Message : Size","Özel Mesaj: Boyut"
"Custom Message : Style","Özel Mesaj: Stil"
"Custom message under product list?","Ürün listesinin altındaki özel mesaj?"
"Custom options column title","Özel seçenekleri kolon başlığı"
"Custom Order Attribute","Özel Sipariş Özellik"
"Custom page title","Özel sayfa başlığı"
"Custom product attribute code (eg: shelf)","Özel ürün nitelik kodu (örn: raf)"
"Custom product attribute?","Özel ürün nitelik?"
"Custom text image","Özel metin resim"
"Custom text under product list?","Ürün listesinin altındaki özel metin?"
"Custom Value","özel Değeri"
"Custom weight fields?","Özel ağırlık alanlar?"
"Custom weightbased count?","Özel sayımı weightbased?"
"Custom Weightbased label?","Özel etiket Weightbased?"
"Custom Weightbased text?","Özel metin Weightbased?"
"Customer Address X-pos.","Müşteri Adresi X-kut."
"Customer attribute code","Müşteri nitelik kodu"
"Customer Comments","Müşteri Yorumları"
"Customer custom attribute?","Müşteri özel özelliğinin?"
"Customer Email","Müşteri E-posta"
"Customer Email?","Müşteri E-posta?"
"Customer group?","Müşteri grubu?"
"Customer ID (Footer) X-pos.","Müşteri Kimliği (Altbilgi) X-kut."
"Customer ID X-pos.","Müşteri Kimliği X-kut."
"Customer ID?","Müşteri Kimliği?"
"Customer name X-pos.","Müşteri adı X-kut."
"Customer VAT title","Müşteri KDV başlığı"
"Customer: Change "Print Invoice" to "PDF Invoices"?","Müşteri: "PDF Faturalar" Değiştir "Fatura Yazdır"?"
"Customer: Change "Print Order" to "PDF Invoices"?","Müşteri: "PDF Faturalar" Değiştir "Print Order"?"
"Customer: PDF Invoice button?","Müşteri: PDF Fatura düğmesi?"
"Customer: PDF Packing Sheet button?","Müşteri: PDF Ambalaj Sayfası düğmesine?"
"Customise 'Packed by' text","metin 'tarafından Paketli' özelleştirin"
"Customise fonts/colours?","yazı / renkler özelleştirin?"
"Customize page title?","sayfa başlığını özelleştirmek?"
"Date format","Tarih formatı"
"Date printed?","Tarihi baskılı?"
"Day","Gün"
"Deadline text","Tarihi metni"
"Deadline text / date?","Tarihi metin / tarih?"
"Default","Varsayılan"
"Default : Yes","Default: Evet"
"Default (Use standard)","Standart (Kullanım standardı)"
"Default (Use Total Price Xpos)","Standart (Kullanım Toplam Fiyat XPOS)"
"Default (Use total prixe Xpos)","Standart (Kullanım toplam Prixe XPOS)"
"Default top-right; eg. 'Invoice'","üst hakkı Standart; örneğin. 'Fatura'"
"Default top-right; eg. 'Packing Sheet'","üst hakkı Standart; örneğin. 'Ambalaj Kağıdı'"
"Default:","Varsayılan:"
"Default: -230,-210","Default: -230, -210"
"Default: ,","Varsayılan: ,"
"Default: 'OK'","Default: 'Tamam'"
"Default: 'OK' -->","Default: 'Tamam' ->"
"Default: "Payment due "","Default: "nedeniyle Ödeme""
"Default: {blank}","Default: {boş}"
"Default: #DDDDDD","Default: #dddddd"
"Default: #FFFFFF","Varsayılan: #FFFFFF"
"Default: 0<br />Eg. 21.6700 @ 0 = 22; @ 1 = 21.7; @ 2 = 21.67; @ -1 = 20","Varsayılan: 0 <br /> Örneğin. 21,6700 22 = 0 @; @ 1 = 21.7; 2 @ = 21.67; -1 = 20"
"Default: 1<br />Eg. Change the display cost to match your actual end costs","Varsayılan: 1 <br /> Örneğin. Gerçek uç maliyetlerini eşleşecek şekilde ekran maliyeti değiştirme"
"Default: 1<br />Eg. kg -> lb = 2.2046; lb -> kg = 0.4536","Varsayılan: 1 <br /> Örneğin. kg -> £ = 2,2046; lb -> kg = 0,4536"
"Default: 1<br />Eg. your base currency is USD, your manifest display currency is GBP : enter the exchange rate multiplier for USD -> GBP","Varsayılan: 1 <br /> Örneğin. Baz para birimi tezahür görüntü birimi GBP, USD: ABD Doları için döviz kuru çarpanını girin -> GBP"
"Default: 100","Default: 100"
"Default: 13pt/5pt (top/bottom), 5pt (left/right)","Default: 13pt / 5pt (üst / alt), 5pt (sol / sağ)"
"Default: 17","Varsayılan: 17"
"Default: 185","Varsayılan: 185"
"Default: 2 [1.1256 becomes 1.13]","Default: 2 [1,1256 1.13 olur]"
"Default: 2<br />Eg. 21.6700 @ 0 = 22; @ 1 = 21.7; @ 2 = 21.67; @ -1 = 20","Default: 2 <br /> Örneğin. 21,6700 22 = 0 @; @ 1 = 21.7; 2 @ = 21.67; -1 = 20"
"Default: 200","Varsayılan: 200"
"Default: 22pt (top/bottom), 30pt (left/right)","Default: 22pt (üst / alt), 30pt (sol / sağ)"
"Default: 25","Varsayılan: 25"
"Default: 25 -->","Default: 25 ->"
"Default: 25, 25 (can leave one blank)","Varsayılan: 25, 25 (tek boş bırakabilirsiniz)"
"Default: 250","Varsayılan: 250"
"Default: 250, 100. Need to select [Yes] on "Show order gift message" or "Show product gift message".","Default: 250, 100. seçmek gerekiyor [Evet] göster "emri hediye mesajında" veya "göster ürünü hediye mesajında" konulu."
"Default: 250, 100. Need to select yes on "Show order gift message" or "Show product gift message"","Default: 250, 100. göster "emri hediye mesajında" veya "göster ürünü hediye mesajında" evet seçmek gerekiyor"
"Default: 250x182","Default: 250x182"
"Default: 3","Varsayılan: 3"
"Default: 350","Varsayılan: 350"
"Default: 380","Varsayılan: 380"
"Default: 40","Varsayılan: 40"
"Default: 400","Varsayılan: 400"
"Default: 420","Varsayılan: 420"
"Default: 450","Varsayılan: 450"
"Default: 460","Varsayılan: 460"
"Default: 475","Varsayılan: 475"
"Default: 480","Varsayılan: 480"
"Default: 50","Varsayılan: 50"
"Default: 500","Varsayılan: 500"
"Default: 520","Varsayılan: 520"
"Default: 5pt (top/bottom), 5pt (left/right)","Default: 5pt (üst / alt), 5pt (sol / sağ)"
"Default: 5pt/5pt (top/bottom), 5pt/5pt (left/right)","Default: 5pt / 5pt (üst / alt), 5pt 5pt / (sol / sağ)"
"Default: 67","Varsayılan: 67"
"Default: 8","Varsayılan: 8"
"Default: 80","Varsayılan: 80"
"Default: backordered","Default: backordered"
"Default: Bold","Varsayılan: Kalın"
"Default: center","Varsayılan: center"
"Default: Code128","Default: Code128"
"Default: codes","Default: kodları"
"Default: Empty","Varsayılan: Boş"
"Default: Grand Total","Default: Genel Toplam"
"Default: ID","Default: Kimliği"
"Default: ID -->","Default: Kimlik ->"
"Default: invoice_","Default: invoice_"
"Default: invoice+packing-sheet_","Default: Fatura + ambalaj-sheet_"
"Default: items","Default: öğe"
"Default: Left (if right, turn off barcodes, addresses; if full-width no company","Default: Sol (kapatmak barkodlar, adresler doğru ise, tam genişlikte hiçbir şirket eğer"
"Default: M j, Y . Format this according to www.php.net/date","Default: M j, Y. Bu www.php.net/date~~pobj göre biçimlendirme"
"Default: Method B","Default: Yöntem B"
"Default: name","Varsayılan: adı"
"Default: order-combined_","Default: sipariş combined_"
"Default: order-separated_","Default: sipariş separated_"
"Default: out-of-stock-list_","Default:-üzerinden-stok-list_"
"Default: packing-sheet_","Default: Ambalaj-sheet_"
"Default: Phone","Varsayılan: Telefon"
"Default: Phone -->","Default: Telefon ->"
"Default: product-separated_","Default: Ürün-separated_"
"Default: pt (top/bottom), pt (left/right)","Default: pt (üst / alt), pt (sol / sağ)"
"Default: Qty","Varsayılan: Miktar"
"Default: Qty -->","Varsayılan: Miktar ->"
"Default: Ship to:","Varsayılan: Gemi için:"
"Default: Shipping","Default: Kargo"
"Default: Simple product name","Default: Basit ürün adı"
"Default: Source","Default: Kaynak"
"Default: Subtotal","Default: Subtotal"
"Default: tax","Default: Vergi"
"Default: total","Default: toplam"
"Default: USD","Default: USD"
"Default: VAT Rateable","Default: KDV rateable"
"Default: warehouse","Default: depo"
"Default: Y_m_d . Format this according to www.php.net/date","Varsayılan: Y_m_d. Bu www.php.net/date~~pobj göre biçimlendirme"
"Default: Zero-rated","Default: Sıfır oranlı"
"Default:7","Varsayılan: 7"
"Default: No","Varsayılan: Hayır"
"Default: Yes","Default: Evet"
"Depends on your stock management system","stok yönetim sistemi bağlıdır"
"Descending","inme"
"Detailed CC info?","Detaylı CC bilgi?"
"Dimensions","boyutlar"
"Dimensions : 'Label width' x 'Label height' @ 300dpi : non-interlaced and non-transparent .png","Boyutlar: 'Etiket genişliği' x 'Etiket yüksekliği' 300dpi @: titreşimsiz ve şeffaf olmayan .png"
"Dimensions 180<b style="color:red;">pt</b> x 120<b style="color:red;">pt</b> @ 300dpi : non-interlaced <b>and</b> non-transparent .png","Boyutlar 180 <b style = "color: red;"> pt </ b> x 120 <b style = "color: red;"> pt </ b> 300dpi @: titreşimsiz <b> ve </ b> saydam olmayan .png"
"Dimensions 540<b style="color:red;">pt</b>(A4)|562<b style="color:red;">pt</b>(US Letter) x 1-200<b style="color:red;">pt</b> @ 300dpi : non-interlaced <b>and</b> non-transparent .png","Boyutlar 540 <b style = "color: red;"> pt </ b> (A4) | ​​562 <b style = "color: red;"> pt </ b> (US Letter) 1-200 <b style x = "color: red;"> pt </ b> 300dpi @: titreşimsiz <b> ve </ b> 'şeffaf olmayan .png"
"Dispatch Date?","Gönderme tarihi?"
"Don't count these custom option SKUs :","Bu özel seçeneği SKU'larını saymayın:"
"Double-line spacing?","Çift satır aralığı?"
"Double-up this barcode?","Çift-up bu barkod?"
"Drink Flag","Bayrak İçki"
"E: ","E:"
"Eg. nudge it up off integrated labels","Ör. kapalı entegre etiketleri it up dürtmek"
"eg. put 'wholesale', then only wholesale customers will see 'Message B'","örneğin. , Daha sonra sadece toptan müşterilerine 'İleti B' göreceksiniz koymak 'toptan'"
"eg. put your country, then only overseas orders will have country added","örneğin. Ülkenizi koymak, o zaman sadece yurtdışı siparişler olacak ülke eklendi"
"Eg. shelving info","Ör. rafları bilgi"
"Email: Body","E-posta: Vücut"
"Email: Send To","E-posta: Gönder"
"Email: Sender","E-posta: Gönderen"
"Email: Subject","E-posta konu"
"Enable auto processing?","Otomatik olarak işlenmesini sağlar?"
"Enter your license key here","Burada lisans anahtarını girin"
"Exactly position shipping detail (eg. for envelope window)","Tam pozisyon nakliye detay (örn. Zarf pencere için)"
"Exactly position top address (eg. for envelope window)","Tam üst adresini konumlandırmak (örn. Zarf pencere için)"
"Export","İhracat"
"Export: Path","İhracat: Yol"
"Extra attribute position","Ekstra özellik pozisyon"
"F: ","F:"
"File Path","Dosya yolu"
"Fill Bars?","Barlar doldurun?"
"Fill bkg comments box ?","BKG yorum kutusunu doldurun?"
"Fill columns titlebar?","sütunları başlık çubuğu doldurun?"
"Filter again?","Yine Filter?"
"Filter by supplier?","tedarikçi tarafından Filtre?"
"Filter items again?","Yine öğeleri Filtre?"
"Filter items by status?","duruma göre öğelere filtre?"
"Filter items?","Filtre öğeleri?"
"Filter order notes?","Filtre sipariş notları?"
"Filter out some options?","Bazı seçenekler Filtre?"
"Filter out some?","Bazı filtreleyin?"
"Filter out these attributes","Bu niteliklerini Filtre"
"Filter out these custom option SKUs :","Bu özel seçenek SKU'larını filtre uygulamak:"
"Filter shipped items?","Filtre öğeleri sevk?"
"Filter text","filtre metni"
"Filter text (don't show notes containg this text)","Filtre Metin (bu metni containg notları görünmüyor)"
"Filter?","Filtre?"
"Filter/Split which PDFs?","Filtre / Split hangi PDF'leri?"
"Filters: Order-separated PDFs, Order-combined PDFs","Filtreler: Sipariş ayrılmış PDF, Sipariş kombine PDF'leri"
"First Name","İsim"
"First order starts at","Birinci dereceden başlar"
"Fix Subtotals to page base","sayfa tabanına alt toplamlar Fix"
"Flat-address font size","Düz adres yazı tipi boyutu"
"Font","Yazı"
"Font size","Yazı Boyutu"
"Font size (Product Lines)","Yazı tipi boyutu (Ürün Hatları)"
"Font size (Return address)","Yazı tipi boyutu (Dönüş adresi)"
"Font size (Shipping address)","Yazı tipi boyutu (Kargo adresi)"
"For all customer group types","Tüm müşteri grubu tipleri için"
"For any customer group containing filter word","Herhangi bir müşteri grubu içeren filtre kelime"
"For configurable products, show:","yapılandırılabilir ürünler için, gösteri:"
"For custom minimum stock levels for specific SKUs, set like this:","Böyle set özel SKU'ları için özel minimum stok seviyeleri için:"
"For full-page sharp backgrounds, upload images with dimensions  595<b style="color:red;">pt</b> x 842<b style="color:red;">pt</b> (A4), or 612<b style="color:red;">pt</b> x 792<b style="color:red;">pt</b> (Letter)","tam sayfa keskin kökenden için, boyutları 595 ile resim yüklemek <b style = "color: red;"> pt </ b> x 842 <b style = "color: red;"> pt </ b> (A4), ya da 612 <b style = "color: red;"> pt </ b> x 792 <b style = "color: red;"> pt </ b> (Letter)"
"For Internal Print Flags use "0" to avoid duplicate printing","Dahili Baskı Bayraklar yinelenen yazdırmayı önlemek için "0" kullanın"
"Force gift message font?","Kuvvet hediye mesajı yazı?"
"Format product options?","Biçim ürün seçenekleri?"
"Format product?","Biçim ürünü?"
"FTP host","FTP ana"
"FTP password","FTP şifresi"
"FTP port","FTP portu"
"FTP remote path","FTP uzak yol"
"FTP user","FTP kullanıcı"
"Full height of each label (default 168pt)","Her etiket (varsayılan 168pt) Tam boy"
"Full height of each label (default 432pt)","Her etiket (varsayılan 432pt) Tam boy"
"Full Page Width","Tam Sayfa Genişliği"
"Full width of each label (default 190pt)","Her etiket (varsayılan 190pt) Tam genişlikte"
"Full width of each label (default 288pt)","Her etiket (varsayılan 288pt) Tam genişlikte"
"Gallery Images (Max 2)","Galeri Görüntüleri (Max 2)"
"General : CSV","Genel: CSV"
"General : PDF","Genel: PDF"
"General Options","Genel seçenekler"
"Germany CN22 Label Image","Almanya CN22 Etiket Görüntü"
"Gift card","Hediye kartı"
"Gift message","Hediye mesajı"
"Gift Message : Background Color","Hediye İleti: Arka Plan Rengi"
"Gift Message : Color","Hediye İleti: Renk"
"Gift Message : Font","Hediye İleti: Yazı"
"Gift Message : Size","Hediye İleti: Boyut"
"Gift Message : Style","Hediye İleti: Stil"
"Gift wrap","Hediye paketi"
"Goes at page base - good for integrated labels","sayfa dibinde Goes - Entegre etiketler için iyi"
"Goes at page base - handy for QC","sayfa dibinde Goes - QC için kullanışlı"
"Goes on the right of the header logo","başlık logosunun sağında Goes"
"Goes on the top-left of the page","sayfanın solunda Goes"
"Good for 3-part integrated labels, eg. for peel-off address records","3 parçalı entegre etiketler için iyi, örneğin. soyulan adres kayıtları"
"Good for a footer image","altbilgi imajı için iyi"
"Good for integrated labels","Entegre etiketler için iyi"
"Good for tax numbers, return instructions","vergi numarası, iade talimatları için iyi"
"Good for things like tear-off labels, or adding to the return address abel to make it a 'Returns Label'","bir 'İade Etiket' yapmak için yırtma etiketleri gibi şeyler, ya da dönüş adresi abel eklemek için iyi"
"Grand Total (from Magento)?","(Magento itibaren) Genel Toplam?"
"Grey out products from other suppliers","Diğer tedarikçilerden Gri dışarı ürünler"
"Group by Category?","Kategori Grup?"
"Group With Other Prints","Diğer Baskılar ile Grup"
"Header logo","Başlık logosu"
"Hide if gift order?","hediye sipariş eğer Hide?"
"Hide prices if a gift order?","Bir hediye sipariş eğer fiyatları Hide?"
"Hide product option labels?","Gizleyin ürün seçeneği etiketleri?"
"Hide products from other suppliers","diğer tedarikçilerin ürünlerini gizle"
"Hide Shipping Method for Store-Pickup orders?","Mağaza-Pickup siparişler için Nakliye Yöntemi Hide?"
"Hide supplier attribute column?","Hide tedarikçisi sütun öznitelik?"
"Hide these groups :","Bu grupları gizle:"
"Hide this 'country name'","Bu 'ülke adı' Hide"
"Hide this 'country name' :","Bu 'ülke adı' Hide:"
"Hide this' country name' :","Bu 'ülke adı' Hide:"
"Hide Virtual and Downloadable products from PDFs?","PDF'leri Sanal ve İndirilebilir ürünlerini gizle?"
"Hide zero discount value?","sıfır indirim değerini gizlemek?"
"Hide zero shipping value?","sıfır nakliye değerini gizlemek?"
"Hide zero tax value?","sıfır vergi değerini gizlemek?"
"High-res","Yüksek çözünürlük"
"high-res/low-res?","yüksek çözünürlüklü / düşük çözünürlüklü?"
"High/Low Resolution?","Yüksek / Düşük Çözünürlük?"
"Hold?","Ambar?"
"Holland CN22 Label Image","Hollanda CN22 Etiket Görüntü"
"Horizontal bars : Background Color","Yatay çubuklar: Arka Plan Rengi"
"Ie. if you want them listed together and not in separate columns","Yani. İsterseniz onları ayrı sütunlarda birlikte değil listelenen"
"If 'Yes' this won't include items which have been marked as shipped.","'Evet' ise bu sevk olarak işaretlenmiş öğeleri içermez."
"If child image missing, show parent?","Çocuk resim eksik olursa, ebeveyn gösteriyor?"
"If set to Yes, after an order has been printed, you can only re-print it from inside the Order Detail page.<br />The aim is to avoid shipping the same order multiple times by mistake.","Evet seçilirse bir sipariş baskılı edildikten sonra, yalnızca Sipariş Detay sayfası içinde onu yeniden yazdırabilirsiniz. <br Amaç yanlışlıkla aynı düzeni birden çok kez nakliye önlemek için />."
"If supplier 'logged in', do what with other suppliers products?","edenle 'giriş yapmış' Eğer diğer tedarikçilerin ürünleri ile ne?"
"If you get long addresses that spill over the edge of your label, set this number to force a linebreak","Eğer etiketin kenarından taşarak uzun adresleri alırsanız, bir linebreak zorlamak için bu sayısını ayarlamak"
"If you ship a lot of single items, this can help alert your shipping staff that","Tek öğeleri bir sürü gemi, bu gönderi personeli uyarmak yardımcı olabilir"
"If you ship a lot of single items, this can help alert your shipping staff that there's more than one!","Tek öğeleri bir sürü gemi, bu bir daha var ki gönderi personeli uyarmak yardımcı olabilir!"
"If you're using shipEasy, and have setup any of the 3 custom flag columns, you can show the value.","Eğer shipEasy kullanarak ve 3 özel bayrak sütun herhangi kurulum var ediyorsanız, değerini gösterebilir."
"Image behind return address?","dönüş adresi arkasında görüntü?"
"Image behind ship address?","Gemi adresi arkasında görüntü?"
"Image border color","Görüntü sınır rengi"
"Image file","Görüntü dosyası"
"Image nudge","görüntü dürtmek"
"Image position nudge","Görüntü pozisyon dürtmek"
"Images column title","Görüntüler sütun başlığı"
"Import","İthalat"
"In positionable box (handy for tear-off labels)","konumlandırılabilir kutusunda (kullanışlı yırtma etiketler için)"
"Incl.","Dahil."
"Include customer phone in addresses?","adreslerde Müşteri telefonunu ekleyin?"
"Include discount?","indirim Dahil?"
"Include discounts in product line price","Ürün hattı fiyat indirim ekleyin"
"Include Order ID in filename for single page print?","tek sayfa baskı için dosya Sipariş numarası yer alır?"
"Include Order ID in filename for single page prints?","tek sayfa baskı için dosya Sipariş numarası yer alır?"
"Include order notes?","Sipariş notlarını içermektedir?"
"Include shipping country in addresses?","adreslerde ülkeyi nakliye ekleyin?"
"Include tax in 'Shipping'?","'Kargo' olarak vergi dahil?"
"Include Tax in Price?","Fiyat KDV Dahil?"
"Include Tax in Shipping Price?","Kargo Fiyatı KDV Dahil?"
"Include tax in value?","değer vergi dahil?"
"Include tax?","vergi dahil?"
"Installation Server","Kurulum Sunucu"
"Invert some of the title colors...","başlık renklerin bazı Invert ..."
"Invoice Address","Fatura adresi"
"Invoice Date","Fatura tarihi"
"Invoice ID?","Fatura ID?"
"Invoice Number","Fatura numarası"
"Invoice Options","fatura Seçenekleri"
"Invoiced Date","Faturalandı tarihi"
"Is this included in the Subtotal?","Bu ALTTOPLAM dahil edilir?"
"Italic","İtalik"
"Item Count","Ürün Sayısı"
"Items column title","Öğeler sütun başlığı"
"Items count?","Öğeler saymak?"
"Label","Etiket"
"Label height","etiket yüksekliği"
"Label margins","etiket marjları"
"Label Nudge","etiket Sıkışma"
"Label padding","etiket dolgusu"
"Label width","etiket genişliği"
"Layout template","Düzen şablon"
"License","Lisans"
"License Key","Lisans anahtarı"
"Line above fixed footer image?","Sabit altbilgi yukarıdaki imge çizgi?"
"Line widths","çizgi genişlikleri"
"Lock image to page base?","sayfa tabanına görüntü kilitleyin?"
"Logo position","logo pozisyon"
"Low-res","Düşük çözünürlüklü"
"Magento Order ID","Magento Sipariş Kimliği"
"Main Image","ana Görüntü"
"Makes gift orders a bit happier-looking by adding a special image on the message box.","Biraz ileti kutusunda özel bir görüntü ekleyerek mutlu görünümlü hediye siparişleri yapar."
"Manual description 1","Manuel açıklaması 1"
"Margin (from right)","Marj (sağdan)"
"Margin (from right) for flat-address","Düz adresi için Marj (sağdan)"
"Marketplace Order ID","Pazaryeri Sipariş Kimliği"
"Match shipping description :","nakliye açıklama maç:"
"Match text:","Maç metni:"
"Max address width (pt)","Maksimum adresi genişliği (pt)"
"Max dimensions","Max boyutları"
"Max weight per box","Kutu başına Max ağırlığı"
"Max width","maksimum genişlik"
"Messages","Mesajlar"
"Middle of page","Sayfanın Orta"
"Min. weight to hide shipment method and put 'Pallet'","Min. ağırlık gönderi yöntemi gizlemek ve koymak için 'Palet'"
"Minimum stock qty","Minimum stok qty"
"Moogento","Moogento"
"Moogento pickPack","Moogento pickPack"
"Moogento pickPack : CSV (Order-combined Products)","Moogento pickPack: CSV (Ürünler Sipariş kombine)"
"Moogento pickPack : CSV (Order-separated Products)","Moogento pickPack: CSV (Ürünler Sipariş ayrılmış)"
"Moogento pickPack : CSV (Orders)","Moogento pickPack: CSV (Siparişler)"
"Moogento pickPack : CSV/XML (Cargo Manifest)","Moogento pickPack: CSV / XML (Kargo Manifest)"
"Moogento pickPack : PDF (Address Labels)","Moogento pickPack: PDF (Adres Etiket)"
"Moogento pickPack : PDF (CN22 Labels)","Moogento pickPack: PDF (CN22 Etiketler)"
"Moogento pickPack : PDF (Gift Message)","Moogento pickPack: PDF (Hediye İleti)"
"Moogento pickPack : PDF (Invoice and Packing Sheet)","Moogento pickPack: PDF (Fatura ve Paketleme Sheet)"
"Moogento pickPack : PDF (Invoice)","Moogento pickPack: PDF (Fatura)"
"Moogento pickPack : PDF (Order-combined Picklist)","Moogento pickPack: PDF (seçim Sipariş kombine)"
"Moogento pickPack : PDF (Order-separated Picklist)","Moogento pickPack: PDF (seçim Sipariş ayrılmış)"
"Moogento pickPack : PDF (Orders Summary)","Moogento pickPack: PDF (Siparişler Özeti)"
"Moogento pickPack : PDF (Packing Sheet)","Moogento pickPack: PDF (Ambalaj Kağıdı)"
"Moogento pickPack : PDF (Product-separated Picklist)","Moogento pickPack: PDF (Ürün ayrılmış Seçim listesi)"
"Moogento pickPack : PDF (Troylleybox Picklist)","Moogento pickPack: PDF (Troylleybox Seçim listesi)"
"Moogento pickPack : PDF (Zebra Labels)","Moogento pickPack: PDF (Zebra Etiketler)"
"Moogento pickPack : PDF/CSV (Out-of-stock List)","Moogento pickPack: PDF / CSV (Out-of-Stokta Listesi)"
"Multiplier Attribute","çarpan Özellik"
"Multiplies product price by set multiplication factor. Eg. use to show product price limit for substitutions in pick","set çarpma faktörü ile çarpar ürün fiyatı. Ör. çekme oyuncu değişikliği için ürün fiyat sınırı göstermek için kullanın"
"Multiplies product price by set multiplication factor.<br />Eg. use to show product price limit for substitutions in pick","set çarpma faktörü ile çarpar ürün fiyatı. /> <br Örn. çekme oyuncu değişikliği için ürün fiyat sınırı göstermek için kullanın"
"Multiply prices by attribute?","Özelliğe göre fiyatları çarpın?"
"Name from Order","Sırası Ad"
"Name from Product > Default Store","Ürün> Standart Store'dan Ad"
"Name from Product > Order Store *Default*","* Ürün> Sipariş Mağazası * Varsayılan'dan Ad"
"Name from Product > Specific Store","Ürün> Özel Store'dan Ad"
"New page per order?","sipariş başına yeni sayfa?"
"New PDF per name?","Her isim için Yeni PDF?"
"No","Yok hayır"
"No (default)","Hayır (varsayılan)"
"No of Items per page","Sayfa başına Öğeler yok"
"No, include all items in order","Hayır, sırayla tüm öğeleri içerir"
"No, include it in the product price","Hayır, bu ürün fiyatına dahil"
"No, include it in the product price (but also show a tax subtotal summary)","Hayır, bu ürün fiyatına dahil (ama aynı zamanda bir vergi subtotal özeti göster)"
"No, move other items to new line (+ keep linebreaks)","Hayır, yeni hat diğer öğeleri taşımak (+ linebreaks tutmak)"
"No, without Tax","Hayır, Vergi olmadan"
"None","Hiçbiri"
"Normal' Dimensions:  269<b style="color:red;">pt</b> x 41<b style="color:red;">pt</b> @ 300dpi<br />","Normal 'Boyutlar: 269 <b style = "color: red;"> pt </ b> x 41 <b style = "color: red;"> pt </ b> @ 300 dpi <br />"
"Not recommended... Use at your own risk...","tavsiye edilmez ... Kendi risk kullanın ..."
"Nudge","Dürtmek"
"Nudge 'Packed 2 by' note","Nudge notu '2 Paketli'"
"Nudge 'Packed by' text","metin 'tarafından Paketli' dürtmek"
"Nudge <b>autoCN22</b> label","<B> autoCN22 </ b> etiketi dürtmek"
"Nudge 2nd address","2 adresini dürtmek"
"Nudge 2nd barcode","2 barkod dürtmek"
"Nudge 2nd custom title","2 özel başlık dürtmek"
"Nudge 2nd image","2 görüntü dürtmek"
"Nudge address","Nudge adresi"
"Nudge background image","Nudge arka plan görüntüsü"
"Nudge barcode","barkod dürtmek"
"Nudge CN22 label","CN22 etiketi dürtmek"
"Nudge company address","Nudge şirket adresi"
"Nudge details","ayrıntıları Nudge"
"Nudge entire label","tüm etiketi dürtmek"
"Nudge fixed image","Sabit görüntü dürtmek"
"Nudge flat-address","Düz adresi dürtmek"
"Nudge gift message","Nudge hediye mesajı"
"Nudge image","Nudge görüntü"
"Nudge label image","Sıkışma etiket görüntü"
"Nudge logo","Nudge logo"
"Nudge Order ID","Sipariş Kimliği dürtmek"
"Nudge Order ID barcode","Sipariş Kimliği barkod dürtmek"
"Nudge order notes","Sipariş notları Nudge"
"Nudge product line","Nudge ürün hattı"
"Nudge qr-code (1)","qr-code dürtmek (1)"
"Nudge qr-code (2)","qr-code dürtmek (2)"
"Nudge return address","Nudge dönüş adresi"
"Nudge return label","Nudge iade etiketi"
"Nudge Rotated Product List","Döndürülmüş Ürün Listesini dürtmek"
"Nudge shelving","rafları sürükle"
"Nudge shipping address","teslimat adresi dürtmek"
"Nudge shipping address only","gönderim adresi sadece sürükle"
"Nudge supplier attribute","Nudge tedarikçisi niteliği"
"Nudge title","başlığı dürtmek"
"Nudge tracking barcode","izleme barkod dürtmek"
"Nudge tracking number","takip numarası dürtmek"
"Nudge Zipcode barcode","Posta Kodu barkod dürtmek"
"Nudge' Packed by' note","not 'ile Paketli' dürtmek"
"Number product list?","Numara ürün listesi?"
"Only print once?","Sadece bir kez basmak?"
"Only process orders matching shipEasy attribute?","shipEasy özniteliği eşleştirme Sadece işlem emirleri?"
"Operand?","Operand?"
"Order Attribute","Sipariş Özellik"
"Order attribute code","Sipariş nitelik kodu"
"Order attribute code:","Sipariş nitelik kodu:"
"Order Attribute Value","Sipariş Özellik Değeri"
"Order Comments","Yorumlar sipariş"
"Order custom attribute?","öznitelik özel sipariş?"
"Order date","Sipariş tarihi"
"Order date X-pos.","Sipariş tarihi X-kut."
"Order Date?","Sipariş tarihi?"
"Order ID (Footer) X-pos.","Sipariş Kimliği (Altbilgi) X-kut."
"Order ID X-pos.","Sipariş Kimliği X-kut."
"Order ID?","Sipariş Kimliği?"
"Order of subtotals","toplamlar Sipariş"
"Order Source","Sipariş Kaynak"
"Order Source?","Kaynak Sipariş?"
"Order-combined Pick List Options","Sipariş kombine Seçim Listesi Seçenekler"
"Order-separated Pick List Options","Sipariş ayrılmış Seçim Listesi Seçenekler"
"Orders with In Stock Items Only","Stokta Öğeler Sadece Siparişler"
"Others?","Diğerleri?"
"Output as PDF or CSV?","PDF veya CSV olarak çıktı?"
"Output Excel XML file (instead of CSV)","Çıktı Excel XML dosyası (yerine CSV)"
"Output Filenames","çıktı dosya adları"
"Output only these suppliers (Hide/Grey-out others)","Çıkışı sadece bu tedarikçiler (Hide / Gri-out diğerleri)"
"Output only this supplier (Hide/Grey-out others) . . . Leave blank to auto-split all suppliers","Çıkışı sadece bu tedarikçisi (Hide / Gri-out diğerleri). . . tüm tedarikçiler otomatik bölünmüş için boş bırakın"
"Override 'Minimum stock qty'","Geçersiz kılma 'Asgari stok qty'"
"Override default address formatting?","Varsayılan adres formatını geçersiz kılar?"
"Override default address layout?","varsayılan adres düzeni geçersiz kılma?"
"Override filter notes messages","Geçersiz Kıl filtre iletileri notları"
"Override stock qty output with location-specific stock?","Yere özgü stok ile stok qty çıkışını geçersiz kılar?"
"Override' Minimum stock qty'","Geçersiz kılma 'Asgari stok qty'"
"Packing  Sheet Products : Separating Vertical Line Color","Sac Ürünleri Ambalaj: Ayırma Dikey Çizgi Rengi"
"Packing Sheet Options","Ambalaj Sayfası Seçenekleri"
"Packing Sheet Products : Separating Line Color","Sac Ürünleri Ambalaj: Ayırma Çizgi Rengi"
"Packing Sheet Products : Separating Vertical Line Color","Sac Ürünleri Ambalaj: Ayırma Dikey Çizgi Rengi"
"Padding","Dolgu malzemesi"
"Page 1 Product-lines cutoff Y-pos","Page 1 Ürün hatları Y-pos kesim"
"Page 1 products cutoff position","Sayfa 1 ürün kesim pozisyonu"
"Page Body : Color","Sayfa Gövde: Renk"
"Page Body : Font","Sayfa Gövde: Yazı"
"Page Body : Size","Sayfa Gövde: Boyut"
"Page Body : Style","Sayfa Gövde: Stili"
"Page padding","Sayfa dolgusu"
"page padding","sayfa dolgusu"
"Page size","Sayfa boyutu"
"Page template :","Sayfa şablonu:"
"Page title : Color","Sayfa başlığı: Renk"
"Page title : Font","Sayfa başlığı: Yazı"
"Page title : Size","Sayfa başlığı: Boyut"
"Page title : Style","Sayfa başlığı: Stili"
"Paid Date","ücretli tarihi"
"Paid Date?","Tarih Ücretli?"
"Pallet 'go' weight","'Git' palet ağırlığı"
"Pallet' go' weight","'Git' palet ağırlığı"
"Paper height","kağıt yüksekliği"
"Paper margins","kağıt marjları"
"Partially: lines top & bottom","Kısmen: çizgiler üst ve alt"
"Pattern text","Desen metin"
"Pattern to match :","Desen maç:"
"Payment","Ödeme"
"Payment method?","Ödeme şekli?"
"PDF (Address Labels)","PDF (Adres Etiket)"
"PDF (Address Labels)?","PDF (Adres Etiket)?"
"PDF (CN22 Labels)","PDF (CN22 Etiketler)"
"PDF (CN22 Labels)?","PDF (CN22 Etiketler)?"
"PDF (Gift Message)","PDF (Hediye İleti)"
"PDF (Gift Message)?","PDF (Hediye İleti)?"
"PDF (Invoice & Packing Sheet)","PDF (Fatura ve Paketleme Sheet)"
"PDF (Invoice and Packing Sheet)?","PDF (Fatura ve Paketleme Sheet)?"
"PDF (Invoice)","PDF (Fatura)"
"PDF (Invoice)?","PDF (Fatura)?"
"PDF (Order-combined Picklist)","PDF (seçim Sipariş kombine)"
"PDF (Order-combined Picklist)?","PDF (seçim Sipariş kombine)?"
"PDF (Order-separated Picklist)","PDF (seçim Sipariş ayrılmış)"
"PDF (Order-separated Picklist)?","PDF (seçim Sipariş ayrılmış)?"
"PDF (Orders Summary)","PDF (Siparişler Özeti)"
"PDF (Orders Summary)?","PDF (Siparişler Özeti)?"
"PDF (Out-of-stock List)","PDF (Liste-Out Stokta)"
"PDF (Out-of-stock List)?","PDF (Out-of-stok listesi)?"
"PDF (Packing Sheet)","PDF (Ambalaj Kağıdı)"
"PDF (Packing Sheet)?","PDF (Levha Ambalaj)?"
"PDF (Product-separated Picklist)","PDF (Ürün ayrılmış Seçim listesi)"
"PDF (Product-separated Picklist)?","PDF (seçim Ürün ayrılmış)?"
"PDF (Trolleybox Picklist)","PDF (Trolleybox Seçim listesi)"
"PDF (Trolleybox Picklist)?","PDF (Trolleybox Seçim listesi)?"
"PDF (Zebra Labels)","PDF (Zebra Etiketler)"
"PDF (Zebra Labels)?","PDF (Zebra Etiket)?"
"PDF Address-label Sheet","PDF Adres-Etiket Sayfası"
"PDF Gift Message","PDF Hediye İleti"
"PDF Invoice","PDF Fatura"
"PDF Invoice &amp; Packing Sheet' Sort","PDF Fatura & amp; Sheet Ambalaj 'Sıralama"
"PDF Letter","PDF Mektubu"
"PDF Order-combined Picklist","PDF Seçim listesi Sipariş kombine"
"PDF Order-separated Picklist","PDF Seçim listesi Sipariş ayrılmış"
"PDF Orders Summary","PDF Siparişleri Özeti"
"PDF Packing Sheet","PDF Ambalaj Kağıdı"
"PDF Packing Sheet + Invoice","PDF Ambalaj Kağıdı + Fatura"
"PDF page size","PDF sayfa boyutunu"
"PDF Product-separated Picklist","PDF Ürün ayrılmış Seçim listesi"
"PDF Zebra Label","PDF Zebra Etiket"
"PDF/CSV (Out-of-stock List)","PDF / CSV (Liste-Out Stokta)"
"PDF/CSV Out-of-stock List","PDF / CSV Out-of-Stokta Listesi"
"PDF/CSV Out-of-stock List Options","PDF / CSV Out-of-Stokta Listesi Seçenekler"
"Pick Lists only","Sadece Listeleri seçin"
"pickPack","pickPack"
"pickPack Validation Key","pickPack onaylama tuşuna"
"Pickup Date","Tarih almak"
"Pickup Store Address","Pickup Mağaza Adresi"
"Pickup Store Email","Pickup Mağaza E-posta"
"Pickup Store ID","Pickup Mağaza No"
"Pickup Store Phone","Pickup Mağazası Telefon"
"Pickup Time","Alma vakti"
"Position","pozisyon"
"Position custom text box","Pozisyon özel metin kutusu"
"Position of custom attributes","özel niteliklerin pozisyonu"
"Position of notes :","notlar Pozisyon:"
"Position of shelving info","rafları bilgi pozisyonu"
"Position the addresses exactly - for integrated labels","tam adreslerini yerleştirin - Entegre etiketler için"
"Position the message box exactly","Tam ileti kutusu yerleştirin"
"Positionable box position","Konumlandırılabilir kutu pozisyonu"
"Pre-cells","Ön hücreleri"
"Price column title","Fiyat sütun başlığı"
"Price position","Fiyat pozisyon"
"Price X-pos.","Fiyat X-kut."
"Prices","Fiyatlar"
"Prices converted from","Göster dönüştürülmüş"
"Print All?","Tümünü Yazdır?"
"Print barcode in separate line?","ayrı bir satırda baskı barkod?"
"Print Condition","baskı Durumu"
"Print Credit Memos?","Kredi Memos yazdırmak?"
"Print Invoices?","Baskı Faturalar?"
"Print orders once only?","Baskı siparişleri sadece bir kez?"
"Print Packingslips?","Packingslips Print?"
"Print products label after address label?","adres etiket sonra baskı ürünleri etiket?"
"Print resolution","baskı çözünürlüğü"
"Print Shipping Labels?","Nakliye Etiketleri yazdırmak?"
"Print supplier attribute?","Baskı tedarikçisi nitelik?"
"Priority of custom attribute grouping","özel önceliği gruplama özniteliği"
"Process date?","Süreç tarihi?"
"Process orders that include out-of-stock items?","out-of-stock öğeleri içerir işlem emirleri?"
"Processing schedule","işleme programı"
"Product Category Label","Ürün Kategorisi Etiketi"
"Product discount title","Ürün indirim başlığı"
"Product discount title?","Ürün indirim başlığı?"
"Product gift message xpos","Ürün hediye mesajı xpos"
"Product id below barcode font-size","barkod font-size aşağıdaki Ürüne kimliği"
"Product images?","Ürün görüntüleri?"
"Product line nudge","Ürün çeşitleri dürtmek"
"Product line total title","Ürün çeşitleri toplam başlık"
"Product line total title?","Ürün çeşitleri toplam başlık?"
"Product list sort direction :","Ürün listesi sıralama yönü:"
"Product list titlebar padding bot","Ürün listesi başlık çubuğu dolgu bot"
"Product list titlebar padding top","Ürün listesi başlık çubuğu dolgu üst"
"Product Name","Ürün adı"
"Product name position","Ürün adı pozisyon"
"Product name X-pos.","Ürün adı X-kut."
"Product name?","Ürün adı?"
"Product names or attributes contain non-roman characters?","Ürün isimleri veya nitelikleri olmayan roman karakterleri içeren?"
"Product Options : Size","Ürün Seçenekleri: Boyut"
"Product options?","Ürün seçenekleri?"
"Product Price x","Ürün Fiyatı x"
"Product SKU barcode?","Ürün SKU barkod?"
"Product SKU below barcode font-size","barkod font-size aşağıda Ürün SKU"
"Product SKU below barcode?","barkod altında Ürün SKU?"
"Product weight?","Ürün ağırlığı?"
"Product-price Multiplier","Ürün-fiyat Çarpan"
"Pull from custom attribute","özel özniteliği çekin"
"Purchase order #?","Satın alma emri #?"
"Put in separate column","ayrı bir sütuna koyun"
"Puts in total weight, shipping carrier, payment method","toplam ağırlık, nakliye taşıyıcı, ödeme yöntemine koyar"
"q(Qty left to ship), s(Qty shipped), o(Qty ordered)","q (Adet gemi sola), s (Adet sevk), o (Adet sıralı)"
"Qty column title","Miktar, başlık"
"Qty invoiced","Adet faturalı"
"Qty left to ship","Adet gemi sola"
"Qty X-pos.","Adet X-kut."
"Quote all values in CSV exports?","CSV ihracat tüm değerleri alıntı?"
"Recalculate","Yeniden Hesapla"
"Recommend for long SKU","Uzun SKU için tavsiye"
"Reformat address?","adresi yeniden biçimlendirmek?"
"Reformat?","Yeniden biçimlendirmek?"
"Regular","Düzenli"
"Remove accents from letters in address?","adresi harfleri Aksan kaldırılsın mı?"
"Remove product tax from subtotal?","subtotal ürün vergisi kaldırılsın mı?"
"Remove shipping tax from","nakliye vergisi kaldır"
"Remove shipping tax from subtotal?","subtotal nakliye vergisi kaldırılsın mı?"
"Remove shipping tax from tax","vergiden nakliye vergisi kaldır"
"Repeat gift message?","Tekrarlama hediye mesajı?"
"Replace Default ERP Invoice with pickPacks?","pickPacks ile Standart ERP Fatura değiştirin?"
"Replace Default ERP Packing Sheet with the one from pickPack?","pickPack gelen biriyle Standart ERP Ambalaj Sheet değiştirin?"
"Reset","Reset"
"Return address","İade adresi"
"return address - Default","dönüş adresi - Varsayılan"
"return address - Group 1","İade adresi - Grup 1"
"return address - Group 2","İade adresi - Grup 2"
"return address - Group 3","İade adresi - Grup 3"
"Return Address Label : Color","Adres Etiket Dönüş: Renk"
"Return Address Label : Font","Adres Etiket Dönüş: Yazı"
"Return Address Label : Size","Gönderici Etiket: Boyut"
"Return Address Label : Style","Adres Etiket Dönüş: Stil"
"Return address text","İade adresi metin"
"Right","Sağ"
"Right Margin X","Sağ Kenar Boşluğu X"
"Rotate <b>autoCN22</b> page?","Döndür <b> autoCN22 </ b> sayfa?"
"Rotate entire label?","tüm etiketi döndürün?"
"Rotate label?","etiket Döndür?"
"Rotate Product list","Döndürme Ürün listesi"
"Rotate return address?","dönüş adresi döndürün?"
"Rotate?","Döndür?"
"Round cost by ? decimal places","yuvarlak maliyeti nedir? ondalık"
"Round custom attribute numbers?","Yuvarlak özel özellik numaraları?"
"Round weight by ? decimal places","yuvarlak ağırlık? ondalık"
"Rounding to 2 decimals can work well for price display.<br /><i>Default: No</i>",". 2 ondalık yuvarlama fiyat ekran için işe <br /> olabilir <i> Varsayılan: Hayır </ i>"
"Rule 1?","Kural 1?"
"Rule 2?","Kural 2?"
"Rules are processed in order from low to high priority numbers.<br/>","Kurallar yüksek öncelikli numaralarına düşük sırayla işlenir. <br/>"
"Scale Shipping Labels","Ölçek Nakliye Etiketleri"
"Seeing tofu : <b style="font-size:200%;font-weight:100;display:inline;position:relative;top:5px;">&#9647;</b>?","Görme tofu: <b style = "font-size: 200%; font-weight: 100; display: inline; position: relative; top: 5px;"> & # 9647; </ b>?"
"Select Order Attribute To Update","Sipariş güncelleştirmek için Özellik Seçiniz"
"Separate multiple matches by comma.'","Virgül ile ayırın birden maçlar. '"
"Seperator 1?","Ayırıcı 1?"
"Seperator 2?","Ayırıcı 2?"
"Server Name","Sunucu adı"
"Set in 'Shipping Labels' section","'Kargo Etiketler' bölümünde yer alan"
"Set in 'Shipping Labels' section<br />Enable this to show eg. Royal Mail PPI labels","'Kargo Etiketler' bölümünde <br /> yer alan örneğin göstermek için bu etkinleştirin. Royal Mail ÜFE etiketleri"
"Set Internal Printed Flag?","İç Baskılı Bayrak Set?"
"Set the currency symbol","para birimi sembolünü ayarlama"
"Set to Low to keep filesize low (but background image blurred), set to High to get a sharp background (and larger filesize)","dosya boyutu düşük tutmak için Düşük Set (ama arka plan görüntüsü bulanık) Yüksek olarak ayarlayın net bir arka plan (ve daha büyük dosya boyutu) almak için"
"Settings File","Ayarlar Dosya"
"Shelving attribute","raf özellik"
"Shelving position","pozisyon raf"
"Shelving Xpos","Raf XPOS"
"Shift Bundle Children Xpos","Demet Çocuk XPOS Shift"
"Ship Date","Gemi tarihi"
"shipEasy Connection","shipEasy Bağlantı"
"shipEasy Connection","shipEasy Bağlantı"
"shipEasy flag column #","shipEasy bayrak sütunu #"
"shipEasy flag value?","shipEasy bayrak değeri var mı?"
"Shipping Address","teslimat adresi"
"Shipping address padding","Kargo adresi dolgusu"
"Shipping address phone?","Adres telefonunu Nakliye?"
"Shipping address title","Kargo adresi başlığı"
"Shipping Date?","Nakliye Tarihi?"
"Shipping Image #1","Nakliye Resim 1."
"Shipping Image #2","Nakliye Resim 2."
"Shipping Image #3","Kargo Resim 3."
"Shipping Labels","Kargo Etiketleri"
"Shipping Method (Default)","Nakliye Yöntemi (Varsayılan)"
"Shipping method?","Nakliye Yöntemi?"
"Shipping options?","Nakliye seçenekleri?"
"Shipping Type","Nakliye Türü"
"Shipping/Billing Title : Style","Kargo / Fatura Başlık: Stil"
"Shipping/Billing title position","Kargo / Fatura başlık pozisyonu"
"Show","Göstermek"
"Show 'Allowance'?","Show 'Ödeneği'?"
"Show 'Message B' for this group :","Bu grup için Show 'Mesajı B':"
"Show 'Message B' for this group :","Bu grup için Show 'Mesajı B':"
"Show 'Packed 2 by' note?","Göster '2 Paketli' not?"
"Show 'Packed by' note?","'Tarafından Paketli' Show not?"
"Show 'Packed by' note?","'Tarafından Paketli' Show not?"
"Show 'total item count'?","Show 'toplam öğe sayısı'?"
"Show 'total order count'?","Show 'toplam sipariş sayısı?'"
"Show 'total paid'?","Show 'toplam ödenmiş?'"
"Show 'total shipping paid'?","Show 'toplam nakliye ödenen'?"
"Show 'Total Taxed Product Value'?","Show 'Toplam vergilendirilir Ürün Değeri'?"
"Show 'Total UnTaxed Product Value'?","Show 'Toplam vergilendirilmemiş Ürün Değeri'?"
"Show #Order or #Invoice","Göster #Order veya #Invoice"
"Show 0 qty items?","0 Adet Adet ürün göster?"
"Show 2nd attribute?","2 niteliğini göster?"
"Show 2nd order custom attribute?","2. sıra özel öznitelik göster?"
"Show 2nd Order ID?","2 Sipariş Kimliği göster?"
"Show 2nd qrcode?","2 qrcode göster?"
"Show 2nd?","2nd göster?"
"Show 3rd attribute?","3 niteliğini göster?"
"Show address in product label?","Ürün etiketinde adres göstermek?"
"Show advanced options?","Gelişmiş ayarları göster?"
"Show Aitoc Checkout Fields?","Aitoc Ödeme Fields göster?"
"Show Amasty Order Attributes?","Göster Amasty Sipariş Nitelikleri?"
"Show Amasty order delivery date?","Amasty sipariş teslimat tarihini göster?"
"Show another attribute?","Başka bir özelliği göster?"
"Show as Icon?","Simge olarak gösterilir?"
"Show attribute titles?","Göster başlıkları öznitelik?"
"Show barcode SKU?","Barkod SKU göster?"
"Show Base Currency values in Subtotals?","Alt toplamlar Baz Para değerlerini göster?"
"Show BetaBoxes?","Göster BetaBoxes?"
"Show billing address at top?","üstündeki fatura adresinizi göster?"
"Show billing address?","Fatura adresini göster?"
"Show billing phone under shipping address ?","sevkıyat adresi altında fatura telefonu göstermek?"
"Show billing phone?","Fatura telefonunu göster?"
"Show Box 1?","Göster Kutu 1?"
"Show Box 2?","Göster Box 2?"
"Show Box 3?","Göster Kutu 3?"
"Show box estimation?","kutu tahmini göster?"
"Show brackets around tax?","Vergi etrafında dirseklerini göster?"
"Show bundle parent?","paket ebeveyn göster?"
"Show bundle parents?","paket anne göster?"
"Show bundle product children?","paket ürün çocukları göster?"
"Show column titles?","Sütun başlıkları göster?"
"Show cost subtotal?","Maliyet ara toplamı göster?"
"Show Currency Exchange Rate in Subtotals?","Alt toplamlar Döviz Alım Satım Oranı göster?"
"Show custom attribute?","öznitelik özel gösterisi?"
"Show custom barcode?","Özel barkod göster?"
"Show custom product attribute (2)?","özel ürün niteliğini (2) göster?"
"Show custom product attribute (3)?","özel ürün niteliğini (3) göster?"
"Show custom product attribute (4)?","özel ürün niteliğini (4) göster?"
"Show custom product attribute?","özel ürün niteliğini göster?"
"Show custom product attributes?","özel ürün özelliklerini göster?"
"Show custom product options?","özel ürün seçenekleri göster?"
"Show custom qrcode?","Özel qrcode göster?"
"Show customer email?","Müşteri e-posta göster?"
"Show customer group?","Müşteri grubu göster?"
"Show customer ID?","Müşteri kimliğini göster?"
"Show customer phone?","Müşteri telefonunu göster?"
"Show customer VAT number?","Müşteri KDV numarası göster?"
"Show custommer comment?","custommer yorumu göster?"
"Show date printed?","Show date baskılı?"
"Show deadline text / date?","son metin / tarih göster?"
"Show discount?","indirim göster?"
"Show discounts in order subtotal","Toplam sipariş show indirimler"
"Show discounts in order subtotal'","Göster indirimler Toplam sipariş içinde '"
"Show discounts where?","nerede indirimler göster?"
"Show discounts?","Göster indirimler?"
"Show Earned Points?","Çekici yerleri göster Kazanılan?"
"Show extended info line?","genişletilmiş bilgi hattını göster?"
"Show extra shipping details?","ekstra nakliye ayrıntılarını göster?"
"Show fixed text?","sabit bir metin göster?"
"Show fixed-text for non-Store-Pickup orders?","olmayan Mağaza-Pickup siparişlerde sabit metin göster?"
"Show for bundle children?","paket çocuk ABS?"
"Show full payment?","tam ödeme göster?"
"Show gift message title 'to/from'","Göster hediye mesajı başlığı '/' için '"
"Show gift message?","hediye mesajı göster?"
"Show gift messages?","hediye iletileri göster?"
"Show gift wrap message?","hediye paketi mesajı göster?"
"Show gift wrap style?","hediye paketi tarzı göstermek?"
"Show giftwrap label?","Hediye Paketleri etiketi gösterin?"
"Show Grand Total?","Büyük Toplam göster?"
"Show icon top-of-page for wrap orders?","Simge göster üst-sayfa sarma siparişler için?"
"Show invoiced date?","faturalı tarihini gösterir?"
"Show items count?","Göster öğeler saymak?"
"Show logo on Pick Lists?","Seçim Listeleri logo göster?"
"Show logo on picklists?","picklists logo gösterilsin mi?"
"Show mageworld order delivery date?","mageworld sipariş teslimat tarihini göster?"
"Show Mageworx Multifees?","Mageworx Multifees göster?"
"Show movable Order ID?","hareketli Sipariş Kimliği göster?"
"Show name?","adını gösterir?"
"Show on line item' can help reduce customs fees","gümrük ücretleri azaltmaya yardımcı olabilir 'satır öğesinin üzerinde göster"
"Show order column titles?","Sipariş sütun başlıkları göster?"
"Show order comments?","Sipariş yorumları göster?"
"Show order custom attribute?","Göster sipariş özel nitelik?"
"Show order date?","Sipariş tarihi gösterecek?"
"Show order gift message?","Sipariş hediye mesajı göster?"
"Show Order Grand Total","Sipariş Büyük Toplam göster"
"Show Order ID (above address)?","Göster Sipariş Kimliği (adres yukarıda)?"
"Show Order ID above address?","adresi üzerinde Sipariş kimliğini göster?"
"Show Order ID barcode?","Sipariş Kimliği barkod göster?"
"Show Order ID barcodes?","Sipariş Kimliği barkod göster?"
"Show Order ID in product label?","Ürün etiketinde Sipariş kimliğini göster?"
"Show Order ID?","Sipariş Kimliği göster?"
"Show Order IDs?","Sipariş kimlikleri göster?"
"Show order number?","sipariş numarasını göster?"
"Show Order Subtotals?","Sipariş alt toplamlar göster?"
"Show Order Tax Total","Sipariş Vergi Toplam göster"
"Show Order Total (no Tax)","Göster Sipariş Toplamı (yok Vergisi)"
"Show page title bar?","sayfa başlık çubuğunu göster?"
"Show parent product name","Üstünü göster Ürün adı"
"Show payment method?","ödeme yöntemi göster?"
"Show phone numbers?","telefon numaralarını göster?"
"Show pickup date/time on same line?","Aynı hat üzerinde pikap tarih / zaman gösterecek?"
"Show Point Discount?","Nokta İndirim göster?"
"Show Price?","Fiyatı göster?"
"Show prices?","Göster fiyatları?"
"Show product gift message?","Ürün hediye mesajı göster?"
"Show Product Gift-Wrap Column?","Ürün Göster Hediye-Wrap Sütun?"
"Show Product Grand Total","Ürün Göster Genel Toplam"
"Show Product ID barcode","Ürün Göster Kimliği barkod"
"Show product ID below barcode?","barkod aşağıdaki ürün kimliğini göster?"
"Show product images?","ürün resimlerini göster?"
"Show product line total?","ürün hattı toplam gösteriyor?"
"Show Product list?","Ürün listesini göster?"
"Show product name bold?","Göster ürün adı cesur?"
"Show product name?","Ürün adını göster?"
"Show product names?","Ürün isimleri göster?"
"Show product options?","ürün seçeneklerini göster?"
"Show Product qty?","Ürün Sayısı göster?"
"Show product sku barcode?","Ürün sku barkod göster?"
"Show product sku?","Ürün SKU göster?"
"Show Product Tax Total","Ürün Vergi Toplam göster"
"Show Product Total(no Tax)","Ürün Göster Toplam (yok Vergisi)"
"Show product type?","Ürün türü göster?"
"Show product-level gift messages?","Ürün düzeyinde hediye iletileri göster?"
"Show purchase order #?","satınalma siparişi # göster?"
"Show qty as:","qty olarak göster:"
"Show return address?","dönüş adresi gösterilsin mi?"
"Show Sheet Grand Total with Tax/ without Tax","Vergi olmadan / Vergi ile levha Büyük Toplam göster"
"Show Sheet Total","Göster Sac Toplam"
"Show Sheet Total with Tax/ without Tax","Vergi ile levha Toplam göster / Vergi olmadan"
"Show shelving info?","bilgi rafları göster?"
"Show Ship Grand Total","Göster Gemi Genel Toplam"
"Show Ship Tax Total","Göster Gemi Vergi Toplam"
"Show Ship Total (no Tax)","Göster Gemi Toplam (yok Vergisi)"
"Show shipping address at top?","üstündeki sevkıyat adresi göster?"
"Show shipping address title?","sevkıyat adresi başlığını göster?"
"Show shipping address?","teslimat adresi gösterilsin mi?"
"Show shipping carrier?","nakliye taşıyıcı gösterilsin mi?"
"Show shipping method?","nakliye yöntemi göster?"
"Show Shipping Price?","Kargo Fiyatı göster?"
"Show Shipping subtotal?","Kargo ara toplamı göster?"
"Show shipping warehouse?","nakliye depo göster?"
"Show simple product name","Basit ürün adını göster"
"Show SKU?","SKU göster?"
"Show Source in subtotal?","subtotal olarak Kaynağı Göster?"
"Show specific attribute?","Belirli bir niteliği göster?"
"Show Spent Points?","Spent Noktaları Göster?"
"Show stock alert below...","Aşağıdaki stok uyarı göster ..."
"Show stock alerts?","Hisse senedi uyarıları göster?"
"Show stock qty?","Hisse senedi qty göster?"
"Show subtotal?","ara toplamını göster?"
"Show Subtotals?","Göster alt toplamlar?"
"Show tax breakdown?","Vergi arıza göster?"
"Show tax separately?","ayrı ayrı vergi göster?"
"Show tickbox 2nd?","tickbox 2 göster?"
"Show tickbox?","tickbox göster?"
"Show total discount?","toplam indirim göster?"
"Show Total Due?","Toplam Due göster?"
"Show Total Order","Göster Toplam Sipariş"
"Show Total Paid?","Göster Toplam Ücretli?"
"Show total shipping?","Toplam nakliye göster?"
"Show total tax?","toplam vergi göster?"
"Show total weight?","Toplam ağırlığı göster?"
"Show tracking number as barcode?","barkod olarak takip numarası göster?"
"Show tracking number?","takip numarasını göster?"
"Show unit price?","birim fiyat Göster?"
"Show unit tax Total","Göster birim vergi Toplam"
"Show unit tax?","Birim vergi göster?"
"Show which date?","Hangi tarih göster?"
"Show which Store-Pickup details?","Mağaza-Pickup ayrıntıları göster?"
"Show which value for configurable product names?","yapılandırılabilir ürün adları için hangi değeri gösterir?"
"Show which value for product names?","ürün adları için hangi değeri gösterir?"
"Show WSA Store-Pickup details?","WSA Mağaza-Pickup ayrıntıları göster?"
"Show zero-value discount?","sıfır değeri indirim göster?"
"Show zero-value shipping?","sıfır değeri nakliye göster?"
"Show zero-value tax?","sıfır değer vergisi göster?"
"Show Zipcode barcode?","Posta Kodu barkod göster?"
"Show?","Göstermek?"
"Shows item if stock below this; Default: 1","öğeyi gösterir eğer bu aşağıda stok; Varsayılan: 1"
"Shows SKU in red if stock below this number","kırmızı SKU gösterirse bu sayının altında hisse senedi"
"Signature line?","İmza hattı?"
"Simple product name","Basit ürün adı"
"Simple product name, even in configurable","Hatta yapılandırılabilir Basit ürün adı,"
"Size","boyut"
"Size attribute","Boyut niteliği"
"Size X-pos.","Boyut X-kut."
"SKU barcode column title","SKU barkod sütun başlığı"
"SKU column title","Stok, başlık"
"SKU position","SKU pozisyon"
"SKU X-pos.","SKU X-kut."
"SKU?","SKU?"
"Small Image","küçük Resim"
"Sort bundle children?","Sıralama paket çocuklar?"
"Sort by :","Göre sırala :"
"Sort direction :","Sıralama yönü:"
"Sort items by :","Sıralama ürün:"
"Sort product lists by :","Sıralama ürün listeleri ile:"
"Sort product lists?","Sıralama ürün listeleri?"
"Sort products by :","Sıralama ürünler ile:"
"Sort Secondary by :","sırala İkincil:"
"Sorting attribute :","özelliği Sınıflandırma:"
"Spacer character:","Spacer karakter:"
"Specific font-size for Town/State/Zip","İlçe / Devlet / Zip için belirli font-size"
"Split &amp; group bundle parents and children/simple-products separately","Split & amp; ayrı grup paket ebeveynler ve çocuklar / basit ürünler"
"Split by logged-in user?","Oturum açan kullanıcı tarafından bölünmüş?"
"Split PDFs by supplier","tedarikçi tarafından bölünmüş PDF'ler"
"Standard : shipping on left, billing on right","Standart: sağ sol, fatura üzerinde nakliye"
"Star specific value?","belirli bir değer yıldızla?"
"Start from fixed Y-Pos?","Sabit Y-Pos başlatın?"
"Start overflow pages where?","taşma sayfaları nerede başlar?"
"Start with 'From :' to have that a different size","'Kimden:' ile başlayın zorunda farklı bir boyut"
"Status","durum"
"Stock alert below...","Aşağıdaki Stok uyarısı ..."
"Stock alerts?","Stok uyarıları?"
"Stock Filter","Stok Filtre"
"Store","mağaza"
"Strip line breaks and commas?","Şerit satır sonları ve virgül?"
"Strip linebreaks from non-address fields in CSV exports?","CSV ihracat dışı adres alanlarından linebreaks Strip?"
"Strip linebreaks in gift messages?","hediye mesajlarında linebreaks soyun?"
"Strip linebreaks in order comments?","Sipariş açıklamalarda linebreaks soyun?"
"Style","stil"
"Subheadings : Color","Alt Başlıklar: Renk"
"Subheadings : Font","Alt Başlıklar: Yazı"
"Subheadings : Size","Alt Başlıklar: Boyut"
"Subheadings : Style","รวมภาษี"
"Subsection height","ภาษี"
"Subtotal align","รวมภาษี"
"Subtotal Labels X-pos","Ara toplam X-pos Etiketler"
"Subtotal Numbers X-pos","Subtotal Numaraları X-kut"
"Suggested : [blank] or 'billing details'","Önerilen: [boş] veya 'fatura ayrıntıları'"
"Suggested : [blank] or 'Ship","Önerilen: '[boş] veya Gemi"
"Suggested : [blank] or 'shipping details'","Önerilen: [boş] ya da 'nakliye detayları'"
"Supplier  'login'","Nakliyeci 'giriş'"
"Supplier attribute","Tedarikçi özellik"
"Supplier options","Tedarikçi seçenekleri"
"Supplier username:suppliername","Tedarikçi adı: suppliername"
"Switched, billing on donw, shipping on up",", Accept üzerinde, fatura Anahtarlamalı yukarı nakliye"
"Switched, billing on left, shipping on right","sağda sola, nakliye, fatura Anahtarlamalı"
"T: ","T:"
"Take product name from:","Ürün adını almak:"
"Tax column title","Vergi sütun başlığı"
"Tax display method","Vergi ekran yöntemi"
"Tax Incl.","Vergi dahil."
"Tax Label","Bandrol"
"Tax Label Incl.","Vergi Etiket dahil."
"Tax paid?","Vergi ödeme?"
"Teando Delivery Options?","Teando Teslimat Seçenekleri?"
"Temando Delivery Options?","Temando Teslimat Seçenekleri?"
"Text","Metin"
"Text for 'Packed 2 by' note :","not '2 Paketli' için Metin:"
"Thailand CN22 Label Image","Tayland CN22 Etiket Görüntü"
"This needs the <b><a href="https://moogento.com/shipeasy" target="_blank">shipEasy</a></b> extension to work","Bu işe <a href="https://moogento.com/shipeasy" target="_blank"> <b> shipEasy </a> </ b> uzantısı ihtiyacı"
"This option will work if you have installed Gift Wrap feature of Magento Enterprise","Bu seçenek Magento Enterprise yüklü varsa Hediye Wrap özelliği çalışacak"
"This option will work if you have installed warehouse extension.","Eğer depo uzantısı yüklü varsa bu seçenek çalışacaktır."
"This sets: Packing Sheets, Invoices, Picklists.","Bu ayarlar: Ambalaj Levhalar, Faturalar, picklists."
"This will add an info label at the end of every print run.","Bu, her baskı çalışmasının sonunda bir bilgi etiketi katacak."
"This will be added to each order's total weight","Bu, her siparişin toplam ağırlığı eklenecek"
"This will create different pick lists per supplier","Bu tedarikçi göre farklı seçim listeleri yaratacak"
"This will group all products by their category (useful for outbound customs declarations)","Bu irade grubu (giden gümrük beyannamelerinin için yararlı) kendi kategorisinde tüm ürünler"
"This will move the image on each label","Bu, her etiketin üzerindeki görüntüyü hareket edecek"
"This will slow down PDF generation by a lot, so leave 'No' unless you really need it","Bu bir çok PDF nesil yavaşlatmak, bu yüzden gerçekten ihtiyacınız 'Hayır' sürece bırakacaktır"
"Thumbnail","başparmak tırnağı"
"Tickbox 2nd Xpos","Tickbox 2 XPOS"
"Tickbox 2nd?","Tickbox 2?"
"Tickbox Xpos","tickbox XPOS"
"Tickbox?","Onay kutusu?"
"Time","Zaman"
"Tip : Use short title(s) if you choose 'beside'","İpucu: Kullanım kısa başlık (lar) 'yanında' seçerseniz"
"Title","başlık"
"Title text","Başlık metni"
"Titlebars Bkg Color","Titlebars BKG Renk"
"Today\'s Date","Bugünün tarihi"
"Top address padding","En adres dolgusu"
"Top Left","Sol üst"
"Top of page","Sayfanın Başı"
"Top-left Ribbon","Sol üst Şerit"
"Total invoiced items count?","Toplam faturalı ürün saymak?"
"Total items count?","Toplam ürün sayısı?"
"Total order count?","Toplam sipariş sayısı?"
"Total paid column","Toplam ücretli sütun"
"Total paid for each SKU?","Toplam her SKU için ödenen?"
"Total paid?","Toplam ödenmiş?"
"Total price column title","Toplam fiyat sütunu başlığı"
"Total product qty title","Toplam ürün qty başlığı"
"Total shipped items count?","Toplam sevk öğeler saymak?"
"Total shipping paid?","Toplam nakliye ödedi?"
"Total weight?","Toplam ağırlık?"
"Tracking number font size","Takip numarası yazı tipi boyutu"
"Tracking Number?","Takip numarası?"
"Trigger statuses","tetikleyici durumları"
"Trim long content?","Uzun içeriği Trim?"
"Trim long?","Uzun Trim?"
"Trim long SKUs?","Uzun SKU'larını Trim?"
"Trim Product Name","Trim Ürün Adı"
"Trim Product Name?","Ürün Adı Trim?"
"Trim SKU?","SKU Trim?"
"Trim?","Trim?"
"Truncate items to fit in columns?","sütunlarda uygun öğeleri kesecek?"
"UK CN22 Label Image","UK CN22 Etiket Görüntü"
"Under product-list message","Ürün listesi mesajının altında"
"Under product-list Message A","Ürün listesi Mesajı A altında"
"Under product-list Message B","Ürün listesi Mesajı B altında"
"Under shipping details","nakliye ayrıntıları altında"
"Unhold?","Devam?"
"Unit price column title","Birim fiyatı sütun başlığı"
"Unit price title","Birim fiyatı başlığı"
"Unit tax title","Birim vergi başlığı"
"Unit tax title?","Birim vergi başlık?"
"Update after process","Güncelleme işleminden sonra"
"Update Order Attribute","Güncelleme Sipariş Özellik"
"Update shipEasy Flag","Güncelleme shipEasy Bayrağı"
"Upload a .ttf or .otf font file","Bir Ttf veya .OTF yazı dosyası yükle"
"Upload a .ttf or .otf font file <br />'Font style' settings","Bir Ttf veya .OTF font dosyası <br /> yükle 'Yazı stili' ayarları"
"Upload a .ttf or .otf font file <br />'Font style' settings are ignored with custom fonts","Bir Ttf veya .OTF font dosyası <br /> yükle 'Yazı stili' ayarlar özel yazı tipleri ile göz ardı edilir"
"Upload a .ttf or .otf font file'Font style' settings","Bir .ttf veya .OTF yazı file'Font style ayarlarını yükleyin"
"Upload a .ttf or .otf font file<br />'Font style' settings are ignored with custom fonts","Bir Ttf veya .OTF font dosyası <br /> yükle 'Yazı stili' ayarlar özel yazı tipleri ile göz ardı edilir"
"Upsize + bold qty, if qty = 2+","+ Cesur qty, yükseltmek eğer qty = 2+"
"USA CN22 Label Image","ABD CN22 Etiket Görüntü"
"Use <b>courierRules</b> generated shipping label?","courierRules </ b> oluşturulan nakliye etiketi <b> kullan?"
"Use as a way to constrain the address inside a specific label or area","Belirli bir etiket veya alanı içinde adres sınırlamak için bir yol olarak kullanın"
"Use GFS Shipping Labels?","GFS Nakliye Etiketleri kullanın?"
"Use logged-in language","açmış bir dil kullanın"
"Use Magento Grand Total?","Magento Büyük Toplam kullanılsın mı?"
"Use Magento subtotals?","Magento alt toplamları kullanılsın mı?"
"Use order storeview language","Sipariş storeview dili kullanın"
"Use together with 'Update shipEasy Flag' -> 'Yes, Printed'","> Evet, Basılı '-' Güncelleme shipEasy Bayrak 'ile birlikte kullanın"
"Use what language and when?","Ne dil ve ne zaman kullanılır?"
"Use which image?","Hangi resim kullanılsın mı?"
"Use which?","Hangi kullanılsın mı?"
"Uses header logo from Packing Sheet","Paketleme Sheet gelen başlık logosunu kullanan"
"Using One Step Checkout (Magestore) delivery date","Bir Adım Ödeme (Magestore) teslim tarihini kullanarak"
"Usually goes at page base - handy for QC","Genellikle sayfa dibinde gider - QC için kullanışlı"
"Value","değer"
"Vert Line","Vert Hattı"
"Warehouse?","Depo?"
"Weight Based number?","Ağırlık Tabanlı numara?"
"Weight Based?","Ağırlık Tabanlı?"
"Weight multiplier","Ağırlık çarpanı"
"Weight rounding","Ağırlık yuvarlama"
"Weight unit","Ağırlık birimi"
"Weight unit:","Ağırlık birimi:"
"What is your word for 'tax'?","'Vergi' için kelime nedir?"
"Where to position custom product attributes on the picklists.<br />Default: Columns","Nerede özel ürün picklists öznitelikleri konumlandırmak için <br /> Varsayılan:. Sütunlar"
"Which Aitoc attribute codes?","Hangi Aitoc kodları bağlıyor?"
"Which Options?","Hangi Seçenekler?"
"Which value for configurable product names?","yapılandırılabilir ürün adları için hangi değeri var mı?"
"Which?","Hangi?"
"Width","genişlik"
"X days after printing date?","Tarih yazdırdıktan sonra X gün?"
"X-Nudge","X-Sıkışma"
"X-pos","X-kut"
"X-Pos [434]","X-Pos [434]"
"X-Pos.  images 222","X-Pos. görüntüleri 222"
"X-Pos. attr. 2","X-Pos. attr. 2"
"X-Pos. attr. 2 (+ prices col)","X-Pos. attr. 2 (+ fiyatları col)"
"X-Pos. attr. 2 (+ prices, tax cols)","X-Pos. attr. 2 (+ fiyatları, vergi cols)"
"X-Pos. attr. 3","X-Pos. attr. 3"
"X-Pos. attr. 3 (+ prices col)","X-Pos. attr. (3 + fiyatları col)"
"X-Pos. attr. 3 (+ prices, tax cols)","X-Pos. attr. 3 (+ fiyatları, vergi cols)"
"X-Pos. barcodes","X-Pos. barkodlar"
"X-Pos. custom product options","X-Pos. özel ürün seçenekleri"
"X-Pos. custom product options (+ prices col)","X-Pos. özel ürün seçenekleri (+ fiyatları col)"
"X-Pos. custom product options (+ prices, tax cols)","X-Pos. özel ürün seçenekleri (+ fiyatları, vergi cols)"
"X-Pos. date","X-Pos. tarih"
"X-Pos. images","X-Pos. görüntüleri"
"X-Pos. images (+ prices col)","X-Pos. görüntü (+ fiyatları col)"
"X-Pos. images (+ prices, tax cols)","X-Pos. görüntüler (+ fiyatları, vergi cols)"
"X-Pos. name","X-Pos. isim"
"X-Pos. name (+ prices col)","X-Pos. adı (+ fiyatları col)"
"X-Pos. name (+ prices, tax cols)","X-Pos. adı (+ fiyatları, vergi cols)"
"X-Pos. numbered list","X-Pos. numaralandırılmış liste"
"X-Pos. numbered list bundle children","X-Pos. numaralandırılmış liste paket çocuklar"
"X-Pos. product discount","X-Pos. ürün indirim"
"X-Pos. product discount?","X-Pos. Ürün indirim?"
#N/A
"X-Pos. product line total?","X-Pos. ürün hattı toplam?"
"X-Pos. qty","X-Pos. qty"
"X-Pos. qty (+ prices col)","X-Pos. Adet Adet (+ fiyatları col)"
"X-Pos. qty (+ prices, tax cols)","X-Pos. Adet Adet (+ fiyatları, vergi cols)"
"X-Pos. shelf","X-Pos. raf"
"X-Pos. shelf (+ prices col)","X-Pos. Raf (+ fiyatları col)"
"X-Pos. shelf (+ prices, tax cols)","X-Pos. Raf (+ fiyatları, vergi cols)"
"X-Pos. sku","X-Pos. sku"
"X-Pos. sku (+ prices col)","X-Pos. sku (+ fiyatları col)"
"X-Pos. sku (+ prices, tax cols)","X-Pos. sku (+ fiyatları, vergi cols)"
"X-Pos. SKU barcode","X-Pos. SKU barkod"
"X-Pos. SKU barcode (+ prices col)","X-Pos. SKU barkod (+ fiyatları col)"
"X-Pos. SKU barcode (+ prices, tax cols)","X-Pos. SKU barkod (+ fiyatları, vergi cols)"
"X-Pos. tickbox","X-Pos. onay kutusu"
"X-Pos. tickbox (+ prices col)","X-Pos. tickbox (+ fiyatları col)"
"X-Pos. tickbox (+ prices, tax cols)","X-Pos. tickbox (+ fiyatları, vergi cols)"
"X-Pos. total price","X-Pos. toplam fiyat"
"X-Pos. total price (+ tax col)","X-Pos. toplam tutarı (+ vergi col)"
"X-Pos. unit price","X-Pos. birim fiyat"
"X-Pos. unit price (+ tax col)","X-Pos. birim fiyat (+ vergi col)"
"X-Pos. unit tax","X-Pos. birim vergi"
"X-Pos. unit tax?","X-Pos. Birim vergisi?"
"XML/CSV Cargo Packing Sheet","XML / CSV Yük Ambalajı Levha"
"Xpos name","xpos adı"
"Xpos qty","xpos qty"
"Xpos shelving","xpos raflar"
"Y-pos","Y-kut"
"Yes","Evet"
"Yes (After tax)","Evet (vergi sonrası)"
"Yes (item custom attribute with specific date)","Evet (madde özel tarih ile nitelik)"
"Yes (Multiple products)","Evet (Birden fazla ürün)"
"Yes (Single products)","Evet (Tek ürün)"
"Yes in Packing Sheets & Invoices Only","Evet Ambalaj Levha ve Faturalar Sadece içinde"
"Yes in Picklists Only","Picklists evet Sadece"
"Yes, *not* including email","Evet, * değil * içeren e-posta"
"Yes, 2 messages, depending on customer group","Evet, 2 mesaj, müşteri grubuna bağlı olarak"
"Yes, after shipping address","Evet, sevkıyat adresi sonra"
"Yes, an image","Evet, bir görüntü"
"Yes, and don\'t include date","Evet, ve don \ 't tarihini içerir"
"Yes, and double-quote quotes","Evet, ve çift tırnak tırnak"
"Yes, and include date","Evet, ve tarih dahil"
"Yes, and strip all quotes","Evet, ve tüm tırnak şerit"
"Yes, average price paid (taken from invoice row)","Evet, ödenen ortalama fiyat (fatura satırdaki alınan)"
"Yes, before shipping address","Evet, sevkıyat adresi önce"
"Yes, below product line, linear","Evet, ürün çizgisinin altında, doğrusal"
"Yes, below product line, stacked","Evet, ürün çizgisinin altında, yığılmış"
"Yes, below product line, stacked & boxed","Evet, ürün çizgisinin altında, yığılmış ve kutulu"
"Yes, both in a Tax column and a Tax subtotal","Evet, her ikisi de bir Vergi sütun ve Vergi subtotal içinde"
"Yes, by Order Attribute","Evet, Sipariş Özellik tarafından"
"Yes, by Order Status","Evet, Sipariş durumu ile"
"Yes, by Shipping Method","Evet, Nakliye Yöntemi ile"
"YES, CAPITALISE","EVET Capitalise"
"Yes, Child (Simple product full SKU (include option))","Evet, Çocuk (Basit ürün tam SKU (seçeneği dahil))"
"Yes, Child (Simple product full SKU, including product options)","Evet, Çocuk (Basit ürün tam SKU, ürün seçenekleri de dahil olmak üzere)"
"Yes, Child (Simple product SKU **Default**)","Evet, Çocuk (Basit ürün SKU ** Standart **)"
"Yes, Child (Simple product)","Evet, çocuklar (Basit ürün)"
"Yes, combined in movable box","Evet hareketli kutu içinde bir araya"
"Yes, combined in new page","Evet, yeni bir sayfada kombine"
"Yes, combined in positionable box","Evet konumlandırılabilir kutu içinde bir araya"
"Yes, combined under products list","Evet, ürünler listesine altında birleştirildi"
"Yes, combined under shipping address","Evet, sevkıyat adresi altında birleştirildi"
"Yes, combo attributes","Evet, açılan nitelikleri"
"Yes, concise","Evet, özlü"
"Yes, count each option as a separate SKU","Evet, ayrı bir SKU olarak her seçeneği saymak"
"Yes, count each option as a separate SKU, grouped under parent product","Evet, ana ürün altında gruplanan ayrı bir SKU olarak her seçeneği, saymak"
"Yes, custom attribute","Evet, özel özellik"
"Yes, depending on Country Group","Evet, Ülke Grubu bağlı"
"Yes, filter by notes text","notlar metin Evet, filtre"
"Yes, fixed text","Evet, sabit metin"
"Yes, for Pick Lists and Packing Sheets","Evet, Seçim Listeleri ve Paketleme Sheets için"
"Yes, from custom attribute","Evet, özel öznitelik gelen"
"Yes, full SKU","Evet, tam SKU"
"Yes, Garuda [good for: Thai, Latin]","Evet, Garuda [için iyi: Tai Latince]"
"Yes, grayed out","Evet, silik"
"Yes, group parent SKUs and option SKUs","Evet, grup ebeveyn SKU'ları ve opsiyon SKU'larında"
"Yes, in a Tax column","Evet, bir vergi sütununda"
"Yes, in a Tax subtotal","Evet, bir Vergi subtotal içinde"
"Yes, in page base","Evet, sayfa tabanı"
"Yes, in positionable box (handy for tear-off labels)","Evet, konumlandırılabilir kutusunda (kullanışlı yırtma etiketler için)"
"Yes, in separate column","Evet ayrı bir sütuna"
"Yes, in title","Evet, başlıkta"
"Yes, incl. tax","Evet, dahil. vergi"
"Yes, including email","Evet, aşağıdakileri içeren bir e-posta"
"Yes, inline with product SKU","Ürün SKU Evet, inline"
"Yes, Invoice ID","Evet, Fatura ID"
"Yes, Kinnari (similar to Georgia) [good for: Thai, Latin]","(Gürcistan benzer) Evet, Kinnari [için iyi: Tai, Latin]"
"Yes, Marketplace Order ID","Evet, Pazar Sipariş Kimliği"
"Yes, MS Gothic [large filesize, good for: Japanese, Latin]","Evet, MS Gothic [büyük dosya boyutu için iyi: Japon, Latin]"
"Yes, new line for each, under product SKU","Ürün SKU altında her biri için evet, yeni satır,"
"Yes, on a new page","Evet, yeni bir sayfada"
"Yes, on same label","Evet, aynı etiket üzerinde"
"Yes, on separate label","Evet, ayrı etiket üzerinde"
"Yes, one message, horizontal strip","Evet, bir mesaj yatay bir şerit"
"Yes, one message, positionable box","Evet, bir mesaj, konumlandırılabilir kutusu"
"Yes, one product per label","etiket başına Evet, bir ürün"
"Yes, only output Invoiced items","Evet, sadece çıkış Faturalanan ürün"
"Yes, only output Shipped items","Evet, sadece çıkış Sevk ürün"
"Yes, order details + shipping label","Evet, sipariş ayrıntıları + nakliye etiketi"
"Yes, order details only","Evet, sipariş sadece ayrıntıları"
"Yes, Order ID","Evet, Sipariş Kimliği"
"Yes, Parent (Configurable parent **Default**)","Evet, Veli (Ayarlanabilir ebeveyn ** Standart **)"
"Yes, Parent (Configurable parent SKU)","Evet, Veli (Ayarlanabilir üst SKU)"
"Yes, product category","Evet, ürün kategorisi"
"Yes, product ID","Evet, ürün kimliği"
"Yes, product name","Evet, ürün adı"
"Yes, product SKU","Evet, ürün SKU"
"Yes, Purisa (similar to Comic Sans) [good for: Thai, Latin]","Evet, (Comic Sans benzer) Purisa [için iyi: Tai, Latin]"
"Yes, Sawasdee [good for: Thai, Latin]","Evet, Sawasdee [için iyi: Tai Latince]"
"Yes, shipping label only","Evet, nakliye etiket sadece"
"Yes, show only notes tagged \'visible on frontend\'","Evet, 'önyüz \ görünür' \ etiketli tek notlar göstermek"
"Yes, Simplified Chinese [good for: Chinese]","Evet, Basitleştirilmiş Çince [için iyi: Çin]"
"Yes, split parent SKUs if option SKUs vary","Evet, bölünmüş ana SKU'larında seçeneği SKU değişir eğer"
"Yes, standard fonts [large filesize, good for accented Latin]","[Aksanlı Latin iyi büyük dosya boyutu,] Evet, standart yazı"
"Yes, Tahoma [medium filesize, good for: Arabic, Latin]","Evet, Tahoma [orta dosya boyutu, için iyi: Arapça, Latince]"
"Yes, to 0 decimal places","Evet, 0 ondalık"
"Yes, total product cost price","Evet, toplam ürün maliyet fiyatı"
"Yes, total sold price, excluding shipping","Evet, toplam satılan fiyat hariç nakliye"
"Yes, total sold price, including shipping","Evet, toplam satılan fiyat, nakliye dahil"
"Yes, Traditional Chinese [good for: Chinese]","Evet, Geleneksel Çince [iyi için: Çin]"
"Yes, under individual product","Evet, tek tek ürün altında"
"Yes, under product list","Evet, ürün listesinin altında"
"Yes, up to a pallet","Evet, bir palet kadar"
"Yes, Uppercase","Evet, Uppercase"
"Yes, with no tax info","Evet, hayır, vergi bilgi ile"
"Yes, with Tax","Evet, Vergi ile"
"Yes, with VAT info","Evet, KDV bilgi ile"
"Yes: bold","Evet: bold"
"Yes: bold & underline","Evet: cesur ve altı çizili"
"Yes: bold, underlined & red","Evet: kalın, altı çizili ve kırmızı"
"Yes: boxed","Evet: kutulu"
"You need courierRules installed for this to work. This will use the specific label generated by courierRules.","Bunun çalışması için yüklü courierRules gerekir. Bu courierRules tarafından oluşturulan özel etiket kullanır."
"Filter/split by supplier?","Filtre / tedarikçi tarafından bölünmüş?"
"'Combined Packing Sheet/Invoice' grouped by Order ID?","Sipariş Kimliği göre gruplandırılmış 'Kombine Ambalaj Kağıdı / Fatura'?"
"Reset pickPack","pickPack Reset"
"Export pickPack Settings","İhracat pickPack Ayarları"
"Import pickPack Settings","İthalat pickPack Ayarları"
"'PDF Invoice & Packing Sheet' Sort","'PDF Fatura ve Paketleme Formu' sırala"
"Customise CSVs","özelleştirme CSV'ler"
"Customise PDFs","PDF'leri özelleştirin"
"Customise Admin/Frontend Options","Yönetici / Kullanıcı arabirimi Seçenekleri özelleştirin"
"pickPack User Guide","pickPack Kullanım Kılavuzu"
"Moogento Store","Moogento mağazası"