"'Allowance' column title","'Allowance' kolonne titel"
"'Attribute 1' column","kolonnen "Egenskab 1 '"
"'Attribute 2' column","kolonnen "Egenskab 2 '"
"'Attribute 3' column","kolonnen "Attribut 3 '"
"'Attribute 4' column","kolonnen "Attribut 4 '"
"'Attribute Combine' column","'Attribut Kombiner' kolonne"
"'Combined Packing Sheet/Invoice' grouped by Order ID?",""Kombineret Pakning ark / Faktura 'grupperet efter Ordre-id?"
"'PDF Invoice & Packing Sheet' Sort","'PDF faktura & Packing Sheet' Sort"
"'Product barcode' column","kolonnen "Produkt stregkode '"
"'Product images' column","kolonnen "Produktbilleder '"
"'Product name' column","Kolonnen 'Produktnavn'"
"'Product weight' column","kolonnen "Produkt vægt '"
"'Qty' column","'Antal' kolonne"
"'ship-address' and 'bill-address' column format","'Skibe adresse "og" bill-adresse' kolonneformat"
"'ship-address' and' bill-address' column format","'Skibe adresse "og" bill-adresse' kolonneformat"
"'SKU' column","'SKU' kolonne"
"'Stock qty' column","kolonne 'Stock qty'"
"'Stock warning' column","kolonne 'Stock advarsel'"
"'Tick boxes' next to item SKUs?","'Tick bokse "næste punkt SKUs?"
"'Tickbox 2nd' column","kolonne 'afkrydsningsfelt 2.'"
"'Tickbox' column",""Afkrydsningsfeltet 'kolonne"
"'Warehouse' column","'Warehouse' kolonne"
"(%) Default is 100%","(%) Standard er 100%"
"(Attribute must exist)","(Attribut skal eksistere)"
"(Default : "Total Price Col" X-Pos)","(Standard: "Samlet pris Col" X-Pos)"
"(Default:No)","(Standard: Nej)"
"(Default:Yes)","(Standard: Ja)"
"(negative to shift it down)","(Negativ at flytte det ned)"
"(standard for invoices)","(Standard for fakturaer)"
"(Tip: Upload placeholder images in Config > Catalog)","(Tip: Upload pladsholder billeder i Config> Katalog)"
"(Upload placeholder images in Config > Catalog)","(Upload placeholder billeder i Config> Katalog)"
"(Used if 'Position of shelving info' set to 'Columns')","(Bruges, hvis 'Placering af reoler info' sæt til 'kolonner')"
"['Payment due ']","[ 'Betaling grund']"
"["Payment due "]","[ "Betaling grund"]"
"[#000000] (#HEX colour code)","[# 000000] (#Hex farvekode)"
"[#111111] (#HEX colour code)","[# 111111] (#Hex farvekode)"
"[#5BA638] (#HEX colour code)","[# 5BA638] (#Hex farvekode)"
"[#87CEEB] (#HEX colour code)","[# 87CEEB] (#Hex farvekode)"
"[#8AC371] (#HEX colour code)","[# 8AC371] (#Hex farvekode)"
"[#FFFFFF] (#HEX colour code)","[#FFFFFF] (#Hex Farvekode)"
"[0]<br />Eg. 21.6700 @ 0 = 22; @ 1 = 21.7; @ 2 = 21.67; @ -1 = 20","[0] <br /> Eg. 21,6700 @ 0 = 22; @ 1 = 21,7; @ 2 = 21.67; @ -1 = 20"
"[1]<br />Eg. Change the display cost to match your actual end costs","[1] <br /> Eg. Skift display omkostninger til at matche dine faktiske ende omkostninger"
"[1]<br />Eg. kg -> lb = 2.2046; lb -> kg = 0.4536","[1] <br /> Eg. kg -> lb = 2,2046; Ib -> kg = 0,4536"
"[1]<br />Eg. your base currency is USD, your manifest display currency is GBP : enter the exchange rate multiplier for USD -> GBP","[1] <br /> Eg. Deres basisvaluta er USD, din åbenbar display valuta GBP: Indtast kursen multiplikator for USD -> GBP"
"[10] (negative to shift it down)","[10] (negativ at flytte det ned)"
"[10] (negative to shift it down)<br />(Make about half image height to center text)<br />(If you need to show options, probably don't shift)","[10] (negativ at flytte det ned) <br /> (Make omkring halvdelen billede højde for at centrere tekst) <br /> (Hvis du har brug for at vise muligheder, sandsynligvis ikke flytte)"
"[10pt]/5pt (top/bottom), 5pt (left/right)","[10pt] / 5pt (top / bund), 5pt (venstre / højre)"
"[13pt/5pt] (top/bottom), [5pt] (left/right)","[13pt / 5pt] (top / bund), [5pt] (venstre / højre)"
"[15pt] - Set larger to print a larger barcode","[15pt] - Indstil større for at udskrive et større stregkode"
"[2] [1.1256 becomes 1.13]","[2] [1,1256 bliver 1.13]"
"[2]<br />Eg. 21.6700 @ 0 = 22; @ 1 = 21.7; @ 2 = 21.67; @ -1 = 20","[2] <br /> Eg. 21,6700 @ 0 = 22; @ 1 = 21,7; @ 2 = 21.67; @ -1 = 20"
"[22pt] (top/bottom), [30pt] (left/right)","[22pt] (top / bund), [30pt] (venstre / højre)"
"[25, 25] (can leave one blank)","[25, 25] (kan efterlade en er tom)"
"[250, 100] Need to select [Yes] on "Show order gift message" or "Show product gift message".","[250, 100] Behov for at vælge [Ja] på "Vis ordre gave besked" eller "Vis produkt gave meddelelsen"."
"[30] - Set to same as Sku X-Pos to print barcode under Sku","[30] - Indstil til samme som Sku X-Pos at udskrive stregkode under Sku"
"[5pt] (top/bottom), [5pt] (left/right)","[5pt] (top / bund), [5pt] (venstre / højre)"
"[5pt] (top/bottom), [5pt] (left/right)","[5pt] (top / bund), [5pt] (venstre / højre)"
"[5pt/5pt] (top/bottom), [5pt/5pt] (left/right)","[5pt / 5pt] (top / bund), [5pt / 5pt] (venstre / højre)"
"[backordered]","[Restordre]"
"[blank]","[blank]"
"[center]","[centrum]"
"[Default = No]","[Standard = Nej]"
"[Empty]","[Tom]"
"[Equal]","[Ens]"
"[Grand Total]","[Grand Total]"
"[Invoice then Packing Sheet]","[Faktura derefter Packing Sheet]"
"[Italic]","[Kursiv]"
"[items]","[poster]"
"[M j, Y]  Format this according to www.php.net/date","[M j, Y] Formater denne ifølge www.php.net/date"
"[More than]","[Mere end]"
"[No]","[Ingen]"
"[No] : Default","[Nej]: Standard"
"[No] (No = Word-wrap)","[No] (Nej = Word-wrap)"
"[No] If set to yes, gift messages will print with this font.","[Nej] Hvis sat til ja, gave beskeder vil udskrive med denne skrifttype."
"[OpenSans]","[OpenSans]"
"[Packing Sheet then Invoice]","[Packing Sheet derefter Faktura]"
"[Partially: Lines top &amp; bottom]","[Delvist: Lines top & amp; bund]"
"[price]","[pris]"
"[pt] (top/bottom), [pt] (left/right)","[Pt] (top / bund), [pt] (venstre / højre)"
"[qty]","[Qty]"
"[Regular]","[Fast]"
"[Ship to:]","[Send til:]"
"[Shipping]","[Forsendelse]"
"[Simple product name]","[Simple produktnavn]"
"[Simple product name]","[Simple produktnavn]"
"[sku]","[Sku]"
"[Source]","[Kilde]"
"[stock]","[Lager]"
"[Subtotal]","[Subtotal]"
"[Y_m_d]  Format this according to www.php.net/date","[Y_m_d] Formater denne ifølge www.php.net/date"
"[Yes (from Magento)]","[Ja (fra Magento)]"
"[Yes]","[Ja]"
"[Yes] : Default;","[Ja]: Standard;"
"[Yes] (Adds 'Included' to tax label)","[Ja] (Tilføjer "Inkluderet" til skat etiket)"
"[Yes] (No = Word-wrap)","[Yes] (Nej = Word-wrap)"
"[Yes]<br />- If you have slightly 'dirty data' (eg. product names with linebreaks in) set this to yes.","[Ja] <br /> - (. Fx produktnavne med linieskift i) Hvis du har lidt "beskidt data" sat dette til ja."
"[Yes]<br />- If you have spreadsheet cells getting mixed up, check this is turned on.<br />- If set to Yes, set the spreadsheet importer to 'Fields de-limited by " character'.","[Ja] <br /> -. Hvis du har regneark celler bliver blandet op, tjek dette er tændt <br /> - Hvis sat til Ja, skal du indstille regnearket importør til 'Felter de-begrænset af "karakter"."
"<b>Default Label dimensions (portrait):</b>","<B> Standard Label dimensioner (portræt): </ b>"
"<b>Label dimensions:250,200</b>","<B> Label dimensioner: 250.200 </ b>"
"""<div class=""column_config_para"" style=""margin-top: -12em;""><b>Structure:</b> <span class = ""comment_code"">{if X}</span><span class = ""comment_code"">{X}</span>,|<span  class = ""comment_code"">{/if}</span><br /><b>Can use these codes: </b><br /><span class = ""comment_code"">{prefix}</span><span  class = ""comment_code"">{name}</span><span class = ""comment_code"">{firstname}</span><span class = ""comment_code"">{lastname}</span><span  class = ""comment_code"">{suffix}</span><span class = ""comment_code"">{company}</span><span class = ""comment_code"">{street}</span><span  class = ""comment_code"">{city}</span><span class = ""comment_code"">{postcode}</span><span class = ""comment_code"">{country}</span><br />
<span class = ""comment_code"">{street}</span> - All lines of 'street'<br />
<span class = ""comment_code"">{street1}</span> - 1st line of 'street'<br />
<span class = ""comment_code"">{street2}</span> - 2nd line of 'street'<br />
<span class = ""comment_code"">{region}</span> - uses state abbreviation if available, else full name<br />
<span class = ""comment_code"">{REGION}</span>  - all-caps (region only)<br />
<span class = ""comment_code"">{region_full}</span> - uses full state name<br />
<span class = ""comment_code"">{region_code}</span>  - uses state abbreviation only<br />
<span class = ""comment_code"">{COUNTRY}</span>  - all-caps (country only)<br />
| = line break<br />
If you're outputting Zebra Labels don't forget to set the address format in that section as well.</div>"",""<Div class = ""column_config_para"" style = ""margin-top: -12em;""> <b> Struktur: </ b> <span class = ""comment_code""> {if X} </ span> <span class = ""comment_code ""> {X} </ span>, | <span class ="" comment_code ""> {/ if} </ span> <br /> <b> Kan bruge disse koder: </ b> <br /> <span class = ""comment_code""> {præfiks} </ span> <span class = ""comment_code""> {navn} </ span> <span class = ""comment_code""> {firstname} </ span> <span class = ""comment_code""> {lastname} </ span> <span class = ""comment_code""> {suffiks} </ span> <span class = ""comment_code""> {selskab} </ span> <span class = ""comment_code""> {street} </ span> <span class = ""comment_code""> {city} </ span> <span class = ""comment_code""> {postnummer} </ span> <span class = ""comment_code""> {land} </ span> <br / >
<Span class = ""comment_code""> {street} </ span> - Alle linjer af 'gade' <br />
<Span class = ""comment_code""> {street1} </ span> - 1. linje af 'gade' <br />
<Span class = ""comment_code""> {STREET2} </ span> - 2. linie af 'gade' <br />
<Span class = ""comment_code""> {område} </ span> - bruger state forkortelse hvis tilgængelig, ellers fulde navn <br />
<Span class = ""comment_code""> {REGION} </ span> - alle-caps (region kun) <br />
<Span class = ""comment_code""> {region_full} </ span> - bruger fuld tilstand navn <br />
<Span class = ""comment_code""> {REGION_CODE} </ span> - bruger state forkortelse kun <br />
<Span class = ""comment_code""> {country} </ span> - alle-caps (land kun) <br />
| = Linjeskift <br />
Hvis du udsende Zebra etiketter glem ikke at sætte adresse formatet i dette afsnit også. </ Div>"""
"""<div class=""column_config_para"" style=""margin-top: -7.5em;""><b>Structure:</b> <span class = ""comment_code"">{Attribute A}</span>,<span class = ""comment_code"">{Attribute  B}</span>
                            <br /><b>Can use these codes: </b><br /><span class = ""comment_code"">{ship_prefix}{ship_name}{ship_company}{ship_streets}{ship_street1}{ship_street2}{ship_street3}
                             {ship_street4}{ship_city}{ship_postcode}{ship_country}{ship_country_code}{ship_country_code_2char}</span><br />
                             <span class = ""comment_code"">{ship_region}</span> - uses state abbreviation if available, else full name<br />
                            <span class = ""comment_code"">{ship_region_full}</span> - uses full state  name<br />
                            <span class = ""comment_code"">{ship_region_code}</span> - uses state abbreviation only</div>"",""<Div class = ""column_config_para"" style = ""margin-top: -7.5em;""> <b> Struktur: </ b> <span class = ""comment_code""> {Attribut A} </ span>, <span class = ""comment_code""> {Attribut B} </ span>
                            <br /> <b> Kan bruge disse koder: </ b> <br /> <span class = ""comment_code"">{ship_prefix}{ship_name}{ship_company}{ship_streets}{ship_street1}{ship_street2}{ship_street3}
                             {ship_street4}{ship_city}{ship_postcode}{ship_country}{ship_country_code}{ship_country_code_2char}</span><br />
                             <Span class = ""comment_code""> {ship_region} </ span> - bruger state forkortelse hvis tilgængelig, ellers fulde navn <br />
                            <Span class = ""comment_code""> {ship_region_full} </ span> - bruger fuld tilstand navn <br />
                            <Span class = ""comment_code""> {ship_region_code} </ span> - bruger state forkortelse kun </ div>"""
"""<div class=""column_config_para"" style=""margin-top: -7.5em;""><b>Structure:</b> <span class = ""comment_code"">{if x}</span><span class = ""comment_code"">{x}</span>,|<span  class = ""comment_code"">{/if}</span><br /><b>Can use these codes: </b><br /><span class = ""comment_code"">{prefix}</span><span  class = ""comment_code"">{name}</span><span class = ""comment_code"">{firstname}</span><span class = ""comment_code"">{lastname}</span><span  class = ""comment_code"">{suffix}</span><span class = ""comment_code"">{company}</span><span class = ""comment_code"">{street}</span><span  class = ""comment_code"">{city}</span><span class = ""comment_code"">{postcode}</span><span class = ""comment_code"">{country}</span><br />
<span class = ""comment_code"">{street}</span> - All lines of 'street'<br />
<span class = ""comment_code"">{street1}</span> - 1st line of 'street'<br />
<span class = ""comment_code"">{street2}</span> - 2nd line of 'street'<br />
<span class = ""comment_code"">{region}</span> - state abbreviation if available, else full name<br />
<span class = ""comment_code"">{REGION}</span>  - all-caps (region only)<br />
<span class = ""comment_code"">{region_full}</span> - full state name<br />
<span class = ""comment_code"">{region_code}</span> - state abbreviation only<br />
<span class = ""comment_code"">{country}</span> <br />
<span class = ""comment_code"">{COUNTRY}</span>  - all-caps (country only)<br />
| = line break</div>"",""<Div class = ""column_config_para"" style = ""margin-top: -7.5em;""> <b> Struktur: </ b> <span class = ""comment_code""> {hvis x} </ span> <span class = "" comment_code ""> {x} </ span>, | <span class ="" comment_code ""> {/ if} </ span> <br /> <b> Kan bruge disse koder: </ b> <br /> <span class = ""comment_code""> {præfiks} </ span> <span class = ""comment_code""> {navn} </ span> <span class = ""comment_code""> {firstname} </ span> <span class = ""comment_code"" > {lastname} </ span> <span class = ""comment_code""> {suffiks} </ span> <span class = ""comment_code""> {selskab} </ span> <span class = ""comment_code""> {street} < / span> <span class = ""comment_code""> {city} </ span> <span class = ""comment_code""> {postnummer} </ span> <span class = ""comment_code""> {land} </ span> <br />
<Span class = ""comment_code""> {street} </ span> - Alle linjer af 'gade' <br />
<Span class = ""comment_code""> {street1} </ span> - 1. linje af 'gade' <br />
<Span class = ""comment_code""> {STREET2} </ span> - 2. linie af 'gade' <br />
<Span class = ""comment_code""> {område} </ span> - state forkortelse hvis tilgængelig, ellers fulde navn <br />
<Span class = ""comment_code""> {REGION} </ span> - alle-caps (region kun) <br />
<Span class = ""comment_code""> {region_full} </ span> - fuld tilstand navn <br />
<Span class = ""comment_code""> {REGION_CODE} </ span> - state forkortelse kun <br />
<Span class = ""comment_code""> {land} </ span> <br />
<Span class = ""comment_code""> {country} </ span> - alle-caps (land kun) <br />
| = Linjeskift </ div>"""
"<div class="column_config_section"><div class="column_config_para" style="margin-top: -7.5em;"><b>Structure:</b><br />","<Div class = "column_config_section"> <div class = "column_config_para" style = "margin-top: -7.5em;"> <b> Struktur: </ b> <br />"
"<div class="column_config_section"><div class="column_config_para">[No] Some couriers (like Royal Mail) require no accents in shipping labels.</div></div>","<Div class = "column_config_section"> <div class = "column_config_para"> [Ingen] Nogle kurerer (som Royal Mail) kræver ingen accenter i forsendelseslabels. </ Div> </ div>"
"<div class="column_config_section"><div class="column_config_para"><b>Structure:</b><br />","<Div class = "column_config_section"> <div class = "column_config_para"> <b> Struktur: </ b> <br />"
"<div class="column_config_section"><div class="column_config_para">eg. Put your country, then only overseas orders will have country added </div></div>","<Div class = "column_config_section"> <div class = "column_config_para"> f.eks. Sæt dit land, så kun oversøiske ordrer vil have land tilføjet </ div> </ div>"
"<div class="column_config_section"><div class="column_config_para">If your PDFs print with missing or tofu (<b style="font-size:200%;font-weight:100;display:inline;position:relative;top:5px;">&#9647;</b>) characters, set this to 'Yes'.<br/>Setting this to 'Yes' will make your PDFs about 0.4mb bigger.<br/>If that doesn't work for you: set 'Customise fonts' to 'Yes'; then set 'Use non-roman characters to 'Yes'; then try the other font families.</div></div>","<Div class = "column_config_section"> <div class = "column_config_para"> Hvis dine PDF-filer udskrives med manglende eller tofu (<b style = "font-size: 200%; font-weight: 100; display: inline; position: relative ; top: 5px; "> & # 9647; </ b>) tegn, sæt denne til 'Ja' <br/> Indstilling dette til 'Ja' vil gøre dine PDF-filer om 0.4mb større <br/> Hvis det.. ikke virker for dig: sæt "Tilpas skrifttyper" til "Ja"; derefter indstille 'Brug ikke-latinske bogstaver til' Ja '; så prøv de andre skrifttype familier. </ div> </ div>"
"<div class="column_config_section"><div class="column_config_para">Set to the most prominent colour in your logo. [#8AC371]<br/>(Used for title borders).</div></div>","<Div class = "column_config_section"> <div class = "column_config_para"> Indstil til den mest fremtrædende farve i dit logo. [# 8AC371] <br/> (Bruges til titel grænser). </ Div> </ div>"
"<div class="column_config_section"><div class="column_config_para">Use this if you need a specific cutoff point (eg for labels) which the auto-cutoff is going over","<Div class = "column_config_section"> <div class = "column_config_para"> Brug dette, hvis du har brug for en bestemt cutoff punkt (f.eks for etiketter), som auto-cutoff er at gå over"
"<img src="//moogento.com/logo/moogento_tinylogo.lp.png" alt="Moogento" width="20" style="vertical-align:bottom;margin-left:-1px;"/> MOOGENTO Extensions","<img src = "// moogento.com/logo/moogento_tinylogo.lp.png" alt = "Moogento" width = "20" style = "vertical-align: bottom; margin-left: -1px;" /> MOOGENTO udvidelser"
"18 Flag","18 Flag"
"2 places","2 steder"
"21 Flag","21 Flag"
"2a Shipmethod match","2a Shipmethod kamp"
"2b Shipmethod match","2b Shipmethod kamp"
"2c Shipmethod match","2c Shipmethod kamp"
"2d Country negative match","2d Land negative match"
"2nd attribute?","2. attribut?"
"2nd background image?","2. baggrundsbillede?"
"2nd Custom page title","2. Brugerdefineret sidetitel"
"2nd Image file","2. billede fil"
"2nd Order attribute code","2. Bestil attribut kode"
"2nd Order custom attribute?","2. Bestil brugerdefineret attribut?"
"2nd page title","2. sidetitel"
"2nd Sort by :","2. Sorter efter:"
"2nd sort direction :","2. Sortering:"
"3 places","3 steder"
"3rd attribute?","3. attribut?"
"4 places","4 steder"
"4th attribute?","4. attribut?"
"Above address","Over adresse"
"According to the USPS all addresses should be capitalised to improve delivery time","Ifølge USPS bør udnyttes alle adresser for at forbedre leveringstiden"
"According to the USPS all addresses should be capitalised to improve delivery time and accuracy","Ifølge USPS bør udnyttes alle adresser for at forbedre leveringstid og nøjagtighed"
"Action Menu Options","Action Menupunkter"
"Actual attribute code (eg: shelf)","Actual attribute kode (f.eks hylde)"
"Add 'Packed by' note?","Tilføj "Pakket af 'seddel?"
"Add <b><a href="https://moogento.com/autocn22">autoCN22</a> Customs label?</b>","Tilføj <b> <a href="https://moogento.com/autocn22"> autoCN22 </a> Customs label? </ B>"
"Add 1 per line, exact attribute labels which you *don't* want to show","Tilsæt 1 per linje, præcise attribut etiketter, som du * ikke * ønsker at vise"
"Add 2nd Order ID barcode?","Læg 2nd Order ID stregkode?"
"Add 2nd shipping address?","Tilføj 2nd leveringsadresse?"
"Add 2nd shipping-type image?","Tilføj 2nd skibsfart type billede?"
"Add 3rd shipping-type image?","Tilføj 3. skibsfart type billede?"
"Add a 2nd background image?","Tilføj en 2. baggrundsbillede?"
"Add a 2nd page title?","Tilføj en 2. side titel?"
"Add a background image?","Tilføj et baggrundsbillede?"
"Add a flat shipping address?","Tilføj en flad leveringsadresse?"
"Add address label?","Tilføj adresse label?"
"Add an <b>autoCN22</b> page?","Tilføj en <b> autoCN22 </ b>?"
"Add an <b>order-summary</b> label?","Tilføj en <b> For-summary </ b> label?"
"Add company address to header?","Tilføj firmaadresse til header?"
"Add company address?","Tilføj firmaadresse?"
"Add fixed weight?","Tilføj fast vægt?"
"Add flare to gift messages?","Tilføj flare til gave beskeder?"
"Add flat shipping address?","Tilføj flad leveringsadresse?"
"Add full-page background image?","Tilføj helsides baggrundsbillede?"
"Add header logo?","Tilføj header logo?"
"Add image background to label?","Tilføj billede baggrund til at mærke?"
"Add letterhead?","Tilføj brevpapir?"
"Add logo?","Tilføj logo?"
"Add on right of SKU","Tilføj til højre for SKU"
"Add Order ID above address?","Læg Order ID ovenstående adresse?"
"Add Order ID barcode?","Læg Order ID stregkode?"
"Add ordered qty to stock-needed qty?","Tilføj beordret qty til lager tiltrængt qty?"
"Add page background image?","Tilføj side baggrundsbillede?"
"Add return address at bottom?","Tilføj returadresse nederst?"
"Add return address?","Tilføj returadresse?"
"Add shipping address at bottom?","Tilføj leveringsadresse nederst?"
"Add shipping label image?","Tilføj forsendelsesmærkat billede?"
"Add shipping label?","Tilføj forsendelsesmærkat?"
"Add shipping-type image?","Tilføj skibsfart type billede?"
"Add static text?","Tilføj statisk tekst?"
"Add tax in order subtotal [Europe Standard]","Tilføj skat for subtotal [Europa Standard]"
"Add tax to number?","Tilføj skat til nummer?"
"Add tax to product line subtotal [US Standard]","Tilføj skat til produktlinje subtotal [US Standard]"
"Add tracking number as barcode?","Tilføj tracking nummer som stregkode?"
"Add tracking number?","Tilføj tracking nummer?"
"Address format","adresseformat"
"Address label : Color","Adresse label: Farve"
"Address label : Font","Adresse label: Font"
"Address label : Size","Adresse label: Størrelse"
"Address label : Style","Adresse label: Style"
"Address text","tekst Adresse"
"Address text, Default","Adresse tekst, Standard"
"Address text, Group 1","Adresse tekst, Gruppe 1"
"Address text, Group 2","Adresse tekst, Gruppe 2"
"Address text, Group 3","Adresse tekst, Gruppe 3"
"Address-label Sheet Options","Adresse-etiketark Options"
"Adds a field for shipping methods that don't come from WSA Store Pickup","Tilføjer et felt til shipping metoder, der ikke kommer fra WSA Store Pickup"
"Admin: Order-view PDF Invoice and Packing Sheet button?","Admin: Order-view PDF faktura og Packing Sheet knap?"
"Admin: Order-view PDF Invoice button?","Admin: Order-view PDF faktura knap?"
"Admin: Order-view PDF Packing Sheet button?","Admin: Order-view PDF Packing Sheet knap?"
"Admin: Order-view PDF Zebra Label button?","Admin: Order-view PDF Zebra Label knap?"
"Admin: Order-view Resend Email button?","Admin: Order-view Gensend Email knap?"
"Alert Flag","Alert Flag"
"Align text : center","Juster tekst: center"
"Align text : left","Juster tekst: venstre"
"All","Alle"
"All : non-interlaced <b>and</b> non-transparent .png","Alle: ikke-interlaced <b> og </ b> uigennemskuelig .png"
"Allow Customers to Make PDFs?","Tillad Kunder laver PDF'er?"
"Alternate row color","Alternativ rækken farve"
"Alternate row in picklists","Suppleant række i picklists"
"Alternate, billing down, shipping up","Suppleant, fakturering ned, skibsfart op"
"Always override &amp; use courierRules Shipping Connector Label if available?","Altid tilsidesætte & amp; bruge courierRules Shipping Connector Label hvis tilgængelig?"
"Amount to add","Beløb at tilføje"
"Angle Text","Angle Tekst"
"Angled Ribbon","Vinklet Ribbon"
"Applies to Packing Sheets and Invoices, in the section which shows shipping method etc.","Gælder Pakning Plader og fakturaer, i afsnit, som viser forsendelsesmetode mv"
"Ascending","stigende"
"Attr.(1) Xpos","Attr. (1) XPOS"
"Attr.(2) Xpos","Attr. (2) XPOS"
"Attr.(3) Xpos","Attr. (3) XPOS"
"Attr.(4) Xpos","Attr. (4) XPOS"
"Attribute 1","Egenskab 1"
"Attribute 2","Egenskab 2"
"Attribute 3","attribut 3"
"Attribute 4","attribut 4"
"Attribute 5","attribut 5"
"Attribute code","attribut kode"
"Attribute code (eg. for shelving info, maybe you have an attribute: shelf)<br /><b>You need to have created this attribute, and assigned values for each product for it to work!</b>","Attribut kode (. F.eks reoler info, måske du har en attribut: shelf) <br /> <b> Du skal have skabt denne attribut, og tildeles værdier for hvert produkt for at det virker </ b>!"
"Attribute code for shelving info; eg. shelf","Attribut kode til reoler info; f.eks. hylde"
"Attribute code for supplier data; Default: supplier","Attribut kode til leverandør af data; Standard: leverandør"
"Attribute code: eg. shelf","Attribut kode: f.eks. hylde"
"Attribute codes?","Attribut koder?"
"Attribute column title","Attribut kolonnetitel"
"Attribute to show","Attribut for at vise"
"Attribute to sort by :","Attribut at sortere efter:"
"Attribute to use as product name","Attribut at bruge som produktnavn"
"Auto description 1","Auto beskrivelse 1"
"Auto description 3","Auto beskrivelse 3"
"Auto Processing","Auto Processing"
"Automatic action :","Automatisk handling:"
"Automatic action #2:","Automatisk handling # 2:"
"Automatic action #3:","Automatisk handling # 3:"
"Automation Connection","Automation Connection"
"Background Image","Baggrundsbillede"
"Background image position","Baggrundsbillede position"
"Background image?","Baggrundsbillede?"
"barcode : Font","stregkode: Skrifttype"
"barcode font size","stregkode skriftstørrelse"
"barcode Font Size (Orders)","stregkode Font Size (ordrer)"
"barcode Font Size (Products)","stregkode Font Size (Produkter)"
"barcode font-size","stregkode font-size"
"barcode size","stregkode størrelse"
"barcode X-pos.","stregkode X-pos."
"Because the Order currency is different from the Store currency, the conversion from","Fordi Order valuta er forskellig fra den Store valuta, konvertering fra"
"Beside address","Udover adresse"
"Billing address position","Faktureringsadresse position"
"Billing address posititon","Faktureringsadresse posititon"
"Billing address title","Faktureringsadresse titel"
"Bkg","BKG"
"Blank = #000000 (#HEX colour code)","Blank = # 000000 (#Hex farvekode)"
"Blank box image","Blank box billede"
"Bold","Dristig"
"Bold 'Extra shipping details' labels?","Fed 'Ekstra skibsfart detaljer' etiketter?"
"Bold italic","Fed kursiv"
"Bold last line in page-base shipping addresses?","Fed sidste linje i side-base forsendelsesadresse?"
"Bold last line in page-top shipping addresses?","Fed sidste linje i side-top forsendelsesadresse?"
"Bold product name?","Fed produktnavn?"
"Border color","Border farve"
"Bottom of page","Nederst på siden"
"Box 1 Image","Boks 1 Billede"
"Box 2a Image (Store Pickup)","Boks 2a Image (Store Pickup)"
"Box 2b Image (Express Mail)","Boks 2b Image (Express Mail)"
"Box 2c Image (Priority International)","Boks 2c Image (Priority International)"
"Box 2d Image (Standard International)","Box 2d Image (Standard International)"
"Box 3 Image","Boks 3 Billede"
"Box count estimation?","Box tælle estimering?"
"Bring up top address?","Åbn top adresse?"
"Buttons for PDFs","Knapper til PDF'er"
"By default we output ANSI, which works well for Windows machines and special characters.<br >If you need UTF-8, just choose that here","Som standard vi udgang ANSI, der fungerer godt for Windows-maskiner og specialtegn. <br> Hvis du har brug for UTF-8, bare vælge at her"
"By Height","Ved Højde"
"By Width","af bredde"
"Calculate line totals by:","Beregn line totaler af:"
"Callout colour","Billedtekst farve"
"Can be handy to reduce customer support - eg. set to a custom Processing status of 'Packing your order now'","Kan være praktisk at reducere kundesupport - f.eks. indstillet til en brugerdefineret Processing status af 'Pakning din ordre nu'"
"Cancel?","Ophæve?"
"Capitalise shipping labels?","Udnyt forsendelsesetiketter?"
"Category translation","Kategori oversættelse"
"Center values?","Center-værdier?"
"Centered in page","Centreret i side"
"Centered in product list","Centreret i produktliste"
"Change order status","Skift ordrestatus"
"Change the layout of shipping addresses","Ændre layoutet af forsendelsesadresse"
"Change to status:","Skift til status:"
"Check for gift message?","Check for gave besked?"
"Clear Cached Images in pickPack","Klare Cached Billeder i pickPack"
"Code","Kode"
"Color","Farve"
"Color attribute","Color attribut"
"Color X-pos.","Color X-pos."
"Column mapping","Kolonne kortlægning"
"Columns Y-X-pos.","Kolonner Y-X-pos."
"Combine attribute?","Kombiner attribut?"
"Combine custom attributes under product line?","Kombiner brugerdefinerede attributter under produktlinje?"
"Combine custom product attributes under the product line?","Kombiner brugerdefinerede produktegenskaber under produktlinje?"
"Combine pdfs","Kombiner pDF'er"
"Combine product line details?","Kombiner produkt line detaljer?"
"Combine the custom attributes listed below?","Kombiner brugerdefinerede attributter nedenfor?"
"Combined Attributes Xpos","Kombineret attributter XPOS"
"Combined Packing Sheet/Invoice' grouped by Order ID?","Kombineret Pakning Sheet / Faktura 'grupperet efter Ordre-id?"
"Combined pdfs?","Kombinerede PDF-filer?"
"Comma separated top,bottom widths (eg 1,2)","Komma separeret top, bund bredder (f.eks 1,2)"
"Comma-separated list of customer group names where you don't want the group name","Komma-adskilt liste af kundegruppe navne, hvor du ikke ønsker gruppenavnet"
"Comma-separated list of SKUs to *not* show","Komma-adskilt liste af varenumre til * ikke * show"
"Comma-separated list of SKUs to *not* show a count for","Komma-adskilt liste af varenumre til * ikke * viser en optælling for"
"Comments","Kommentarer"
"Company address","Firma adresse"
"Company address : Color","Firma adresse: Farve"
"Company address : Font","Firma adresse: Font"
"Company address : Size","Firma adresse: Størrelse"
"Company address : Style","Firma adresse: Style"
"Company address, Default","Firma adresse, Standard"
"Company address, Group 1","Firma adresse, Gruppe 1"
"Company address, Group 2","Firma adresse, gruppe 2"
"Company address, Group 3","Firma adresse, gruppe 3"
"Condition","Tilstand"
"Configurable product name","Konfigurerbar produktnavn"
"Cost (base) to (display) exchange rate","Omkostninger (base) (display) valutakurs"
"Cost currency prefix","Omkostninger valuta præfiks"
"Cost multiplier","Omkostninger multiplikator"
"Cost subtotal?","Cost subtotal?"
"courierRules Method","courierRules Method"
"courierRules method?","courierRules metode?"
"courierRules Shipping Method","courierRules Shipping Method"
"CSV (Order-combined Products)","CSV (Order-kombineret produkter)"
"CSV (Order-combined Products) Options","CSV (Order-kombinerede produkter) Optioner"
"CSV (Order-combined Products)?","CSV (Order-kombinerede produkter)?"
"CSV (Order-separated Products)","CSV (Order-separeret produkter)"
"CSV (Order-separated Products) Options","CSV (Order-separeret produkter) Optioner"
"CSV (Order-separated Products)?","CSV (Order-separeret produkter)?"
"CSV (Orders)","CSV (Ordrer)"
"CSV (Orders) Options","CSV (Ordrer) Optioner"
"CSV (Orders)?","CSV (Ordrer)?"
"CSV field separator","CSV feltseparator"
"CSV output encoding","CSV output kodning"
"CSV/XML (Cargo Manifest)","CSV / XML (Cargo Manifest)"
"CSV/XML (Cargo Manifest)?","CSV / XML (Cargo Manifest)?"
"Custom","Brugerdefinerede"
"Custom Attribute","Tilpasset Attribut"
"Custom attribute (1)","Tilpasset attribut (1)"
"Custom attribute (2)","Tilpasset attribut (2)"
"Custom attribute (3)","Brugerdefineret attribut (3)"
"Custom attribute (4)","Brugerdefineret attribut (4)"
"Custom CSV field separator","Tilpasset CSV feltseparator"
"Custom font file","Tilpasset font fil"
"Custom image","Tilpasset billede"
"Custom Message : Background Color","Tilpasset Besked: Baggrundsfarve"
"Custom Message : Color","Tilpasset Besked: Farve"
"Custom Message : Font","Tilpasset Besked: Font"
"Custom Message : Size","Tilpasset Besked: Størrelse"
"Custom Message : Style","Tilpasset Besked: Style"
"Custom message under product list?","Tilpasset besked under produkt liste?"
"Custom options column title","Brugerdefinerede indstillinger kolonne titel"
"Custom Order Attribute","Tilpasset Order Attribut"
"Custom page title","Tilpasset sidetitel"
"Custom product attribute code (eg: shelf)","Tilpasset produkt attribut kode (f.eks hylde)"
"Custom product attribute?","Tilpasset produkt attribut?"
"Custom text image","Tilpasset tekst billede"
"Custom text under product list?","Tilpasset tekst under produkt liste?"
"Custom Value","Tilpasset Value"
"Custom weight fields?","Tilpasset vægt felter?"
"Custom weightbased count?","Brugerdefineret weightbased tæller?"
"Custom Weightbased label?","Tilpasset Weightbased etiket?"
"Custom Weightbased text?","Tilpasset Weightbased tekst?"
"Customer Address X-pos.","Customer Address X-pos."
"Customer attribute code","attribut kode kunde"
"Customer Comments","Kunde kommentarer"
"Customer custom attribute?","Customer brugerdefineret attribut?"
"Customer Email","Customer Email"
"Customer Email?","Customer e-mail?"
"Customer group?","Kunde gruppe?"
"Customer ID (Footer) X-pos.","Kunde-id (sidefod) X-pos."
"Customer ID X-pos.","Kunde-id X-pos."
"Customer ID?","Kunde ID?"
"Customer name X-pos.","Customer navn X-pos."
"Customer VAT title","Customer moms titel"
"Customer: Change "Print Invoice" to "PDF Invoices"?","Kunde: Change "Udskriv faktura" til "PDF-fakturaer"?"
"Customer: Change "Print Order" to "PDF Invoices"?","Kunde: Change "Print Order" til "PDF-fakturaer"?"
"Customer: PDF Invoice button?","Kunde: PDF Invoice knap?"
"Customer: PDF Packing Sheet button?","Kunde: PDF Pakning Sheet knap?"
"Customise 'Packed by' text","Tilpas "emballeret af 'tekst"
"Customise Admin/Frontend Options","Tilpas Admin / Frontend Options"
"Customise CSVs","Tilpas CSV-filer"
"Customise fonts/colours?","Tilpas skrifttyper / farver?"
"Customise PDFs","Tilpas PDF'er"
"Customize page title?","Tilpas side titel?"
"Date format","Datoformat"
"Date printed?","Dato trykt?"
"Day","Dag"
"Deadline text","deadline tekst"
"Deadline text / date?","Deadline tekst / dato?"
"Default","Misligholdelse"
"Default : Yes","Standard: Ja"
"Default (Use Total Price Xpos)","Standard (Brug Samlet pris XPOS)"
"Default top-right; eg. 'Invoice'","Standard øverste højre; f.eks. 'Faktura'"
"Default top-right; eg. 'Packing Sheet'","Standard øverste højre; f.eks. "Pakning Sheet '"
"Default:","Misligholdelse:"
"Default: 'OK'","Standard: 'OK'"
"Default: "Payment due "","Standard: "Betaling grund""
"Default: {blank}","Standard: {blank}"
"Default: Grand Total","Standard: Grand Total"
"Default: ID","Standard: ID"
"Default: invoice_","Standard: invoice_"
"Default: invoice+packing-sheet_","Standard: faktura + pakning-sheet_"
"Default: Left (if right, turn off barcodes, addresses; if full-width no company","Standard: Venstre (hvis højre, slukke stregkoder, adresser, hvis fuld bredde ingen virksomhed"
"Default: Method B","Standard: Metode B"
"Default: name","Standard: navn"
"Default: No","Standard: Nej"
"Default: order-combined_","Standard: order-combined_"
"Default: order-separated_","Standard: ordre-separated_"
"Default: out-of-stock-list_","Standard: out-of-stock-list_"
"Default: packing-sheet_","Standard: pakning-sheet_"
"Default: product-separated_","Standard: produkt-separated_"
"Default: Qty","Standard: Antal"
"Default: Ship to:","Standard: Ship to:"
"Default: Shipping","Standard: Forsendelse"
"Default: Source","Standard: Source"
"Default: Subtotal","Standard: Subtotal"
"Default: tax","Standard: skat"
"Default: total","Standard: total"
"Default: USD","Standard: USD"
"Default: VAT Rateable","Standard: Moms skattepligtige"
"Default: Yes","Standard: Ja"
"Default: Zero-rated","Standard: Zero-rated"
"Default:7","Standard: 7"
"Depends on your stock management system","Afhænger af dit lagerstyringssystem"
"Descending","Aftagende"
"Detailed CC info?","Detaljeret CC info?"
"Dimensions","Mål"
"Dimensions : 'Label width' x 'Label height' @ 300dpi : non-interlaced and non-transparent .png","Mål: "Label bredde 'x' Label højde '@ 300 dpi: ikke-interlaced og uigennemskuelig .png"
"Dimensions 180<b style="color:red;">pt</b> x 120<b style="color:red;">pt</b> @ 300dpi : non-interlaced <b>and</b> non-transparent .png","Dimensioner 180 <b style = "color: red;"> pt </ b> x 120 <b style = "color: red;"> pt </ b> @ 300 dpi: ikke-interlaced <b> og </ b> uigennemsigtig .png"
"Dimensions 540<b style="color:red;">pt</b>(A4)|562<b style="color:red;">pt</b>(US Letter) x 1-200<b style="color:red;">pt</b> @ 300dpi : non-interlaced <b>and</b> non-transparent .png","Dimensioner 540 <b style = "color: red;"> pt </ b> (A4) | ​​562 <b style = "color: red;"> pt </ b> (US Letter) x 1-200 <b style = "color: red;"> pt </ b> @ 300 dpi: ikke-interlaced <b> og </ b> uigennemskuelig .png"
"Dispatch Date?","Dispatch Dato?"
"Don't count these custom option SKUs :","Må ikke regne disse brugerdefinerede indstilling varenumre:"
"Double-line spacing?","Dobbelt-linjeafstand?"
"Double-up this barcode?","Dobbelt-up denne stregkode?"
"Drink Flag","Drik Flag"
"E: ","E:"
"Eg. enter 'Captured amount' to not show authorize.net payments<br / >Separate multiple phrases by the pipe character: <b>|</b>","F.eks. indtaste 'Captured beløb "til ikke at vise Authorize.net betalinger <br /> Adskil flere sætninger ved at røret karakter: <b> | </ b>"
"Eg. nudge it up off integrated labels","F.eks. puffe det op fra integrerede etiketter"
"eg. put 'wholesale', then only wholesale customers will see 'Message B'","f.eks. sætte 'engros ", så kun engroskunder vil se' Message B '"
"eg. put your country, then only overseas orders will have country added","f.eks. sætte dit land, så kun oversøiske ordrer vil have land tilføjet"
"Eg. shelving info","F.eks. reoler info"
"Email: Body","E-mail: Krop"
"Email: Send To","E-mail: Send til"
"Email: Sender","E-mail: Sender"
"Email: Subject","E-mail: Emne"
"Enable auto processing?","Aktiver automatisk behandling?"
"Enter your license key here","Indtast din licensnøgle her"
"Exactly position shipping detail (eg. for envelope window)","Præcis position skibsfart detaljer (f.eks. For kuvert vindue)"
"Exactly position top address (eg. for envelope window)","Præcis placere top-adresse (f.eks. For kuvert vindue)"
"Export","Eksport"
"Export pickPack Settings","Eksport pickPack Indstillinger"
"Export: Path","Eksport: Path"
"Extra attribute position","position Ekstra attribut"
"F: ","F:"
"File Path","File Path"
"Fill Bars?","Fyld Bars?"
"Fill bkg comments box ?","Fyld BKG kommentarfeltet?"
"Fill columns titlebar?","Fyld kolonner titellinjen?"
"Filter again?","Filter igen?"
"Filter by supplier?","Filtrer efter leverandør?"
"Filter items again?","Filter elementer igen?"
"Filter items by status?","Filter elementer efter status?"
"Filter items?","Filter elementer?"
"Filter order notes?","Filter order noter?"
"Filter out some options?","Filter nogle muligheder?"
"Filter out some?","Filter nogle?"
"Filter out these attributes","Filtrer disse egenskaber"
"Filter out these custom option SKUs :","Filter disse brugerdefinerede indstilling varenumre:"
"Filter shipped items?","Filter afsendt elementer?"
"Filter text","Filter tekst"
"Filter text (don't show notes containg this text)","Filter tekst (ikke viser noter containg denne tekst)"
"Filter?","Filter?"
"Filter/split by supplier?","Filter / opdelt efter leverandør?"
"Filter/Split which PDFs?","Filter / Split, som PDF-filer?"
"Filters: Order-separated PDFs, Order-combined PDFs","Filtre: Bestil adskilt PDF'er, Order-kombineret PDF'er"
"First Name","Fornavn"
"First order starts at","Første ordre starter ved"
"Fix Subtotals to page base","Fix Subtotaler til side bund"
"Flat-address font size","Fladskærms-adresse skriftstørrelse"
"Font","Skrifttype"
"Font size","Skriftstørrelse"
"Font size (Product Lines)","Skriftstørrelse (Product Lines)"
"Font size (Return address)","Skriftstørrelse (Return-adresse)"
"Font size (Shipping address)","Skriftstørrelse (Porto-adresse)"
"For all customer group types","For alle kunde gruppe typer"
"For any customer group containing filter word","For enhver kunde, der indeholder filter ordet"
"For configurable products, show:","For konfigurerbare produkter, show:"
"For custom minimum stock levels for specific SKUs, set like this:","For brugerdefinerede minimum lagerniveauer for specifikke varenumre, sæt som dette:"
"For full-page sharp backgrounds, upload images with dimensions  595<b style="color:red;">pt</b> x 842<b style="color:red;">pt</b> (A4), or 612<b style="color:red;">pt</b> x 792<b style="color:red;">pt</b> (Letter)","For helsides skarpe baggrunde, uploade billeder med dimensionerne 595 <b style = "color: red;"> pt </ b> x 842 <b style = "color: red;"> pt </ b> (A4), eller 612 <b style = "color: red;"> pt </ b> x 792 <b style = "color: red;"> pt </ b> (Letter)"
"For Internal Print Flags use "0" to avoid duplicate printing","For Interne Print Flags bruge "0" for at undgå dublerede udskrivning"
"Force gift message font?","Kraft gave besked font?"
"Format product options?","Format produktmuligheder?"
"Format product?","Format produkt?"
"FTP host","FTP host"
"FTP password","adgangskode FTP"
"FTP port","FTP-port"
"FTP remote path","FTP remote vej"
"FTP user","FTP bruger"
"Full height of each label (default 168pt)","Fuld højde på hver etiket (standard 168pt)"
"Full height of each label (default 432pt)","Fuld højde på hver etiket (standard 432pt)"
"Full Page Width","Fuld side Bredde"
"Full width of each label (default 190pt)","Fuld bredde hver etiket (standard 190pt)"
"Full width of each label (default 288pt)","Fuld bredde hver etiket (standard 288pt)"
"Gallery Images (Max 2)","Galleri billeder (Max 2)"
"General : CSV","Generelt: CSV"
"General : PDF","Generelt: PDF"
"General Options","Generelle indstillinger"
"Germany CN22 Label Image","Tyskland CN22 Label billede"
"Gift card","Gavekort"
"Gift message","Gave besked"
"Gift Message : Background Color","Gave Besked: Baggrundsfarve"
"Gift Message : Color","Gave Besked: Farve"
"Gift Message : Font","Gave Besked: Font"
"Gift Message : Size","Gave Besked: Størrelse"
"Gift Message : Style","Gave Besked: Style"
"Gift wrap","Gavepapir"
"Goes at page base - good for integrated labels","Går på side base - godt for integrerede etiketter"
"Goes at page base - handy for QC","Går på side base - praktisk til QC"
"Goes on the right of the header logo","Går til højre for overskriften logo"
"Goes on the top-left of the page","Går i øverste venstre på siden"
"Good for 3-part integrated labels, eg. for peel-off address records","God til 3-del integrerede etiketter, f.eks. for peel-off adresseposter"
"Good for a footer image","God til en sidefod billede"
"Good for integrated labels","God til integrerede etiketter"
"Good for tax numbers, return instructions","God til skat numre, retur instruktioner"
"Good for things like tear-off labels, or adding to the return address abel to make it a 'Returns Label'","God til ting som tåre-off etiketter eller tilføje til afsenderadressen abel at gøre det til en "Retur Label '"
"Grand Total (from Magento)?","Grand alt (fra Magento)?"
"Grey out products from other suppliers","Grå out produkter fra andre leverandører"
"Group by Category?","Grupper efter kategori?"
"Group With Other Prints","Gruppe med andre udskrifter"
"Header logo","Header logo"
"Hide if gift order?","Skjul hvis gave orden?"
"Hide prices if a gift order?","Skjul priser, hvis en gave ordre?"
"Hide product option labels?","Skjul produkt option etiketter?"
"Hide products from other suppliers","Skjul produkter fra andre leverandører"
"Hide Shipping Method for Store-Pickup orders?","Skjul Forsendelse Metode til Store-Pickup ordrer?"
"Hide supplier attribute column?","Skjul leverandør attribut kolonne?"
"Hide these groups :","Skjul disse grupper:"
"Hide this 'country name'","Skjul denne "land navn '"
"Hide Virtual and Downloadable products from PDFs?","Skjul virtuelle og downloades produkter fra PDF-filer?"
"Hide zero discount value?","Skjul nul rabat værdi?"
"Hide zero shipping value?","Skjul skibsfart værdi nul?"
"Hide zero tax value?","Skjul nul skat værdi?"
"High-res","Høj opløsning"
"High/Low Resolution?","Høj / Lav Opløsning?"
"Hold?","Holde?"
"Holland CN22 Label Image","Holland CN22 Label billede"
"Horizontal bars : Background Color","Vandrette stænger: Baggrundsfarve"
"Ie. if you want them listed together and not in separate columns","Dvs.. hvis du vil have dem opført sammen og ikke i separate kolonner"
"If 'Yes' this won't include items which have been marked as shipped.","Hvis 'Ja' det vil ikke omfatte emner, der er blevet markeret som afsendt."
"If child image missing, show parent?","Hvis barnet billede mangler, viser forælder?"
"If set to Yes, after an order has been printed, you can only re-print it from inside the Order Detail page.<br />The aim is to avoid shipping the same order multiple times by mistake.","Hvis sat til Ja, efter at en ordre er blevet udskrevet, kan du kun re-udskrive det fra inde i bekendtgørelsen Detail siden. <br /> Formålet er at undgå at leverer den samme rækkefølge flere gange ved en fejltagelse."
"If supplier 'logged in', do what with other suppliers products?","Hvis leverandøren "logget ind", gøre hvad med andre leverandører produkter?"
"If you get long addresses that spill over the edge of your label, set this number to force a linebreak","Hvis du får lange adresser, der løber over kanten af ​​din etiket, sat dette tal til at tvinge et linieskift"
"If you ship a lot of single items, this can help alert your shipping staff that there's more than one!","Hvis du sender en masse af enkelte elementer, kan dette hjælpe advare din forsendelse personale, der er mere end én!"
"If you're using shipEasy, and have setup any of the 3 custom flag columns, you can show the value.","Hvis du bruger shipEasy, og har setup nogen af ​​de tre brugerdefinerede flag kolonner, kan du vise værdien."
"Image behind return address?","Billede bag returadresse?"
"Image behind ship address?","Billede bag skibet adresse?"
"Image border color","farve billede border"
"Image file","Billede fil"
"Image nudge","Billede puf"
"Images column title","Billeder kolonnetitel"
"Import","Importere"
"Import pickPack Settings","Importer pickPack Indstillinger"
"In positionable box (handy for tear-off labels)","I indstillelig kasse (praktisk til tåre-off etiketter)"
"Incl.","Inkl."
"Include customer phone in addresses?","Medtag kunde telefon i adresser?"
"Include discount?","Medtag rabat?"
"Include discounts in product line price","Medtag rabatter i produktlinje pris"
"Include Order ID in filename for single page print?","Medtag Order ID i filnavn for enkelt side print?"
"Include order notes?","Medtag order noter?"
"Include shipping country in addresses?","Medtag forsendelse land adresser?"
"Include tax in 'Shipping'?","Medtag skat i "Shipping"?"
"Include Tax in Price?","Medtag Skat i Price?"
"Include Tax in Shipping Price?","Medtag Skat i Shipping Pris?"
"Include tax in value?","Medtag skat i værdi?"
"Include tax?","Medtag skat?"
"Installation Server","Installation Server"
"Invert some of the title colors...","Vend nogle af titlen farver ..."
"Invoice Address","Faktura adresse"
"Invoice Date","Fakturadato"
"Invoice ID?","Faktura id?"
"Invoice Number","fakturanummer"
"Invoice Options","Faktura Indstillinger"
"Invoiced Date","faktureret Dato"
"Is this included in the Subtotal?","Er det inkluderet i Subtotal?"
"Italic","Kursiv"
"Item Count","Item Count"
"Items column title","Elementer kolonnetitel"
"Items count?","Elementer tæller?"
"Label","Mærke"
"Label height","label højde"
"Label margins","Label marginer"
"Label Nudge","label Nudge"
"Label padding","label polstring"
"Label width","label bredde"
"Layout template","layout skabelon"
"Left","Venstre"
"License","Licens"
"License Key","Licensnøgle"
"Line above fixed footer image?","Linje over fast sidefod billede?"
"Line widths","linje bredder"
"Lock image to page base?","Lås billedet til side basen?"
"Logo position","Logo position"
"Low-res","Lav-res"
"Magento Order ID","Magento Order ID"
"Main Image","Main Image"
"Makes gift orders a bit happier-looking by adding a special image on the message box.","Gør gave ordrer lidt gladere udseende ved at tilføje en særlig billede på kassen meddelelsen."
"Manual description 1","Manuel beskrivelse 1"
"Margin (from right)","Margin (fra højre)"
"Margin (from right) for flat-address","Margin (fra højre) for flat-adresse"
"Marketplace Order ID","Marketplace Order ID"
"Match shipping description :","Match forsendelse beskrivelse:"
"Match text:","Match tekst:"
"Max address width (pt)","Max adresse bredde (pt)"
"Max dimensions","Maks dimensioner"
"Max weight per box","Maskimale vægt pr kasse"
"Max width","Max bredde"
"Messages","Meddelelser"
"Middle of page","Midt i siden"
"Min. weight to hide shipment method and put 'Pallet'","Min. vægt at skjule forsendelsesmetode og sætte 'Palle'"
"Minimum stock qty","Minimum lager Antal"
"Moogento pickPack","Moogento pickPack"
"Moogento pickPack : CSV (Order-combined Products)","Moogento pickPack: CSV (Order-kombineret produkter)"
"Moogento pickPack : CSV (Order-separated Products)","Moogento pickPack: CSV (Order-separeret produkter)"
"Moogento pickPack : CSV (Orders)","Moogento pickPack: CSV (Orders)"
"Moogento pickPack : CSV/XML (Cargo Manifest)","Moogento pickPack: CSV / XML (Cargo Manifest)"
"Moogento pickPack : PDF (Address Labels)","Moogento pickPack: PDF (Adresselabels)"
"Moogento pickPack : PDF (CN22 Labels)","Moogento pickPack: PDF (CN22 Labels)"
"Moogento pickPack : PDF (Gift Message)","Moogento pickPack: PDF (Gift Message)"
"Moogento pickPack : PDF (Invoice and Packing Sheet)","Moogento pickPack: PDF (Faktura og Packing Sheet)"
"Moogento pickPack : PDF (Invoice)","Moogento pickPack: PDF (Invoice)"
"Moogento pickPack : PDF (Order-combined Picklist)","Moogento pickPack: PDF (Order-kombineret Valgliste)"
"Moogento pickPack : PDF (Order-separated Picklist)","Moogento pickPack: PDF (Order-separeret Valgliste)"
"Moogento pickPack : PDF (Orders Summary)","Moogento pickPack: PDF (Ordrer Summary)"
"Moogento pickPack : PDF (Packing Sheet)","Moogento pickPack: PDF (Pakning Sheet)"
"Moogento pickPack : PDF (Product-separated Picklist)","Moogento pickPack: PDF (Produkt-separeret Valgliste)"
"Moogento pickPack : PDF (Troylleybox Picklist)","Moogento pickPack: PDF (Troylleybox Valgliste)"
"Moogento pickPack : PDF (Zebra Labels)","Moogento pickPack: PDF (Zebra etiketter)"
"Moogento pickPack : PDF/CSV (Out-of-stock List)","Moogento pickPack: PDF / CSV (Out-of-stock List)"
"Moogento Store","Moogento Store"
"Multiplier Attribute","multiplier Attribut"
"Multiplies product price by set multiplication factor.<br />Eg. use to show product price limit for substitutions in pick","Ganger produktpris ved sæt multiplikationsfaktoren. <br /> Eg. bruge til at vise produktet prisgrænse for substitutioner i pick"
"Multiply prices by attribute?","Multiplicer priserne med attribut?"
"Name from Order","Navn fra Order"
"Name from Product > Default Store","Navn fra produktet> Standard Store"
"Name from Product > Order Store *Default*","Navn fra produktet> Bestil Store * Standard *"
"Name from Product > Specific Store","Navn fra produktet> Specifik Store"
"New page per order?","Ny side per ordre?"
"New PDF per name?","Ny PDF per navn?"
"No","Ingen"
"No (default)","Nej (standard)"
"No of Items per page","Ingen af ​​Varer per side"
"No, include all items in order","Nej, omfatter alle elementer i rækkefølge"
"No, include it in the product price","Nej, det med i produktprisen"
"No, include it in the product price (but also show a tax subtotal summary)","Nej, det med i produktprisen (men viser også en skat subtotal resumé)"
"No, move other items to new line (+ keep linebreaks)","Nej, flytte andre elementer til ny linje (+ holde linieskift)"
"No, without Tax","Nej, uden skat"
"None","Ingen"
"Normal' Dimensions:  269<b style="color:red;">pt</b> x 41<b style="color:red;">pt</b> @ 300dpi<br />","Normal 'Mål: 269 <b style = "color: red;"> pt </ b> x 41 <b style = "color: red;"> pt </ b> @ 300dpi <br />"
"Not recommended... Use at your own risk...","Anbefales ikke ... Brug på egen risiko ..."
"Nudge","Nudge"
"Nudge 'Packed 2 by' note","Nudge "emballeret 2 af 'notat"
"Nudge 'Packed by' text","Skub "emballeret af 'tekst"
"Nudge <b>autoCN22</b> label","Nudge <b> autoCN22 </ b> label"
"Nudge 2nd address","Nudge 2nd adresse"
"Nudge 2nd barcode","Nudge 2. stregkode"
"Nudge 2nd custom title","Nudge 2nd brugerdefineret titel"
"Nudge 2nd image","Nudge 2. billede"
"Nudge address","Nudge adresse"
"Nudge background image","Nudge baggrundsbillede"
"Nudge barcode","nudge stregkode"
"Nudge CN22 label","Nudge CN22 etiket"
"Nudge company address","Nudge firmaadresse"
"Nudge details","nudge detaljer"
"Nudge entire label","Nudge hele etiketten"
"Nudge fixed image","Nudge fast billede"
"Nudge flat-address","Nudge fladskærms-adresse"
"Nudge gift message","Nudge gave besked"
"Nudge image","Nudge billede"
"Nudge label image","Nudge label billede"
"Nudge logo","Nudge logo"
"Nudge Order ID","Nudge Order ID"
"Nudge Order ID barcode","Nudge Order ID stregkode"
"Nudge order notes","Nudge ordre noter"
"Nudge product line","Nudge produktlinje"
"Nudge qr-code","Nudge QR-kode"
"Nudge return address","Nudge afsenderadresse"
"Nudge return label","Nudge label afkast"
"Nudge Rotated Product List","Nudge roteret Produktlisten"
"Nudge shelving","nudge reoler"
"Nudge shipping address","Nudge leveringsadresse"
"Nudge shipping address only","Nudge kun leveringsadresse"
"Nudge supplier attribute","Nudge attribut leverandør"
"Nudge title","nudge titel"
"Nudge tracking barcode","Nudge sporing stregkode"
"Nudge tracking number","Nudge sporing nummer"
"Nudge Zipcode barcode","Nudge Postnr stregkode"
"Nudge' Packed by' note","Skub "emballeret af 'notat"
"Number product list?","Nummer produkt liste?"
"Only print once?","Kun udskrive én gang?"
"Only process orders matching shipEasy attribute?","Kun behandle ordrer matchende shipEasy attribut?"
"Operand?","Operand?"
"Order Attribute","Bestil Attribut"
"Order attribute code","Bestil attribut kode"
"Order Comments","Bestil Kommentarer"
"Order custom attribute?","Bestil brugerdefineret attribut?"
"Order date","Bestillingsdato"
"Order date X-pos.","Ordredato X-pos."
"Order Date?","Bestillingsdato?"
"Order ID (Footer) X-pos.","Ordre-id (sidefod) X-pos."
"Order ID X-pos.","Bestil ID X-pos."
"Order ID?","Ordre ID?"
"Order of subtotals","Bekendtgørelse af subtotaler"
"Order Source","Bestil Source"
"Order Source?","Bestil Source?"
"Order-combined Pick List Options","Bestil-kombineret Pick List Options"
"Order-separated Pick List Options","Bestil-separeret Pick List Options"
"Orders with In Stock Items Only","Ordrer med på lager varer Kun"
"Others?","Andre?"
"Output as PDF or CSV?","Output som PDF eller CSV?"
"Output Excel XML file (instead of CSV)","Output Excel XML-fil (i stedet for CSV)"
"Output Filenames","uddatafilnavnene"
"Output only these suppliers (Hide/Grey-out others)","Output kun disse leverandører (Hide / Grå-out andre)"
"Output only this supplier (Hide/Grey-out others) . . . Leave blank to auto-split all suppliers","Output kun denne leverandør (Skjul / Grå-out andre). . . Lad stå tomt for auto-split alle leverandører"
"Override 'Minimum stock qty'","Override 'Mindste lager Antal'"
"Override default address formatting?","Tilsidesæt standard adresse formatering?"
"Override default address layout?","Tilsidesæt standard adresse layout?"
"Override filter notes messages","Tilsidesæt filter noter beskeder"
"Override stock qty output with location-specific stock?","Tilsidesæt lager Antal output med stedsspecifikke lager?"
"Override' Minimum stock qty'","Override 'Mindste lager Antal'"
"Packing  Sheet Products : Separating Vertical Line Color","Pakning Sheet Produkter: Adskillelse Lodret linje Color"
"Packing Sheet Options","Pakning Sheet Indstillinger"
"Packing Sheet Products : Separating Line Color","Pakning Sheet Produkter: Adskillelse Linje Color"
"Packing Sheet Products : Separating Vertical Line Color","Pakning Sheet Produkter: Adskillelse Lodret linje Color"
"Padding","polstring"
"Page 1 Product-lines cutoff Y-pos","Page 1 Produkt-linjer cutoff Y-pos"
"Page Body : Color","Side Krop: Farve"
"Page Body : Font","Side Krop: Skrifttype"
"Page Body : Size","Side Krop: Størrelse"
"Page Body : Style","Side Krop: Style"
"Page padding","Side polstring"
"Page size","Side størrelse"
"Page template :","Side skabelon:"
"Page title : Color","Side titel: Farve"
"Page title : Font","Side titel: Font"
"Page title : Size","Side titel: Størrelse"
"Page title : Style","Side titel: Style"
"Paid Date","Betalt Dato"
"Paid Date?","Betalt dato?"
"Pallet 'go' weight","Palle "Book" vægt"
"Pallet' go' weight","Palle "Book" vægt"
"Paper height","Papir højde"
"Paper margins","Papir marginer"
"Partially: lines top & bottom","Delvist: linjer top & bund"
"Pattern text","Mønster tekst"
"Pattern to match :","Mønster til at matche:"
"Payment","Betaling"
"Payment method?","Betalingsmetode?"
"PDF (Address Labels)","PDF (Adresselabels)"
"PDF (Address Labels)?","PDF (Adresselabels)?"
"PDF (CN22 Labels)","PDF (CN22 Labels)"
"PDF (CN22 Labels)?","PDF (CN22 etiketter)?"
"PDF (Gift Message)","PDF (Gift Message)"
"PDF (Gift Message)?","PDF (Gift Message)?"
"PDF (Invoice & Packing Sheet)","PDF (Faktura & Packing Sheet)"
"PDF (Invoice and Packing Sheet)?","PDF (Faktura og Packing Sheet)?"
"PDF (Invoice)","PDF (Invoice)"
"PDF (Invoice)?","PDF (Invoice)?"
"PDF (Order-combined Picklist)","PDF (Order-kombineret Valgliste)"
"PDF (Order-combined Picklist)?","PDF (Order-kombineret Valgliste)?"
"PDF (Order-separated Picklist)","PDF (Order-separeret Valgliste)"
"PDF (Order-separated Picklist)?","PDF (Order-separeret Valgliste)?"
"PDF (Orders Summary)","PDF (Ordrer Summary)"
"PDF (Orders Summary)?","PDF (Ordrer Summary)?"
"PDF (Out-of-stock List)","PDF (Out-of-stock List)"
"PDF (Out-of-stock List)?","PDF (Out-of-stock List)?"
"PDF (Packing Sheet)","PDF (Packing Sheet)"
"PDF (Packing Sheet)?","PDF (Packing Sheet)?"
"PDF (Product-separated Picklist)","PDF (Produkt-separeret Valgliste)"
"PDF (Product-separated Picklist)?","PDF (Produkt-separeret Valgliste)?"
"PDF (Trolleybox Picklist)","PDF (Trolleybox Valgliste)"
"PDF (Trolleybox Picklist)?","PDF (Trolleybox Valgliste)?"
"PDF (Zebra Labels)","PDF (Zebra etiketter)"
"PDF (Zebra Labels)?","PDF (Zebra etiketter)?"
"PDF Address-label Sheet","PDF Adresse-label ark"
"PDF Gift Message","PDF Gave Message"
"PDF Invoice","PDF faktura"
"PDF Invoice &amp; Packing Sheet' Sort","PDF faktura & amp; Pakning Sheet 'Sort"
"PDF Letter","PDF Letter"
"PDF Order-combined Picklist","PDF Order-kombineret Valgliste"
"PDF Order-separated Picklist","PDF Order-separeret Valgliste"
"PDF Orders Summary","PDF Ordrer Oversigt"
"PDF Packing Sheet","PDF Pakning Sheet"
"PDF Packing Sheet + Invoice","PDF Pakning Sheet + Faktura"
"PDF page size","PDF-side størrelse"
"PDF Product-separated Picklist","PDF Produkt-separeret Valgliste"
"PDF Zebra Label","PDF Zebra Label"
"PDF/CSV (Out-of-stock List)","PDF / CSV (Out-of-stock List)"
"PDF/CSV Out-of-stock List","PDF / CSV Out-of-stock List"
"PDF/CSV Out-of-stock List Options","PDF / CSV Out-of-stock List Options"
"Pick Lists only","kun Pick Lister"
"pickPack","pickPack"
"pickPack User Guide","Brugervejledning pickPack"
"pickPack Validation Key","pickPack Validering Key"
"Pickup Date","Pickup Dato"
"Pickup Store Address","Pickup Store Adresse"
"Pickup Store Email","Pickup Store Email"
"Pickup Store ID","Pickup Store id"
"Pickup Store Phone","Pickup Store Telefon"
"Pickup Time","Pickup Time"
"Position","Position"
"Position custom text box","Position custom tekstfeltet"
"Position of custom attributes","Placering af brugerdefinerede attributter"
"Position of notes :","Placering af noter:"
"Position of shelving info","Placering af reoler info"
"Position the addresses exactly - for integrated labels","Placer adresserne præcis - for integrerede etiketter"
"Position the message box exactly","Placer besked boks præcis"
"Positionable box position","Indstillelig kasse position"
"Pre-cells","Pre-celler"
"Price column title","Pris kolonnetitel"
"Price position","pris position"
"Price X-pos.","Pris X-pos."
"Prices","priser"
"Prices converted from","Priser konverteret fra"
"Print All?","Udskriv alle?"
"Print barcode in separate line?","Print stregkode i separat linje?"
"Print Condition","print betingelse"
"Print Credit Memos?","Print kreditnotaer?"
"Print Invoices?","Udskriv fakturaer?"
"Print orders once only?","Printordrer kun én gang?"
"Print Packingslips?","Print Packingslips?"
"Print products label after address label?","Print produkter etiketten efter adresse label?"
"Print resolution","print opløsning"
"Print Shipping Labels?","Print Shipping etiketter?"
"Print supplier attribute?","Print leverandør attribut?"
"Priority of custom attribute grouping","Prioritering af brugerdefinerede attribut gruppering"
"Process date?","Proces dato?"
"Process orders that include out-of-stock items?","Behandle ordrer, der omfatter ud-af-lager poster?"
"Processing schedule","Behandling tidsplan"
"Product Category Label","Produktkategori Label"
"Product discount title","Product rabat titel"
"Product discount title?","Produkt rabat titel?"
"Product gift message xpos","Produkt gave besked XPOS"
"Product id below barcode font-size","Produkt id under stregkode font-size"
"Product images?","Produktbilleder?"
"Product line nudge","Produktlinje puf"
"Product line total title","Produktlinje samlede titel"
"Product line total title?","Produktlinje samlede titel?"
"Product list sort direction :","Produkt liste Sortering:"
"Product list titlebar padding bot","Produkt liste titellinje polstring bot"
"Product list titlebar padding top","Produkt liste titellinje polstring top"
"Product Name","produktnavn"
"Product name position","Produktnavn position"
"Product name X-pos.","Produktnavn X-pos."
"Product name?","Produktnavn?"
"Product names or attributes contain non-roman characters?","Produkt navne eller attributter indeholder ikke-latinske bogstaver?"
"Product Options : Size","Produkt Valg: Størrelse"
"Product options?","Produkt muligheder?"
"Product Price x","Produkt Pris x"
"Product SKU barcode?","Product SKU stregkode?"
"Product SKU below barcode font-size","Product SKU nedenfor stregkode font-size"
"Product SKU below barcode?","Product SKU nedenfor stregkode?"
"Product weight?","Produkt vægt?"
"Product-price Multiplier","Produkt-pris Multiplikator"
"Pull from custom attribute","Træk fra brugerdefinerede attribut"
"Purchase order #?","Købsordre #?"
"Put in separate column","Læg i separat kolonne"
"Puts in total weight, shipping carrier, payment method","Sætter i totalvægt, fragtfirmaet, betalingsmetode"
"q(Qty left to ship), s(Qty shipped), o(Qty ordered)","q (Antal venstre for at sende), s (Antal leveret), o (Antal bestilt)"
"Qty column title","Antal kolonnetitel"
"Qty invoiced","Antal faktureret"
"Qty left to ship","Antal venstre for at sende"
"Qty X-pos.","Antal X-pos."
"Quote all values in CSV exports?","Citat alle værdier i CSV eksport?"
"Recalculate","Genberegn"
"Recommend for long SKU","Anbefal længe SKU"
"Reformat address?","Omformatere adresse?"
"Reformat?","Omformatere?"
"Regular","Fast"
"Remove accents from letters in address?","Fjern accenter fra bogstaver i adressen?"
"Remove product tax from subtotal?","Fjern produkt skat fra subtotal?"
"Remove shipping tax from","Fjern forsendelse skat fra"
"Remove shipping tax from subtotal?","Fjern skibsfart skat fra subtotal?"
"Remove shipping tax from tax","Fjern skibsfart skat fra skat"
"Repeat gift message?","Gentag gave besked?"
"Replace Default ERP Invoice with pickPacks?","Udskift standard ERP Faktura med pickPacks?"
"Replace Default ERP Packing Sheet with the one from pickPack?","Udskift Standard ERP Packing Sheet med en fra pickPack?"
"Reset","Nulstil"
"Reset pickPack","Nulstil pickPack"
"Return address","returadresse"
"Return address - Default","Retur adresse - Standard"
"Return address - Group 1","Retur adresse - Gruppe 1"
"Return address - Group 2","Retur adresse - Gruppe 2"
"Return address - Group 3","Retur adresse - Gruppe 3"
"Return Address Label : Color","Adresselabels Label: Farve"
"Return Address Label : Font","Adresselabels Label: Font"
"Return Address Label : Size","Adresselabels: Størrelse"
"Return Address Label : Style","Adresselabels Label: Style"
"Return address text","Retur adresse tekst"
"Right","Højre"
"Right Margin X","Højre margen X"
"Rotate <b>autoCN22</b> page?","Drej <b> autoCN22 </ b>?"
"Rotate entire label?","Roter hele etiketten?"
"Rotate label?","Roter label?"
"Rotate Product list","Roter Produkt liste"
"Rotate return address?","Drej returadresse?"
"Rotate?","Rotere?"
"Round cost by ? decimal places","Round omkostninger ved? decimaler"
"Round custom attribute numbers?","Runde brugerdefinerede numre attribut?"
"Round weight by ? decimal places","Vægt af? decimaler"
"Rounding to 2 decimals can work well for price display.<br /><i>Default: No</i>","Afrunding til 2 decimaler kan fungere godt for prismærkning <br /> <i> Standard:. Nej </ i>"
"Rule 1?","Regel 1?"
"Rule 2?","Regel 2?"
"Rules are processed in order from low to high priority numbers.<br/>","Regler behandles i rækkefølge fra lav til høj prioritet numre. <br/>"
"Scale Shipping Labels","Scale Shipping etiketter"
"Seeing tofu : <b style="font-size:200%;font-weight:100;display:inline;position:relative;top:5px;">&#9647;</b>?","Seeing tofu: <b style = "font-size: 200%; font-weight: 100; display: inline; position: relative; top: 5px;"> & # 9647; </ b>?"
"Select Order Attribute To Update","Vælg Order Attribut Update"
"Separate multiple matches by comma.'","Adskil flere kampe med komma. '"
"Seperator 1?","Seperator 1?"
"Seperator 2?","Seperator 2?"
"Server Name","Servernavn"
"Set in 'Shipping Labels' section","Set i 'Shipping etiketter afsnittet"
"Set in 'Shipping Labels' section<br />Enable this to show eg. Royal Mail PPI labels","Frakt Datum"
"Set Internal Printed Flag?","Set Intern Printed Flag?"
"Set the currency symbol","Indstil valuta symbol"
"Set to Low to keep filesize low (but background image blurred), set to High to get a sharp background (and larger filesize)","Indstil til lav for at holde filstørrelsen lav (men baggrundsbillede sløret), angivet til Høj for at få en skarp baggrund (og større fil størrelse)"
"Settings File","Indstillinger File"
"Shelving attribute","hylder attribut"
"Shelving position","Fraktadres"
"Shelving Xpos","hylder XPOS"
"Shift Bundle Children Xpos","Shift Bundle Børn XPOS"
"Ship Date","Dato for afsendelse"
"shipEasy Connection","shipEasy Connection"
"shipEasy flag column #","shipEasy flag kolonne #"
"shipEasy flag value?","shipEasy flagværdien?"
"Shipping Address","forsendelsesadresse"
"Shipping address padding","Forsendelse adresse polstring"
"Shipping address phone?","Shipping adresse telefon?"
"Shipping address title","Forsendelse adresse titel"
"Shipping Date?","Afsendelses-dato?"
"Shipping Image #1","Forsendelse Image # 1"
"Shipping Image #2","Forsendelse Image # 2"
"Shipping Image #3","Forsendelse Image # 3"
"Shipping Labels","Shipping etiketter"
"Shipping Method (Default)","Shipping Method (Standard)"
"Shipping method?","Fragtmetode?"
"Shipping options?","Forsendelse muligheder?"
"Shipping Type","Forsendelse type"
"Shipping/Billing Title : Style","Shipping / Billing Titel: Style"
"Shipping/Billing title position","Shipping / Billing titel position"
"Show","At vise"
"Show 'Allowance'?","Show 'Allowance'?"
"Show 'Message B' for this group :","Show 'Message B' for denne gruppe:"
"Show 'Message B' for this group :","Show 'Message B' for denne gruppe:"
"Show 'Packed 2 by' note?","Show 'Pakket 2 af' note?"
"Show 'Packed by' note?","Show 'Pakket af' note?"
"Show 'Packed by' note?","Show 'Pakket af' note?"
"Show 'total item count'?","Show 'samlede post count'?"
"Show 'total order count'?","Show 'samlede ordre tæller'?"
"Show 'total paid'?","Show 'samlede betalt "?"
"Show 'total shipping paid'?","Show 'samlede skibsfart betalt'?"
"Show 'Total Taxed Product Value'?","Show 'Total Beskattes Product Value'?"
"Show 'Total UnTaxed Product Value'?","Show 'Total ubeskattet Product Value'?"
"Show #Order or #Invoice","Vis #Order eller #Invoice"
"Show 0 qty items?","Vis 0 qty elementer?"
"Show 2nd attribute?","Vis 2. attribut?"
"Show 2nd order custom attribute?","Vis 2. orden brugerdefinerede attribut?"
"Show 2nd Order ID?","Vis 2nd Order ID?"
"Show 2nd qrcode?","Vis 2nd QRCode?"
"Show 2nd?","Vis 2nd?"
"Show 3rd attribute?","Vis 3rd attribut?"
"Show address in product label?","Vis adresse i produktmærke?"
"Show advanced options?","Vis avancerede indstillinger?"
"Show Aitoc Checkout Fields?","Vis Aitoc bestilling Fields?"
"Show Amasty Order Attributes?","Vis Amasty Order attributter?"
"Show Amasty order delivery date?","Vis Amasty ordre leveringsdato?"
"Show another attribute?","Vis en anden attribut?"
"Show as Icon?","Vis som ikon?"
"Show attribute titles?","Vis attribut titler?"
"Show barcode SKU?","Vis stregkode SKU?"
"Show Base Currency values in Subtotals?","Vis basisvaluta værdier i Subtotaler?"
"Show BetaBoxes?","Vis BetaBoxes?"
"Show billing address at top?","Vis faktureringsadressen på toppen?"
"Show billing address?","Vis faktureringsadresse?"
"Show billing phone under shipping address ?","Vis fakturering telefon under leveringsadresse?"
"Show billing phone?","Vis fakturering telefon?"
"Show Box 1?","Vis Boks 1?"
"Show Box 2?","Vis Box 2?"
"Show Box 3?","Vis Boks 3?"
"Show box estimation?","Vis box estimering?"
"Show brackets around tax?","Vis parenteser omkring skat?"
"Show bundle parent?","Vis bundle forælder?"
"Show bundle parents?","Vis bundt forældre?"
"Show bundle product children?","Vis bundt produkt børn?"
"Show column titles?","Vis kolonnetitler?"
"Show cost subtotal?","Vis koste subtotal?"
"Show Currency Exchange Rate in Subtotals?","Vis Valuta Exchange Rate i Subtotaler?"
"Show custom attribute?","Vise brugerdefineret attribut?"
"Show custom barcode?","Vis brugerdefinerede stregkode?"
"Show custom product attribute (2)?","Vis brugerdefinerede produkt attribut (2)?"
"Show custom product attribute (3)?","Vis brugerdefinerede produkt attribut (3)?"
"Show custom product attribute (4)?","Vis brugerdefinerede produkt attribut (4)?"
"Show custom product attribute?","Vis brugerdefinerede produkt attribut?"
"Show custom product attributes?","Vis brugerdefinerede produkt-attributter?"
"Show custom product options?","Vis brugerdefinerede produktmuligheder?"
"Show custom qrcode?","Vis brugerdefinerede QRCode?"
"Show customer email?","Vis kunde email?"
"Show customer group?","Vis kundegruppe?"
"Show customer ID?","Vis kunde-id?"
"Show customer phone?","Vis kunde telefon?"
"Show customer VAT number?","Vis kunde momsnummer?"
"Show custommer comment?","Vis custommer kommentar?"
"Show date printed?","Vis dato trykt?"
"Show deadline text / date?","Vis deadline tekst / dato?"
"Show discount?","Vis rabat?"
"Show discounts in order subtotal","Vis rabatter for subtotal"
"Show discounts in order subtotal'","Vis rabat for subtotal '"
"Show discounts where?","Vis rabat hvor?"
"Show discounts?","Vis rabat?"
"Show Earned Points?","Vis optjente point?"
"Show extended info line?","Vis udvidet info linje?"
"Show extra shipping details?","Vis ekstra forsendelsesoplysninger?"
"Show fixed text?","Vis fast tekst?"
"Show fixed-text for non-Store-Pickup orders?","Vis fast tekst til ikke-Store-pickup ordrer?"
"Show for bundle children?","Vis til bundt børn?"
"Show full payment?","Vis fuld betaling?"
"Show gift message title 'to/from'","Vis gave besked title "til / fra""
"Show gift message?","Vis gave besked?"
"Show gift messages?","Vis gave beskeder?"
"Show gift wrap message?","Vis gavepapir besked?"
"Show gift wrap style?","Vis gavepapir stil?"
"Show giftwrap label?","Vis giftwrap label?"
"Show Grand Total?","Vis Grand Total?"
"Show icon top-of-page for wrap orders?","Vis ikon top-of-side for wrap ordrer?"
"Show invoiced date?","Vis faktureret dato?"
"Show items count?","Vis elementer tæller?"
"Show logo on Pick Lists?","Vis logo på valglister?"
"Show logo on picklists?","Vis logo på picklists?"
"Show mageworld order delivery date?","Vis mageworld ordre leveringsdato?"
"Show Mageworx Multifees?","Vis Mageworx Multifees?"
"Show movable Order ID?","Vis bevægelig Order ID?"
"Show name?","Vis navn?"
"Show on line item' can help reduce customs fees","Vis på post "kan hjælpe med at reducere told gebyrer"
"Show order column titles?","Vis order kolonnetitler?"
"Show order comments?","Vis order kommentarer?"
"Show order custom attribute?","Vis ordre brugerdefinerede attribut?"
"Show order date?","Vis ordredato?"
"Show order gift message?","Vis ordre gave besked?"
"Show Order Grand Total","Vis Order Grand Total"
"Show Order ID (above address)?","Vis Order ID (ovenstående adresse)?"
"Show Order ID above address?","Vis Order ID ovenstående adresse?"
"Show Order ID barcode?","Vis Order ID stregkode?"
"Show Order ID barcodes?","Vis Order ID stregkoder?"
"Show Order ID in product label?","Vis Order ID i produktmærke?"
"Show Order ID?","Vis Order ID?"
"Show Order IDs?","Vis Order id'er?"
"Show order number?","Vis ordrenummer?"
"Show Order Subtotals?","Vis Bestil Subtotaler?"
"Show Order Tax Total","Vis Order Skat Total"
"Show Order Total (no Tax)","Vis Order alt (ingen skat)"
"Show page title bar?","Vis side titellinjen?"
"Show parent product name","Vis forælder produktnavn"
"Show payment method?","Vis betalingsmetode?"
"Show phone numbers?","Vis telefonnumre?"
"Show pickup date/time on same line?","Vis afhentning dato / tid på samme linje?"
"Show Point Discount?","Vis Punkt Discount?"
"Show Price?","Vis Pris?"
"Show prices?","Vis priser?"
"Show product gift message?","Vis produkt gave besked?"
"Show Product Gift-Wrap Column?","Vis Product Gave-Wrap Column?"
"Show Product Grand Total","Vis Product Grand Total"
"Show Product ID barcode","Vis Produkt-ID stregkode"
"Show product ID below barcode?","Vis produkt-id under stregkode?"
"Show product images?","Vis produktbilleder?"
"Show product line total?","Vis produktlinje alt?"
"Show Product list?","Vis Product liste?"
"Show product name bold?","Vis produktnavn fed?"
"Show product name?","Vis produktnavn?"
"Show product names?","Vis produktnavne?"
"Show product options?","Vis produktmuligheder?"
"Show Product qty?","Vis produkt Antal?"
"Show product sku barcode?","Vis produkt sku stregkode?"
"Show product sku?","Vis produkt sku?"
"Show Product Tax Total","Vis Product Tax Total"
"Show Product Total(no Tax)","Vis Product alt (ingen skat)"
"Show product type?","Vis produkttype?"
"Show product-level gift messages?","Vis produkt-niveau gave beskeder?"
"Show purchase order #?","Vis købsordre #?"
"Show qty as:","Vis qty som:"
"Show return address?","Vis returadresse?"
"Show Sheet Grand Total with Tax/ without Tax","Vis Sheet Grand Total med Skat / uden Skat"
"Show Sheet Total","Vis Sheet alt"
"Show Sheet Total with Tax/ without Tax","Vis Sheet alt med Skat / uden Skat"
"Show shelving info?","Vis reoler info?"
"Show Ship Grand Total","Vis Ship Grand Total"
"Show Ship Tax Total","Vis Ship Skat alt"
"Show Ship Total (no Tax)","Vis Ship alt (ingen skat)"
"Show shipping address at top?","Vis leveringsadresse på toppen?"
"Show shipping address title?","Vis leveringsadresse titel?"
"Show shipping address?","Vis leveringsadresse?"
"Show shipping carrier?","Vis fragtfirmaet?"
"Show shipping method?","Vis forsendelsesmetode?"
"Show Shipping Price?","Vis Shipping Pris?"
"Show Shipping subtotal?","Vis Forsendelse subtotal?"
"Show shipping warehouse?","Vis skibsfart lager?"
"Show simple product name","Vis simple produktnavn"
"Show SKU?","Vis SKU?"
"Show Source in subtotal?","Vis Source i subtotal?"
"Show specific attribute?","Vis specifik attribut?"
"Show Spent Points?","Vis brugt Points?"
"Show stock alert below...","Vis lager alarm nedenfor ..."
"Show stock alerts?","Vis lager indberetninger?"
"Show stock qty?","Vis lager Antal?"
"Show subtotal?","Vis subtotal?"
"Show Subtotals?","Vis Subtotaler?"
"Show tax breakdown?","Vis skat sammenbrud?"
"Show tax separately?","Vis skat separat?"
"Show tickbox 2nd?","Vis afkrydsningsfeltet 2nd?"
"Show tickbox?","Vis afkrydsningsfeltet?"
"Show total discount?","Vis alt rabat?"
"Show Total Due?","Vis alt Due?"
"Show Total Order","Vis alt Order"
"Show Total Paid?","Vis alt betalt?"
"Show total shipping?","Vis alt skibsfart?"
"Show total tax?","Vis samlede skat?"
"Show total weight?","Vis totalvægt?"
"Show tracking number as barcode?","Vis tracking nummer som stregkode?"
"Show tracking number?","Vis tracking nummer?"
"Show unit price?","Vis enhedspris?"
"Show unit tax Total","Vis enhed skat I alt"
"Show unit tax?","Vis enhed skat?"
"Show which date?","Vis hvilken dato?"
"Show which Store-Pickup details?","Vis som Store-pickup detaljer?"
"Show which value for configurable product names?","Vis hvilken værdi for konfigurerbare produktnavne?"
"Show which value for product names?","Vis hvilken værdi for produktnavne?"
"Show WSA Store-Pickup details?","Vis WSA Store-pickup detaljer?"
"Show zero-value discount?","Vis nul-værdi rabat?"
"Show zero-value shipping?","Vis nul-værdi forsendelse?"
"Show zero-value tax?","Vis nul-værdi skat?"
"Show Zipcode barcode?","Vis Postnummer stregkode?"
"Show?","At vise?"
"Shows item if stock below this; Default: 1","Viser element, hvis lager under denne; Standard: 1"
"Shows SKU in red if stock below this number","Viser SKU i rødt, hvis lager under dette nummer"
"Signature line?","Signature linje?"
"Simple product name","Simple produktnavn"
"Simple product name, even in configurable","Simple produktnavn, selv i konfigurerbar"
"Size","Størrelse"
"Size attribute","Størrelse attribut"
"Size X-pos.","Størrelse X-pos."
"SKU barcode column title","SKU stregkode kolonnetitel"
"SKU column title","SKU kolonnetitel"
"SKU position","SKU position"
"SKU X-pos.","SKU X-pos."
"SKU?","SKU?"
"Small Image","lille billede"
"Sort bundle children?","Sorter bundt børn?"
"Sort by :","Sorter efter :"
"Sort direction :","Sortering:"
"Sort items by :","Sorter vare efter:"
"Sort product lists by :","Sorter produkt lister ved:"
"Sort product lists?","Sorter produktlister?"
"Sort products by :","Sorter produkter efter:"
"Sort Secondary by :","Sorter Sekundær efter:"
"Sorting attribute :","Sortering attribut:"
"Spacer character:","Spacer karakter:"
"Specific font-size for Town/State/Zip","Specifik skriftstørrelse for By / stat / Zip"
"Split &amp; group bundle parents and children/simple-products separately","Split & amp; gruppe bundt forældre og børn / simple-produkter særskilt"
"Split by logged-in user?","Split ved logget på?"
"Split PDFs by supplier","Split PDF-filer fra leverandøren"
"Standard : shipping on left, billing on right","Standard: forsendelse på venstre, fakturering på højre"
"Star specific value?","Stjerne specifik værdi?"
"Start from fixed Y-Pos?","Start fra faste Y-Pos?"
"Start overflow pages where?","Start overløb sider, hvor?"
"Start with 'From :' to have that a different size","Start med "Fra:" at have, at en anden størrelse"
"Status","status"
"Stock alert below...","Stock alarm nedenfor ..."
"Stock alerts?","Stock advarsler?"
"Stock Filter","Stock Filter"
"Store","butik"
"Strip line breaks and commas?","Strip linjeskift og kommaer?"
"Strip linebreaks from non-address fields in CSV exports?","Strip linieskift fra ikke-adressefelter i CSV eksport?"
"Strip linebreaks in gift messages?","Strip linieskift i gave beskeder?"
"Strip linebreaks in order comments?","Strip linieskift i orden kommentarer?"
"Style","Stil"
"Subheadings : Color","Underpositioner: Color"
"Subheadings : Font","Underpositioner: Skrifttype"
"Subheadings : Size","Underpositioner: Størrelse"
"Subheadings : Style","Moms"
"Subsection height","Moms"
"Subtotal align","Moms"
"Subtotal Labels X-pos","Subtotal Etiketter X-pos"
"Subtotal Numbers X-pos","Subtotal Numbers X-pos"
"Suggested : [blank] or 'billing details'","Foreslåede: [Blank] eller "faktureringsoplysninger '"
"Suggested : [blank] or 'Ship","Foreslået: [blank] eller 'Ship"
"Suggested : [blank] or 'shipping details'","Foreslåede: [Blank] eller "skibsfart detaljer '"
"Supplier  'login'","Leverandørens login '"
"Supplier attribute","Leverandør attribut"
"Supplier options","Leverandør muligheder"
"Supplier username:suppliername","Leverandør brugernavn: suppliername"
"Switched, billing on donw, shipping on up","Switched, fakturering på donw, skibsfart på op"
"Switched, billing on left, shipping on right","Switched, fakturering på venstre, forsendelse på højre"
"T: ","T:"
"Take product name from:","Tag produktnavnet fra:"
"Tax column title","Skat kolonnetitel"
"Tax display method","Skat display metode"
"Tax Incl.","Skat Inkl."
"Tax Label","Skat Label"
"Tax Label Incl.","Skat Label Inkl."
"Tax paid?","Betalt skat?"
"Teando Delivery Options?","Teando Delivery Options?"
"Temando Delivery Options?","Temando Delivery Options?"
"Text","Tekst"
"Text for 'Packed 2 by' note :","Tekst til "emballeret 2 af 'note:"
"Thailand CN22 Label Image","Thailand CN22 Label billede"
"This needs the <b><a href="https://moogento.com/shipeasy" target="_blank">shipEasy</a></b> extension to work","Dette behov for <b> <a href="https://moogento.com/shipeasy" target="_blank"> shipEasy </a> </ b> udvidelse til arbejde"
"This option will work if you have installed Gift Wrap feature of Magento Enterprise","Denne mulighed vil fungere, hvis du har installeret Gift Wrap funktion i Magento Enterprise"
"This option will work if you have installed warehouse extension.","Denne mulighed vil fungere, hvis du har installeret lager forlængelse."
"This sets: Packing Sheets, Invoices, Picklists.","Dette sætter: Emballerings- Ark, fakturaer, Picklists."
"This will add an info label at the end of every print run.","Dette vil tilføje en info etiket i slutningen af ​​hvert oplag."
"This will be added to each order's total weight","Dette vil blive tilføjet til hver ordre samlede vægt"
"This will create different pick lists per supplier","Dette vil skabe forskellige pluklister pr leverandør"
"This will group all products by their category (useful for outbound customs declarations)","Dette vil gruppen Alle produkter af deres kategori (anvendelige til udgående toldangivelser)"
"This will move the image on each label","Dette flytter billedet på hver etiket"
"This will slow down PDF generation by a lot, so leave 'No' unless you really need it","Dette vil bremse PDF generering af en masse, så lad 'Nej', medmindre du virkelig har brug for det"
"Thumbnail","Thumbnail"
"Tickbox 2nd Xpos","Afkrydsningsfelt 2nd XPOS"
"Tickbox 2nd?","Afkrydsningsfelt 2nd?"
"Tickbox Xpos","afkrydsningsfelt XPOS"
"Tickbox?","Afkrydsningsfeltet?"
"Time","Tid"
"Tip : Use short title(s) if you choose 'beside'","Tip: Brug kort titel (r), hvis du vælger 'ved siden af'"
"Title","Titel"
"Title text","Titel tekst"
"Titlebars Bkg Color","Titellinjer Bkg Color"
"Today\'s Date","Dags dato"
"Top address padding","Top adresse polstring"
"Top Left","Øverst til venstre"
"Top of page","Toppen af ​​siden"
"Top-left Ribbon","Top-venstre Ribbon"
"Total invoiced items count?","Total fakturerede elementer tæller?"
"Total items count?","Total elementer tæller?"
"Total order count?","Samlet ordre tæller?"
"Total paid column","Samlet betalte kolonne"
"Total paid for each SKU?","Samlet betalte for hver SKU?"
"Total paid?","Samlet betalt?"
"Total price column title","Samlet pris kolonnetitel"
"Total product qty title","Samlet produkt Antal titel"
"Total shipped items count?","Total afsendt elementer tæller?"
"Total shipping paid?","Samlet skibsfart betalt?"
"Total weight?","Totalvægt?"
"Tracking number font size","Sporing nummer skriftstørrelse"
"Tracking Number?","Tracking nummer?"
"Trigger statuses","Trigger statusser"
"Trim long content?","Trim lang indhold?"
"Trim long SKUs?","Trim lange SKUs?"
"Trim long?","Trim længe?"
"Trim Product Name","Trim Produktnavn"
"Trim Product Name?","Trim Produktnavn?"
"Trim SKU?","Trim SKU?"
"Trim?","Trimme?"
"Truncate items to fit in columns?","Afkort elementer til at passe i kolonner?"
"UK CN22 Label Image","UK CN22 Label billede"
"Under product-list message","Under produkt-liste besked"
"Under product-list Message A","Under produkt-liste Message A"
"Under product-list Message B","Under produkt-liste Message B"
"Under shipping details","Under skibsfart detaljer"
"Unhold?","Aktiver?"
"Unit price column title","Stykpris kolonnetitel"
"Unit price title","Stykpris titel"
"Unit tax title","Enhed skat titel"
"Unit tax title?","Enhed skat titel?"
"Update after process","Opdatering efter proces"
"Update Order Attribute","Opdatering Order Attribut"
"Update shipEasy Flag","Opdatering shipEasy Flag"
"Upload a .ttf or .otf font file","Upload et .ttf eller .otf font fil"
"Upload a .ttf or .otf font file <br />'Font style' settings","Upload et .ttf eller .otf font fil <br /> "Font Style 'indstillinger"
"Upload a .ttf or .otf font file <br />'Font style' settings are ignored with custom fonts","Upload et .ttf eller .otf font fil <br /> "Font Style 'indstillinger ignoreres med brugerdefinerede skrifttyper"
"Upload a .ttf or .otf font file'Font style' settings","Upload et .ttf eller .otf font file'Font Style 'indstillinger"
"Upload a .ttf or .otf font file<br />'Font style' settings are ignored with custom fonts","Upload et .ttf eller .otf font fil <br /> "Font Style 'indstillinger ignoreres med brugerdefinerede skrifttyper"
"Upsize + bold qty, if qty = 2+","Konvertere + fed qty, hvis qty = 2+"
"USA CN22 Label Image","USA CN22 Label billede"
"Use <b>courierRules</b> generated shipping label?","Brug <b> courierRules </ b> genereret forsendelsesmærkat?"
"Use as a way to constrain the address inside a specific label or area","Anvendelse som en måde at begrænse adresse i en bestemt etiket eller område"
"Use GFS Shipping Labels?","Brug GFS Shipping etiketter?"
"Use logged-in language","Brug logget ind sprog"
"Use Magento Grand Total?","Brug Magento Grand Total?"
"Use Magento subtotals?","Brug Magento subtotaler?"
"Use order storeview language","Brug ordre storeview sprog"
"Use standard","Brug standard"
"Use together with 'Update shipEasy Flag' -> 'Yes, Printed'","Brug sammen med 'Opdater shipEasy Flag "->" Ja, Trykt'"
"Use what language and when?","Brug hvad sprog og hvornår?"
"Use which image?","Brug hvilket billede?"
"Use which?","Brug hvilke?"
"Uses header logo from Packing Sheet","Bruger header logo fra Packing Sheet"
"Using One Step Checkout (Magestore) delivery date","Brug One Step Checkout (Magestore) leveringsdato"
"Usually goes at page base - handy for QC","Normalt går på side base - praktisk til QC"
"Value","Værdi"
"Vert Line","Vert Linje"
"Warehouse?","Lager?"
"Weight Based number?","Vægtbaseret nummer?"
"Weight Based?","Vægt Baseret?"
"Weight multiplier","Vægt multiplikator"
"Weight rounding","Vægt afrunding"
"Weight unit","Vægt enhed"
"Weight unit:","Vægtenhed:"
"What is your word for 'tax'?","Hvad er dit ord for "skat"?"
"Where to position custom product attributes on the picklists.<br />Default: Columns","Hvor at placere tilpassede produkt attributter på picklists <br /> Standard:. Kolonner"
"Which Aitoc attribute codes?","Hvilke Aitoc attribut koder?"
"Which Options?","Hvilke muligheder?"
"Which value for configurable product names?","Hvilken værdi for konfigurerbare produktnavne?"
"Which?","Hvilken?"
"Width","Bredde"
"X days after printing date?","X dage efter udskrivning dato?"
"X-Nudge","X-Nudge"
"X-pos","X-pos"
"X-Pos [434]","X-Pos [434]"
"X-Pos.  images 222","X-Pos. billeder 222"
"X-Pos. attr. 2","X-Pos. attr. 2"
"X-Pos. attr. 2 (+ prices col)","X-Pos. attr. 2 (+ priser col)"
"X-Pos. attr. 2 (+ prices, tax cols)","X-Pos. attr. 2 (+ priser, skat cols)"
"X-Pos. attr. 3","X-Pos. attr. 3"
"X-Pos. attr. 3 (+ prices col)","X-Pos. attr. 3 (+ priser col)"
"X-Pos. attr. 3 (+ prices, tax cols)","X-Pos. attr. 3 (+ priser, skat cols)"
"X-Pos. barcodes","X-Pos. stregkoder"
"X-Pos. custom product options","X-Pos. muligheder brugerdefinerede produkt"
"X-Pos. custom product options (+ prices col)","X-Pos. brugerdefinerede produktmuligheder (+ priser COL)"
"X-Pos. custom product options (+ prices, tax cols)","X-Pos. brugerdefinerede produktmuligheder (+ priser, skat cols)"
"X-Pos. date","X-Pos. dato"
"X-Pos. images","X-Pos. billeder"
"X-Pos. images (+ prices col)","X-Pos. billeder (+ priser COL)"
"X-Pos. images (+ prices, tax cols)","X-Pos. billeder (+ priser, skat cols)"
"X-Pos. name","X-Pos. navn"
"X-Pos. name (+ prices col)","X-Pos. navn (+ priser col)"
"X-Pos. name (+ prices, tax cols)","X-Pos. navn (+ priser, skat cols)"
"X-Pos. numbered list","X-Pos. nummereret liste"
"X-Pos. numbered list bundle children","X-Pos. nummererede liste bundt børn"
"X-Pos. product discount","X-Pos. produkt rabat"
"X-Pos. product discount?","X-Pos. produkt rabat?"
#N/A
"X-Pos. product line total?","X-Pos. produktlinje alt?"
"X-Pos. qty","X-Pos. qty"
"X-Pos. qty (+ prices col)","X-Pos. qty (+ priser col)"
"X-Pos. qty (+ prices, tax cols)","X-Pos. Antal (+ priser, skat cols)"
"X-Pos. shelf","X-Pos. hylde"
"X-Pos. shelf (+ prices col)","X-Pos. hylde (+ priser col)"
"X-Pos. shelf (+ prices, tax cols)","X-Pos. hylde (+ priser, skat cols)"
"X-Pos. sku","X-Pos. sku"
"X-Pos. sku (+ prices col)","X-Pos. sku (+ priser col)"
"X-Pos. sku (+ prices, tax cols)","X-Pos. sku (+ priser, skat cols)"
"X-Pos. SKU barcode","X-Pos. SKU stregkode"
"X-Pos. SKU barcode (+ prices col)","X-Pos. SKU stregkode (+ priser col)"
"X-Pos. SKU barcode (+ prices, tax cols)","X-Pos. SKU stregkode (+ priser, skat cols)"
"X-Pos. tickbox","X-Pos. afkrydsningsfelt"
"X-Pos. tickbox (+ prices col)","X-Pos. afkrydsningsfelt (+ priser col)"
"X-Pos. tickbox (+ prices, tax cols)","X-Pos. afkrydsningsfelt (+ priser, skat cols)"
"X-Pos. total price","X-Pos. total pris"
"X-Pos. total price (+ tax col)","X-Pos. samlede pris (+ skat col)"
"X-Pos. unit price","X-Pos. pris per stk"
"X-Pos. unit price (+ tax col)","X-Pos. enhedspris (+ skat col)"
"X-Pos. unit tax","X-Pos. skatteenhed"
"X-Pos. unit tax?","X-Pos. enhed skat?"
"XML/CSV Cargo Packing Sheet","XML / CSV Cargo Packing Sheet"
"Xpos name","XPOS navn"
"Xpos qty","XPOS qty"
"Xpos shelving","XPOS reoler"
"Y-pos","Y-pos"
"Yes","Ja"
"Yes (After tax)","Ja (efter skat)"
"Yes (item custom attribute with specific date)","Ja (post brugerdefinerede attribut med specifik dato)"
"Yes (Multiple products)","Ja (Flere produkter)"
"Yes (Single products)","Ja (Enkeltværelse produkter)"
"Yes in Packing Sheets & Invoices Only","Ja i Pakning Ark & Fakturaer Kun"
"Yes in Picklists Only","Ja i Picklists Kun"
"Yes, *not* including email","Ja, * ikke * herunder e-mail"
"Yes, 2 messages, depending on customer group","Ja, 2 beskeder, afhængig af kundegruppe"
"Yes, after shipping address","Ja, efter leveringsadresse"
"Yes, an image","Ja, et billede"
"Yes, and don\'t include date","Ja, og don \ 't omfatter dato"
"Yes, and double-quote quotes","Ja, og anførselstegn citater"
"Yes, and include date","Ja, og omfatter dato"
"Yes, and strip all quotes","Ja, og fratage alle citater"
"Yes, average price paid (taken from invoice row)","Ja, gennemsnitspris, der betales (taget fra faktura række)"
"Yes, before shipping address","Ja, før leveringsadresse"
"Yes, below product line, linear","Ja, under produktlinje, lineær"
"Yes, below product line, stacked","Ja, under produktlinje, stablet"
"Yes, below product line, stacked & boxed","Ja, under produktlinje, stablet & boksede"
"Yes, both in a Tax column and a Tax subtotal","Ja, både i en Tax kolonne og en Tax subtotal"
"Yes, by Order Attribute","Ja, ved bekendtgørelse Attribut"
"Yes, by Order Status","Ja, ved Ordrestatus"
"Yes, by Shipping Method","Ja, ved Shipping Method"
"YES, CAPITALISE","JA, Udnyt"
"Yes, Child (Simple product full SKU (include option))","Ja, Child (Simpelt produkt fuld SKU (inkluderer option))"
"Yes, Child (Simple product full SKU, including product options)","Ja, Child (Simpelt produkt fuld SKU, herunder produktmuligheder)"
"Yes, Child (Simple product SKU **Default**)","Ja, Child (Simpelt produkt SKU ** Standard **)"
"Yes, Child (Simple product)","Ja, Child (Simpelt produkt)"
"Yes, combined in movable box","Ja, kombineret i bevægelige kasse"
"Yes, combined in new page","Ja, kombineret i ny side"
"Yes, combined in positionable box","Ja, kombineret i positionerbar kasse"
"Yes, combined under products list","Ja, kombineret under produkter liste"
"Yes, combined under shipping address","Ja, kombineret under leveringsadresse"
"Yes, combo attributes","Ja, attributter combo"
"Yes, concise","Ja, koncis"
"Yes, count each option as a separate SKU","Ja, tæller hver mulighed som en separat SKU"
"Yes, count each option as a separate SKU, grouped under parent product","Ja, tæller hver mulighed som en separat SKU, grupperet under forælder produkt"
"Yes, custom attribute","Ja, custom attribut"
"Yes, depending on Country Group","Ja, afhængigt af land Group"
"Yes, filter by notes text","Ja, filter af noter tekst"
"Yes, fixed text","Ja, fast tekst"
"Yes, for Pick Lists and Packing Sheets","Ja, for pluklister og pakning Sheets"
"Yes, from custom attribute","Ja, fra brugerdefinerede attribut"
"Yes, full SKU","Ja, fuld SKU"
"Yes, Garuda [good for: Thai, Latin]","Ja, Garuda [god til: Thai, latin]"
"Yes, grayed out","Ja, nedtonet"
"Yes, group parent SKUs and option SKUs","Ja, gruppe forældre SKU'er og option varenumre"
"Yes, in a Tax column","Ja, i en Tax kolonne"
"Yes, in a Tax subtotal","Ja, i en Tax subtotal"
"Yes, in page base","Ja, i side bund"
"Yes, in positionable box (handy for tear-off labels)","Ja, i positionerbar boks (praktisk til tåre-off etiketter)"
"Yes, in separate column","Ja, i separat kolonne"
"Yes, in title","Ja, i titlen"
"Yes, incl. tax","Ja, inkl. skat"
"Yes, including email","Ja, herunder e-mail"
"Yes, inline with product SKU","Ja, inline med produktet SKU"
"Yes, Invoice ID","Ja, Faktura ID"
"Yes, Kinnari (similar to Georgia) [good for: Thai, Latin]","Ja, Kinnari (svarende til Georgien) [god til: Thai, latin]"
"Yes, Marketplace Order ID","Ja, Marketplace Order ID"
"Yes, MS Gothic [large filesize, good for: Japanese, Latin]","Ja, MS Gothic [stor filstørrelse, god til: Japansk, latin]"
"Yes, new line for each, under product SKU","Ja, ny linje for hver, under produkt SKU"
"Yes, on a new page","Ja, på en ny side"
"Yes, on same label","Ja, på samme etiket"
"Yes, on separate label","Ja, på separate etiket"
"Yes, one message, horizontal strip","Ja, én besked, vandret strimmel"
"Yes, one message, positionable box","Ja, én besked, indstillelig kasse"
"Yes, one product per label","Ja, ét produkt pr etiket"
"Yes, only output Invoiced items","Ja, kun output Faktureret emner"
"Yes, only output Shipped items","Ja, kun output afsendt emner"
"Yes, order details + shipping label","Ja, ordredetaljer + label forsendelse"
"Yes, order details only","Ja, detaljer kun ordre"
"Yes, Order ID","Ja, Order ID"
"Yes, Parent (Configurable parent **Default**)","Ja, Parent (Konfigurerbar forælder ** Standard **)"
"Yes, Parent (Configurable parent SKU)","Ja, Parent (konfigurerbar forælder SKU)"
"Yes, product category","Ja, kategori produkt"
"Yes, product ID","Ja, produkt-id"
"Yes, product name","Ja, produktnavn"
"Yes, product SKU","Ja, produkt SKU"
"Yes, Purisa (similar to Comic Sans) [good for: Thai, Latin]","Ja, Purisa (svarende til Comic Sans) [god til: Thai, latin]"
"Yes, Sawasdee [good for: Thai, Latin]","Ja, Sawasdee [god til: Thai, latin]"
"Yes, shipping label only","kun Ja, forsendelsesmærkat"
"Yes, show only notes tagged \'visible on frontend\'","Ja, vis kun noter tagget \ 'synlig på frontend \'"
"Yes, Simplified Chinese [good for: Chinese]","Ja, forenklet kinesisk [god til: Kinesisk]"
"Yes, split parent SKUs if option SKUs vary","Ja, split forælder varenumre hvis option varenumre varierer"
"Yes, standard fonts [large filesize, good for accented Latin]","Ja, standard skrifttyper [stor filstørrelse, god til accent latin]"
"Yes, Tahoma [medium filesize, good for: Arabic, Latin]","Ja, Tahoma [medium filstørrelse, god til: arabisk, latin]"
"Yes, to 0 decimal places","Ja, til 0 decimaler"
"Yes, total product cost price","Ja, samlede produkt kostpris"
"Yes, total sold price, excluding shipping","Ja, alt solgt pris, plus fragt"
"Yes, total sold price, including shipping","Ja, alt solgt pris, inklusive forsendelse"
"Yes, Traditional Chinese [good for: Chinese]","Ja, traditionel kinesisk [god til: Kinesisk]"
"Yes, under individual product","Ja, under individuel produkt"
"Yes, under product list","Ja, under produktliste"
"Yes, up to a pallet","Ja, op til en palle"
"Yes, Uppercase","Ja, Store bogstaver"
"Yes, with no tax info","Ja, med ingen skat info"
"Yes, with Tax","Ja, med Skat"
"Yes, with VAT info","Ja, med moms info"
"Yes: bold","Ja: fed"
"Yes: bold & underline","Ja: fed & understregning"
"Yes: bold, underlined & red","Ja: fed, understreget & rød"
"Yes: boxed","Ja: boxed"
"You need courierRules installed for this to work. This will use the specific label generated by courierRules.","Du har brug for courierRules installeret for at dette virker. Dette vil bruge særlig mærkning genereret af courierRules."