"'Allowance' column title","'Trợ cấp' tiêu đề cột"
"'Attribute 1' column","'Attribute 1' cột"
"'Attribute 2' column",""Thuộc tính 2 'cột"
"'Attribute 3' column","'Attribute 3' cột"
"'Attribute 4' column","'Attribute 4' cột"
"'Attribute Combine' column",""Thuộc tính Kết hợp 'cột"
"'Product barcode' column","'Mã vạch sản phẩm' cột"
"'Product images' column","cột 'Hình ảnh sản phẩm'"
"'Product name' column","'Tên sản phẩm' cột"
"'Product weight' column","'Trọng lượng sản phẩm' cột"
"'Qty' column","cột "Số lượng""
"'ship-address' and 'bill-address' column format","'Tàu địa chỉ "và" hóa đơn địa chỉ' định dạng cột"
"'ship-address' and' bill-address' column format","'Tàu địa chỉ "và" hóa đơn địa chỉ' định dạng cột"
"'SKU' column","cột 'Mã'"
"'Stock qty' column","'Cổ qty' cột"
"'Stock warning' column","'Cảnh báo cổ' cột"
"'Tick boxes' next to item SKUs?","'Tick hộp' bên cạnh mục SKU?"
"'Tickbox 2nd' column","cột 'tickbox thứ 2'"
"'Tickbox' column","cột 'tickbox'"
"'Warehouse' column","cột 'kho'"
"(%) Default is 100%","(%) Mặc định là 100%"
"(Attribute must exist)","(Attribute phải tồn tại)"
"(Default : "Total Price Col" X-Pos)","(Mặc định: "Tổng giá Col" X-Pos)"
"(Default:No)","(Mặc định: Không)"
"(Default:Yes)","(Mặc định: Có)"
"(negative to shift it down)","(Tiêu cực để chuyển nó xuống)"
"(standard for invoices)","(Tiêu chuẩn cho các hoá đơn)"
"(Tip: Upload placeholder images in Config > Catalog)","(Mẹo: Upload hình ảnh giữ chỗ trong Config> Catalog)"
"(Upload placeholder images in Config > Catalog)","(Upload hình ảnh giữ chỗ trong Config> Catalog)"
"(Used if 'Position of shelving info' set to 'Columns')","(Được sử dụng nếu 'Vị trí của giá đỡ thông tin' thiết lập để 'Cột')"
"['Payment due ']","['Thanh toán do ']"
"[#000000] (#HEX colour code)","[# 000000] (# hệ lục phân mã màu)"
"[#111111] (#HEX colour code)","[# 111111] (# hệ lục phân mã màu)"
"[#5BA638] (#HEX colour code)","[# 5BA638] (# hệ lục phân mã màu)"
"[#87CEEB] (#HEX colour code)","[# 87CEEB] (# hệ lục phân mã màu)"
"[#8AC371] (#HEX colour code)","[# 8AC371] (# hệ lục phân mã màu)"
"[#FFFFFF] (#HEX colour code)","[# FFFFFF] (# hệ lục phân mã màu)"
"[10] (negative to shift it down)","[10] (âm để chuyển nó xuống)"
"[10] (negative to shift it down)<br />(Make about half image height to center text)<br />(If you need to show options, probably don't shift)","[10] (âm để chuyển nó xuống) <br /> (Hãy về chiều cao hình ảnh một nửa giữa văn bản) <br /> (Nếu bạn cần hiển thị tùy chọn, có thể không thay đổi)"
"[10pt]/5pt (top/bottom), 5pt (left/right)","[10pt] / 5pt (trên / dưới), 5pt (trái / phải)"
"[15pt] - Set larger to print a larger barcode","[15pt] - Thiết lập lớn hơn để in mã vạch lớn hơn"
"[30] - Set to same as Sku X-Pos to print barcode under Sku","[30] - Thiết lập để giống như Sku X-Pos để in mã vạch dưới Sku"
"[blank]","[chỗ trống]"
"[Default = No]","[Mặc định = No]"
"[Equal]","[Equal]"
"[Invoice then Packing Sheet]","[Hóa đơn sau đó đóng gói tấm]"
"[Italic]","[Italic]"
"[More than]","[Nhiều hơn]"
"[No]","[Không]"
"[No] : Default","[Không]: Mặc định"
"[No] (No = Word-wrap)","[No] (Không = Word-wrap)"
"[No] If set to yes, gift messages will print with this font.","[Không] Nếu thiết lập là yes, tin nhắn quà sẽ in với font chữ này."
"[OpenSans]","[OpenSans]"
"[Packing Sheet then Invoice]","[Đóng gói tấm sau đó hóa đơn]"
"[Partially: Lines top &amp; bottom]","[Nhiều: Dây chuyền đầu trang & amp; dưới]"
"[price]","[giá]"
"[qty]","[SL]"
"[Regular]","[Đều đặn]"
"[sku]","[Dòng sản phẩm]"
"[stock]","[cổ phần]"
"[Yes (from Magento)]","[Yes (từ Magento)]"
"[Yes]","[Vâng]"
"[Yes] : Default;","[Yes]: Mặc định;"
"[Yes] (Adds 'Included' to tax label)","[Yes] (Thêm 'bao gồm' để nhãn thuế)"
"[Yes] (No = Word-wrap)","[Yes] (Không = Word-wrap)"
"[Yes]<br />- If you have slightly 'dirty data' (eg. product names with linebreaks in) set this to yes.","[Yes] <br /> - (. Ví dụ: tên sản phẩm với linebreaks in) Nếu bạn có chút 'dữ liệu bẩn' thiết lập này để có."
"[Yes]<br />- If you have spreadsheet cells getting mixed up, check this is turned on.<br />- If set to Yes, set the spreadsheet importer to 'Fields de-limited by " character'.","[Yes] <br /> -. Nếu bạn có các tế bào bảng tính nhận được trộn lẫn, kiểm tra này được bật <br /> - Nếu thiết lập Yes, thiết lập các nhà nhập khẩu bảng tính để 'Fields de-giới hạn bởi "nhân vật"."
"&nbsp;&nbsp;Custom Value","& Nbsp; & nbsp; Giá trị Tuỳ chỉnh"
"&nbsp;&nbsp;Value","& Nbsp; & nbsp; Giá trị"
"&nbsp;Eg. enter 'Captured amount' to not show authorize.net payments<br / >Separate multiple phrases by the pipe character: <b>|</b>","& Nbsp; Ví dụ. nhập 'lượng bắt' để không hiển thị thanh toán authorize.net <br /> Tách riêng từng cụm từ bằng các ký tự gạch: <b> | </ b>"
"<b>Default Label dimensions (portrait):</b>","<B> kích thước mặc định Label (chân dung): </ b>"
"<b>Label dimensions:250,200</b>","<B> Label kích thước: 250.200 </ b>"
"<div class="column_config_section" style="width:60%!important">","<Div class = "column_config_section" style = "width: 60% quan trọng">"
"<div class="column_config_section">","<Div class = "column_config_section">"
"<div class="column_config_section"><div class="column_config_para" style="margin-top: -12em;"><b>Structure:</b> <span class = "comment_code">{if X}</span><span class = "comment_code">{X}</span>,|<span  class = "comment_code">{/if}</span><br /><b>Can use these codes: </b><br /><span class = "comment_code">{prefix}</span><span  class = "comment_code">{name}</span><span class = "comment_code">{firstname}</span><span class = "comment_code">{lastname}</span><span  class = "comment_code">{suffix}</span><span class = "comment_code">{company}</span><span class = "comment_code">{street}</span><span  class = "comment_code">{city}</span><span class = "comment_code">{postcode}</span><span class = "comment_code">{country}</span><br />","<Div class = "column_config_section"> <div class = phong cách "column_config_para" = "margin-top: -12em;"> <b> Cấu trúc: </ b> <span class = "comment_code"> {if X} </ span> <span class = "comment_code"> {X} </ span>, | <span class = "comment_code"> {/ if} </ span> <br /> <b> có thể sử dụng các mã: </ b > <br /> <span class = "comment_code"> {prefix} </ span> <span class = "comment_code"> {name} </ span> <span class = "comment_code"> {firstName} </ span> <span class = "comment_code"> {lastname} </ span> <span class = "comment_code"> {hậu tố} </ span> <span class = "comment_code"> {công ty} </ span> <span class = " comment_code "> {đường} </ span> <span class =" comment_code "> {city} </ span> <span class =" comment_code "> {mã bưu điện} </ span> <span class =" comment_code "> {country } </ span> <br />"
"<div class="column_config_section"><div class="column_config_para" style="margin-top: -7.5em;"><b>Structure:</b> <span class = "comment_code">{Attribute A}</span>,<span class = "comment_code">{Attribute  B}</span>","<Div class = "column_config_section"> <div class = phong cách "column_config_para" = "margin-top: -7.5em;"> <b> Cấu trúc: </ b> <span class = "comment_code"> {thuộc tính A} < / span>, <span class = "comment_code"> {Thuộc tính B} </ span>"
"<div class="column_config_section"><div class="column_config_para" style="margin-top: -7.5em;"><b>Structure:</b> <span class = "comment_code">{if x}</span><span class = "comment_code">{x}</span>,|<span  class = "comment_code">{/if}</span><br /><b>Can use these codes: </b><br /><span class = "comment_code">{prefix}</span><span  class = "comment_code">{name}</span><span class = "comment_code">{firstname}</span><span class = "comment_code">{lastname}</span><span  class = "comment_code">{suffix}</span><span class = "comment_code">{company}</span><span class = "comment_code">{street}</span><span  class = "comment_code">{city}</span><span class = "comment_code">{postcode}</span><span class = "comment_code">{country}</span><br />","<Div class = "column_config_section"> <div class = phong cách "column_config_para" = "margin-top: -7.5em;"> <b> Cấu trúc: </ b> <span class = "comment_code"> {if x} < / span> <span class = "comment_code"> {x} </ span>, | <span class = "comment_code"> {/ if} </ span> <br /> <b> có thể sử dụng các mã: </ b> <br /> <span class = "comment_code"> {prefix} </ span> <span class = "comment_code"> {name} </ span> <span class = "comment_code"> {firstName} </ span > <span class = "comment_code"> {lastname} </ span> <span class = "comment_code"> {hậu tố} </ span> <span class = "comment_code"> {công ty} </ span> <span class = "comment_code"> {đường} </ span> <span class = "comment_code"> {city} </ span> <span class = "comment_code"> {mã bưu điện} </ span> <span class = "comment_code"> { country} </ span> <br />"
"<div class="column_config_section"><div class="column_config_para" style="margin-top: -7.5em;"><b>Structure:</b><br />","<Div class = "column_config_section"> <div class = phong cách "column_config_para" = "margin-top: -7.5em;"> <b> Cấu trúc: </ b> <br />"
"<div class="column_config_section"><div class="column_config_para">[No] Some couriers (like Royal Mail) require no accents in shipping labels.</div></div>","<Div class = "column_config_section"> <div class = "column_config_para"> [No] Một số giao thông (như Royal Mail) yêu cầu không có điểm nhấn trong nhãn vận chuyển. </ Div> </ div>"
"<div class="column_config_section"><div class="column_config_para"><b>Structure:</b><br />","<Div class = "column_config_section"> <div class = "column_config_para"> <b> Cấu trúc: </ b> <br />"
"<div class="column_config_section"><div class="column_config_para">eg. Put your country, then only overseas orders will have country added </div></div>","<Div class = "column_config_section"> <div class = "column_config_para"> ví dụ. Đưa đất nước của bạn, sau đó chỉ đơn đặt hàng ở nước ngoài sẽ có nước thêm </ div> </ div>"
"<div class="column_config_section"><div class="column_config_para">If your PDFs print with missing or tofu (<b style="font-size:200%;font-weight:100;display:inline;position:relative;top:5px;">&#9647;</b>) characters, set this to 'Yes'.<br/>Setting this to 'Yes' will make your PDFs about 0.4mb bigger.<br/>If that doesn't work for you: set 'Customise fonts' to 'Yes'; then set 'Use non-roman characters to 'Yes'; then try the other font families.</div></div>","<Div class = "column_config_section"> <div class = "column_config_para"> Nếu các file PDF của bạn in với thiếu hoặc đậu phụ (<b style = "font-size: 200%; font-weight: 100; display: inline; position: relative ; top: 5px; "> & # 9647; </ b>) nhân vật, thiết lập này để 'có' <br/> thiết này để 'có' sẽ làm cho các file PDF của bạn về 0.4mb lớn <br/> Nếu đó.. không làm việc cho bạn: tập 'Tuỳ chỉnh phông chữ' 'Có'; sau đó thiết lập 'Sử dụng các ký tự không roman' Có '; sau đó thử các gia đình font khác. </ div> </ div>"
"<div class="column_config_section"><div class="column_config_para">Set to the most prominent colour in your logo. [#8AC371]<br/>(Used for title borders).</div></div>","<Div class = "column_config_section"> <div class = "column_config_para"> Thiết với màu sắc nổi bật nhất trong logo của bạn. [# 8AC371] <br/> (Được sử dụng cho biên giới tiêu đề). </ Div> </ div>"
"<div class="column_config_section"><div class="column_config_para">Use this if you need a specific cutoff point (eg for labels) which the auto-cutoff is going over","<Div class = "column_config_section"> <div class = "column_config_para"> Sử dụng này nếu bạn cần một điểm cắt cụ thể (ví dụ như cho các nhãn) mà tự động cắt được đi qua"
"<img src="//moogento.com/logo/moogento_tinylogo.lp.png" alt="Moogento" width="20" style="vertical-align:bottom;margin-left:-1px;"/> MOOGENTO Extensions","<Img src = "// moogento.com/logo/moogento_tinylogo.lp.png" alt = "Moogento" width = "20" style = "vertical-align: đáy; margin-left: -1px;" /> MOOGENTO Extensions"
"18 Flag","18 Cờ"
"2 places","2 địa điểm"
"21 Flag","21 Cờ"
"2a Shipmethod match","trận đấu 2a Shipmethod"
"2b Shipmethod match","trận đấu 2b Shipmethod"
"2c Shipmethod match","trận đấu 2c Shipmethod"
"2d Country negative match","2d Quốc kết hợp phủ định"
"2nd attribute?","thuộc tính thứ 2?"
"2nd background image?","hình nền thứ 2?"
"2nd Custom page title","tiêu đề trang Tuỳ chỉnh 2"
"2nd Image file","file hình ảnh 2"
"2nd Order attribute code","Mã thuộc tính thứ 2 theo thứ tự"
"2nd Order custom attribute?","2 thứ tự thuộc tính tùy chỉnh?"
"2nd page title","tiêu đề trang 2"
"2nd Sort by :","2 Sắp xếp theo:"
"2nd sort direction :","hướng thứ 2:"
"3 places","3 địa điểm"
"3rd attribute?","Thuộc tính thứ 3?"
"4 places","4 địa điểm"
"4th attribute?","Thuộc tính thứ 4?"
"Above address","trên địa chỉ"
"According to the USPS all addresses should be capitalised to improve delivery time","Theo USPS tất cả các địa chỉ nên được viết hoa để cải thiện thời gian giao hàng"
"According to the USPS all addresses should be capitalised to improve delivery time and accuracy","Theo USPS tất cả các địa chỉ nên được viết hoa để cải thiện thời gian giao hàng và độ chính xác"
"Action Menu Options","Tùy chọn hành động đơn"
"Actual attribute code (eg: shelf)","Mã thuộc tính thực tế (ví dụ như: kệ)"
"Add 'Packed by' note?","Thêm 'đóng gói bằng' lưu ý?"
"Add <b><a href="https://moogento.com/autocn22">autoCN22</a> Customs label?</b>","Thêm <b> <a href="https://moogento.com/autocn22"> autoCN22 </a> nhãn Hải quan không? </ B>"
"Add 1 per line, exact attribute labels which you *don't* want to show","Thêm 1 trên mỗi dòng, nhãn thuộc tính chính xác mà bạn * không * muốn hiển thị"
"Add 2nd Order ID barcode?","Thêm 2 mã vạch thứ tự ID?"
"Add 2nd shipping address?","Thêm địa chỉ vận chuyển 2?"
"Add 2nd shipping-type image?","Thêm hình ảnh vận chuyển loại 2?"
"Add 3rd shipping-type image?","Thêm hình ảnh vận chuyển loại thứ 3?"
"Add a 2nd background image?","Thêm hình nền thứ 2?"
"Add a 2nd page title?","Thêm tiêu đề trang 2?"
"Add a background image?","Thêm hình nền?"
"Add a flat shipping address?","Thêm một địa chỉ vận chuyển bằng phẳng?"
"Add address label?","Thêm nhãn địa chỉ?"
"Add an <b>autoCN22</b> page?","Thêm một <b> autoCN22 </ b>?"
"Add an <b>order-summary</b> label?","Thêm một <b> order-summary </ b> nhãn?"
"Add company address to header?","Thêm địa chỉ công ty để tiêu đề?"
"Add company address?","Thêm địa chỉ công ty?"
"Add fixed weight?","Thêm trọng lượng cố định?"
"Add flare to gift messages?","Thêm flare thông điệp quà tặng?"
"Add flat shipping address?","Thêm địa chỉ vận chuyển bằng phẳng?"
"Add full-page background image?","Thêm hình nền đầy đủ trang?"
"Add header logo?","Thêm logo tiêu đề?"
"Add image background to label?","Thêm hình nền cho nhãn?"
"Add letterhead?","Thêm giấy?"
"Add logo?","Thêm logo?"
"Add on right of SKU","Thêm vào bên phải của SKU"
"Add Order ID above address?","Thêm ID đặt trên địa chỉ?"
"Add Order ID barcode?","Thêm Order ID mã vạch?"
"Add ordered qty to stock-needed qty?","Thêm qty lệnh SL cổ phiếu cần thiết?"
"Add page background image?","Thêm hình ảnh nền trang?"
"Add return address at bottom?","Thêm địa chỉ trở lại ở phía dưới?"
"Add return address?","Thêm địa chỉ trở lại?"
"Add shipping address at bottom?","Thêm địa chỉ vận chuyển ở phía dưới?"
"Add shipping label image?","Thêm hình ảnh nhãn vận chuyển?"
"Add shipping label?","Thêm nhãn vận chuyển?"
"Add shipping-type image?","Thêm vận chuyển loại hình ảnh?"
"Add static text?","Thêm văn bản tĩnh?"
"Add tax in order subtotal [Europe Standard]","Thêm thuế để tổng phụ [tiêu chuẩn Châu Âu]"
"Add tax to number?","Thêm thuế vào số?"
"Add tax to product line subtotal [US Standard]","Thêm thuế vào dòng sản phẩm tổng phụ [Standard US]"
"Add tracking number as barcode?","Thêm số theo dõi như mã vạch?"
"Add tracking number?","Thêm số theo dõi?"
"Address format","Định dạng địa chỉ"
"Address label : Color","nhãn Địa chỉ: Color"
"Address label : Font","nhãn Địa chỉ: Font"
"Address label : Size","nhãn Địa chỉ: Kích thước"
"Address label : Style","nhãn Địa chỉ: Phong cách"
"Address text","văn bản địa chỉ"
"Address text, Default","Địa chỉ văn bản, Default"
"Address text, Group 1","Địa chỉ văn bản, Nhóm 1"
"Address text, Group 2","Địa chỉ văn bản, Nhóm 2"
"Address text, Group 3","Địa chỉ văn bản, Nhóm 3"
"Address-label Sheet Options","Địa chỉ-nhãn Tờ Tùy chọn"
"Adds a field for shipping methods that don't come from WSA Store Pickup","Thêm một lĩnh vực cho các phương pháp vận chuyển mà không đến từ WSA hàng Pickup"
"Admin: Order-view PDF Invoice and Packing Sheet button?","Admin: tự xem PDF hóa đơn và đóng gói Tấm nút?"
"Admin: Order-view PDF Invoice button?","Admin: tự xem nút Invoice PDF?"
"Admin: Order-view PDF Packing Sheet button?","Admin: tự xem nút PDF đóng gói Tấm?"
"Admin: Order-view PDF Zebra Label button?","Admin: tự xem PDF Zebra nút Label?"
"Admin: Order-view Resend Email button?","Admin: tự xem nút Resend Email?"
"Alert Flag","báo Cờ"
"Align text : center","Căn lề văn bản: trung tâm"
"Align text : left","Căn lề văn bản: trái"
"All","Toàn bộ"
"All : non-interlaced <b>and</b> non-transparent .png","Tất cả: non-interlaced <b> và </ b> .png không minh bạch"
"Allow Customers to Make PDFs?","Cho phép khách hàng để làm cho các file PDF?"
"Alternate row color","màu hàng thay thế"
"Alternate row in picklists","hàng thay thế trong picklists"
"Alternate, billing down, shipping up","Thay thế, thanh toán xuống, vận chuyển lên"
"Always override &amp; use courierRules Shipping Connector Label if available?","Luôn luôn ghi đè lên & amp; sử dụng courierRules Shipping nối Label nếu có?"
"Amount to add","Số tiền để thêm"
"Angle Text","góc nhìn Tiêu"
"Angled Ribbon","Ribbon angled"
"Applies to Packing Sheets and Invoices, in the section which shows shipping method etc.","Áp dụng cho Sheets Bao bì và Hoá đơn, trong phần đó cho thấy phương pháp vận chuyển, vv"
"Ascending","Tăng dần"
"Attr.(1) Xpos","Attr. (1) Xpos"
"Attr.(2) Xpos","Attr. (2) Xpos"
"Attr.(3) Xpos","Attr. (3) Xpos"
"Attr.(4) Xpos","Attr. (4) Xpos"
"Attribute 1","attribute 1"
"Attribute 2","thuộc tính 2"
"Attribute 3","attribute 3"
"Attribute 4","attribute 4"
"Attribute code","mã thuộc tính"
"Attribute code (eg. for shelving info, maybe you have an attribute: shelf)<br /><b>You need to have created this attribute, and assigned values for each product for it to work!</b>","Thuộc tính mã (. Ví dụ như giá đỡ thông tin, có thể bạn có một thuộc tính: kệ) <br /> <b> Bạn cần phải đã tạo ra thuộc tính này, và các giá trị được gán cho mỗi sản phẩm cho nó hoạt động </ b>!"
"Attribute code 1:","Thuộc tính mã số 1:"
"Attribute code 2:","Thuộc tính mã số 2:"
"Attribute code 3:","Thuộc tính mã 3:"
"Attribute code 4:","Thuộc tính mã 4:"
"Attribute code 5:","Thuộc tính mã 5:"
"Attribute code for shelving info; eg. shelf","Thuộc tính mã cho giá đỡ thông tin; ví dụ. giá để hàng"
"Attribute code for supplier data; Default: supplier","Thuộc tính mã cho dữ liệu nhà cung cấp; Mặc định: nhà cung cấp"
"Attribute code; eg. shelf","Thuộc tính mã; ví dụ. giá để hàng"
"Attribute codes?","Thuộc tính mã?"
"Attribute column title","Thuộc tính tiêu đề cột"
"Attribute to show","Thuộc tính để hiển thị"
"Attribute to sort by :","Thuộc tính để sắp xếp theo:"
"Attribute to use as product name","Thuộc tính để sử dụng như tên sản phẩm"
"Auto description 1","Tự động mô tả 1"
"Auto description 3","Tự động mô tả 3"
"Auto Processing","Auto chế biến"
"Automatic action :","hành động tự động:"
"Automatic action #2:","Tự động hành động # 2:"
"Automatic action #3:","Tự động hành động # 3:"
"Automation Connection","Tự động kết nối"
"Background Image","Hình nền"
"Background image position","vị trí hình nền"
"Background image?","Hình nền?"
"barcode : Font","mã vạch: Font"
"barcode font size","kích thước phông chữ mã vạch"
"barcode Font Size (Orders)","mã vạch Font Size (Orders)"
"barcode Font Size (Products)","mã vạch Font Size (Sản phẩm)"
"barcode font-size","mã vạch font-size"
"barcode size","kích thước mã vạch"
"barcode X-pos.","mã vạch X-pos."
"Because the Order currency is different from the Store currency, the conversion from","Bởi vì đồng tiền đặt hàng là khác nhau từ các tệ Store, việc chuyển đổi từ"
"Beside address","Bên cạnh địa chỉ"
"Billing address position","vị trí địa chỉ thanh toán"
"Billing address posititon","Địa chỉ thanh toán posititon"
"Billing address title","tiêu đề địa chỉ thanh toán"
"Bkg","BKG"
"Blank = #000000 (#HEX colour code)","Trống = # 000000 (# hệ lục phân mã màu)"
"Blank box image","hình ảnh hộp trống"
"Bold","Dũng cảm"
"Bold 'Extra shipping details' labels?","nhãn Bold 'chi tiết vận chuyển Extra'?"
"Bold italic","nghiêng đậm"
"Bold last line in page-base shipping addresses?","dòng cuối cùng táo bạo trong các địa chỉ vận chuyển trang cơ sở?"
"Bold last line in page-top shipping addresses?","dòng cuối cùng táo bạo trong các địa chỉ vận chuyển trang hàng đầu?"
"Bold product name?","Tên sản phẩm Bold?"
"Border color","màu biên giới"
"Bottom of page","Cuối trang"
"Box 1 Image","Hộp 1 Hình ảnh"
"Box 2a Image (Store Pickup)","Hộp 2a ảnh (Cửa hàng Pickup)"
"Box 2b Image (Express Mail)","Hộp 2b Image (Express Mail)"
"Box 2c Image (Priority International)","Hộp 2c Image (ưu tiên quốc tế)"
"Box 2d Image (Standard International)","Hộp 2d Image (tiêu chuẩn quốc tế)"
"Box 3 Image","Hộp 3 ảnh"
"Box count estimation?","Hộp đếm ước?"
"Bring up top address?","Mang đến địa chỉ hàng đầu?"
"Buttons for PDFs","Buttons cho file PDF"
"By default we output ANSI, which works well for Windows machines and special characters.<br >If you need UTF-8, just choose that here","Bởi đầu ra chúng tôi mặc định ANSI, mà hoạt động tốt cho Windows máy và ký tự đặc biệt. <br> Nếu bạn cần UTF-8, chỉ cần chọn đó đây"
"By Height","by Chiều cao"
"By Width","bằng rộng"
"Calculate line totals by:","Tính tổng số dòng theo:"
"Callout colour","màu callout"
"Can be handy to reduce customer support - eg. set to a custom Processing status of 'Packing your order now'","Có thể hữu ích để giảm hỗ trợ khách hàng - ví dụ. đặt vào một tình trạng chế biến tùy chỉnh của 'đóng gói hàng ngay bây giờ'"
"Cancel?","Hủy bỏ?"
"Capitalise shipping labels?","Viết hoa nhãn vận chuyển?"
"Category translation","Thể loại dịch"
"Center values?","giá trị trung tâm?"
"Centered in page","Trung trong trang"
"Centered in product list","Làm trung tâm trong danh sách sản phẩm"
"Change order status","Thay đổi trạng thái tự"
"Change the layout of shipping addresses","Thay đổi cách bố trí của các địa chỉ vận chuyển"
"Change to status:","Thay đổi trạng thái:"
"Check for gift message?","Kiểm tra thông báo quà tặng?"
"Clear Cached Images in pickPack","Hình ảnh rõ ràng trong Cached pickPack"
"Code","Mã"
"Color","Màu"
"Color attribute","thuộc tính màu sắc"
"Color X-pos.","Màu X-pos."
"Column mapping","lập bản đồ cột"
"Columns Y-X-pos.","Cột Y-X-pos."
"Combine attribute?","Kết hợp thuộc tính?"
"Combine custom attributes under product line?","Kết hợp các thuộc tính tùy thuộc dòng sản phẩm?"
"Combine custom product attributes under the product line?","Kết hợp các thuộc tính sản phẩm tùy chỉnh theo các dòng sản phẩm?"
"Combine pdfs","Kết hợp các file PDF"
"Combine product line details?","Kết hợp các chi tiết dòng sản phẩm?"
"Combine the custom attributes listed below?","Kết hợp các thuộc tính tùy chỉnh được liệt kê dưới đây?"
"Combined Attributes Xpos","Kết hợp thuộc tính Xpos"
"Combined Packing Sheet/Invoice' grouped by Order ID?","Kết hợp đóng gói Sheet / Hoá đơn 'nhóm lại theo thứ tự ID?"
"Combined pdfs?","file PDF kết hợp?"
"Comma separated top,bottom widths (eg 1,2)","Dấu phẩy đầu, chiều rộng dưới (ví dụ 1,2)"
"Comma-separated list of customer group names where you don't want the group name","danh sách bằng dấu phẩy của tên nhóm khách hàng mà bạn không muốn tên nhóm"
"Comma-separated list of SKUs to *not* show","Bằng dấu phẩy danh sách của SKU tới * không * chương"
"Comma-separated list of SKUs to *not* show a count for","Bằng dấu phẩy danh sách của SKU tới * không * hiển thị một số cho"
"Comments","Bình luận"
"Company address","Địa chỉ công ty"
"Company address : Color","Địa chỉ công ty: Màu"
"Company address : Font","Địa chỉ công ty: Font"
"Company address : Size","Địa chỉ công ty: Kích thước"
"Company address : Style","Địa chỉ công ty: Phong cách"
"Company address, Default","Địa chỉ công ty, Default"
"Company address, Group 1","Địa chỉ công ty, nhóm 1"
"Company address, Group 2","Địa chỉ công ty, nhóm 2"
"Company address, Group 3","Địa chỉ công ty, nhóm 3"
"Condition","Điều kiện"
"Configurable product name","Tên sản phẩm cấu hình"
"Cost (base) to (display) exchange rate","Chi phí (Sơn) (hiển thị) tỷ giá hối đoái"
"Cost currency prefix","Chi phí tiền tố tiền tệ"
"Cost multiplier","Chi phí nhân"
"Cost subtotal?","Chi phí tổng phụ?"
"courierRules Method","courierRules Phương"
"courierRules method?","phương pháp courierRules?"
"courierRules Shipping Method","courierRules Phương thức giao hàng"
"CSV (Order-combined Products)","CSV (Đặt mua sản phẩm-kết hợp)"
"CSV (Order-combined Products) Options","CSV (Đặt mua sản phẩm-kết hợp) Tùy chọn"
"CSV (Order-combined Products)?","CSV (Đặt mua sản phẩm-kết hợp)?"
"CSV (Order-separated Products)","CSV (tự tách sản phẩm)"
"CSV (Order-separated Products) Options","CSV (tự tách sản phẩm) Tùy chọn"
"CSV (Order-separated Products)?","CSV (tự tách sản phẩm)?"
"CSV (Orders)","CSV (Orders)"
"CSV (Orders) Options","CSV (Orders) Tùy chọn"
"CSV (Orders)?","CSV (Đơn đặt hàng)?"
"CSV field separator","phân cách trường CSV"
"CSV output encoding","mã hóa đầu ra CSV"
"CSV/XML (Cargo Manifest)","CSV / XML (Cargo Manifest)"
"CSV/XML (Cargo Manifest)?","CSV / XML (Cargo Manifest)?"
"Custom","Tập quán"
"Custom Attribute","Thuộc tính tùy chỉnh"
"Custom attribute (1)","thuộc tính tùy chỉnh (1)"
"Custom attribute (2)","thuộc tính tùy chỉnh (2)"
"Custom attribute (3)","thuộc tính tùy chỉnh (3)"
"Custom attribute (4)","thuộc tính tùy chỉnh (4)"
"Custom CSV field separator","Tuỳ chỉnh CSV phân cách trường"
"Custom font file","tập tin phông chữ tùy chỉnh"
"Custom image","tùy chỉnh hình ảnh"
"Custom Message : Background Color","Tuỳ Thông báo: Màu nền"
"Custom Message : Color","Tin nhắn tùy chỉnh: Màu sắc"
"Custom Message : Font","Tin nhắn tùy chỉnh: Font"
"Custom Message : Size","Tin nhắn tùy chỉnh: Kích thước"
"Custom Message : Style","Tin nhắn tùy chỉnh: Phong cách"
"Custom message under product list?","Tùy chỉnh thông báo dưới danh sách sản phẩm?"
"Custom options column title","tùy chọn tùy chỉnh tiêu đề cột"
"Custom Order Attribute","Tuỳ chỉnh thứ tự Attribute"
"Custom page title","tiêu đề trang tùy chỉnh"
"Custom product attribute code (eg: shelf)","Tuỳ chỉnh sản phẩm mã thuộc tính (ví dụ như: kệ)"
"Custom product attribute?","thuộc tính sản phẩm tùy chỉnh?"
"Custom text image","văn bản hình ảnh tùy chỉnh"
"Custom text under product list?","Văn bản tùy chỉnh theo danh mục sản phẩm?"
"Custom Value","Giá trị tùy chỉnh"
"Custom weight fields?","lĩnh vực tùy chỉnh cân?"
"Custom weightbased count?","Tuỳ chỉnh weightbased đếm?"
"Custom Weightbased label?","Tuỳ chỉnh Weightbased nhãn?"
"Custom Weightbased text?","Tuỳ chỉnh Weightbased văn bản?"
"Customer Address X-pos.","Địa chỉ khách hàng X-pos."
"Customer attribute code","Mã thuộc tính của khách hàng"
"Customer Comments","khách hàng nhận xét"
"Customer custom attribute?","thuộc tính tùy chỉnh của khách hàng?"
"Customer Email","khách hàng Email"
"Customer Email?","Khách hàng Email?"
"Customer group?","Nhóm khách hàng?"
"Customer ID (Footer) X-pos.","ID khách hàng (Footer) X-pos."
"Customer ID X-pos.","ID khách hàng X-pos."
"Customer ID?","ID khách hàng?"
"Customer name X-pos.","Tên khách hàng X-pos."
"Customer VAT title","tiêu đề thuế GTGT hàng"
"Customer: Change "Print Invoice" to "PDF Invoices"?","Khách hàng: Thay đổi "In hóa đơn" để "Hóa đơn PDF"?"
"Customer: Change "Print Order" to "PDF Invoices"?","Khách hàng: Thay đổi "In Order" để "Hóa đơn PDF"?"
"Customer: PDF Invoice button?","Khách hàng: nút PDF hóa đơn?"
"Customer: PDF Packing Sheet button?","Khách hàng: PDF nút đóng gói Tấm?"
"Customise 'Packed by' text","Tuỳ chỉnh 'đóng gói bằng' văn ​​bản"
"Customise fonts/colours?","Tùy chỉnh phông chữ / màu sắc?"
"Customize page title?","Tùy chỉnh tiêu đề trang?"
"Date format","Định dạng ngày tháng"
"Date printed?","Ngày in?"
"Day","ngày"
"Deadline text","văn bản Deadline"
"Deadline text / date?","văn bản Deadline / ngày?"
"Default","Mặc định"
"Default : Yes","Mặc định: Có"
"Default (Use standard)","Mặc định (sử dụng tiêu chuẩn)"
"Default (Use Total Price Xpos)","Mặc định (Sử dụng Tổng giá Xpos)"
"Default (Use total prixe Xpos)","Mặc định (Sử dụng tổng prixe Xpos)"
"Default top-right; eg. 'Invoice'","Mặc định trên bên phải; ví dụ. 'Hóa đơn'"
"Default top-right; eg. 'Packing Sheet'","Mặc định trên bên phải; ví dụ. 'Đóng gói tấm'"
"Default:","Mặc định:"
"Default: -230,-210","Mặc định: -230, -210"
"Default: ,","Mặc định: ,"
"Default: 'OK'","Mặc định: 'OK'"
"Default: 'OK' -->","Mặc định: 'OK' ->"
"Default: "Payment due "","Mặc định: "Thanh toán do""
"Default: {blank}","Mặc định: {trống}"
"Default: #DDDDDD","Mặc định: #DDDDDD"
"Default: #FFFFFF","Mặc định: #FFFFFF"
"Default: 0<br />Eg. 21.6700 @ 0 = 22; @ 1 = 21.7; @ 2 = 21.67; @ -1 = 20","Mặc định: 0 <br /> Ví dụ. 21,6700 @ 0 = 22; @ 1 = 21,7; @ 2 = 21,67; @ -1 = 20"
"Default: 1<br />Eg. Change the display cost to match your actual end costs","Mặc định: 1 <br /> Ví dụ. Thay đổi chi phí màn hình để phù hợp với chi phí thực tế của bạn cuối"
"Default: 1<br />Eg. kg -> lb = 2.2046; lb -> kg = 0.4536","Mặc định: 1 <br /> Ví dụ. kg -> lb = 2,2046; lb -> kg = 0,4536"
"Default: 1<br />Eg. your base currency is USD, your manifest display currency is GBP : enter the exchange rate multiplier for USD -> GBP","Mặc định: 1 <br /> Ví dụ. tiền tệ cơ bản là USD, đồng tiền hiển thị biểu hiện của bạn là GBP: nhập các hệ số tỷ giá hối đoái đối với USD -> GBP"
"Default: 100","Mặc định: 100"
"Default: 13pt/5pt (top/bottom), 5pt (left/right)","Mặc định: 13pt / 5pt (trên / dưới), 5pt (trái / phải)"
"Default: 17","Mặc định: 17"
"Default: 185","Mặc định: 185"
"Default: 2 [1.1256 becomes 1.13]","Mặc định: 2 [1,1256 trở thành 1,13]"
"Default: 2<br />Eg. 21.6700 @ 0 = 22; @ 1 = 21.7; @ 2 = 21.67; @ -1 = 20","Mặc định: 2 <br /> Ví dụ. 21,6700 @ 0 = 22; @ 1 = 21,7; @ 2 = 21,67; @ -1 = 20"
"Default: 200","Mặc định: 200"
"Default: 22pt (top/bottom), 30pt (left/right)","Mặc định: 22pt (trên / dưới), 30pt (trái / phải)"
"Default: 25","Mặc định: 25"
"Default: 25 -->","Mặc định: 25 ->"
"Default: 25, 25 (can leave one blank)","Mặc định: 25, 25 (có thể để lại một khoảng trống)"
"Default: 250","Mặc định: 250"
"Default: 250, 100. Need to select [Yes] on "Show order gift message" or "Show product gift message".","Mặc định: 250, 100. Cần chọn [Yes] trên "nhắn Hiển thị quà trật tự" hoặc "thông báo quà tặng Hiện sản phẩm"."
"Default: 250, 100. Need to select yes on "Show order gift message" or "Show product gift message"","Mặc định: 250, 100. Cần chọn đúng vào "nhắn Hiển thị quà trật tự" hoặc "Hiển thị thông báo quà tặng sản phẩm""
"Default: 250x182","Mặc định: 250x182"
"Default: 3","Mặc định: 3"
"Default: 350","Mặc định: 350"
"Default: 380","Mặc định: 380"
"Default: 40","Mặc định: 40"
"Default: 400","Mặc định: 400"
"Default: 420","Mặc định: 420"
"Default: 450","Mặc định: 450"
"Default: 460","Mặc định: 460"
"Default: 475","Mặc định: 475"
"Default: 480","Mặc định: 480"
"Default: 50","Mặc định: 50"
"Default: 500","Mặc định: 500"
"Default: 520","Mặc định: 520"
"Default: 5pt (top/bottom), 5pt (left/right)","Mặc định: 5pt (trên / dưới), 5pt (trái / phải)"
"Default: 5pt/5pt (top/bottom), 5pt/5pt (left/right)","Mặc định: 5pt / 5pt (trên / dưới), 5pt / 5pt (trái / phải)"
"Default: 67","Mặc định: 67"
"Default: 8","Mặc định: 8"
"Default: 80","Mặc định: 80"
"Default: backordered","Mặc định: hàng bị giao trễ"
"Default: Bold","Mặc định: Bold"
"Default: center","Mặc định: trung tâm"
"Default: Code128","Mặc định: Code128"
"Default: codes","Mặc định: mã"
"Default: Empty","Mặc định: Rỗng"
"Default: Grand Total","Mặc định: Tổng cộng"
"Default: ID","Mặc định: ID"
"Default: ID -->","Mặc định: ID ->"
"Default: invoice_","Mặc định: invoice_"
"Default: invoice+packing-sheet_","Mặc định: hóa đơn + đóng gói-sheet_"
"Default: items","Mặc định: mục"
"Default: Left (if right, turn off barcodes, addresses; if full-width no company","Mặc định: Left (nếu đúng, tắt mã vạch, địa chỉ, nếu chiều rộng toàn không có công ty"
"Default: M j, Y . Format this according to www.php.net/date","Mặc định: M j, Y. Định dạng này theo www.php.net/date"
"Default: Method B","Mặc định: Phương pháp B"
"Default: name","Mặc định: tên"
"Default: order-combined_","Mặc định: lệnh combined_"
"Default: order-separated_","Mặc định: lệnh separated_"
"Default: out-of-stock-list_","Mặc định: out-of-cổ-list_"
"Default: packing-sheet_","Mặc định: đóng gói-sheet_"
"Default: Phone","Mặc định: Điện thoại"
"Default: Phone -->","Mặc định: Điện thoại ->"
"Default: product-separated_","Mặc định: sản phẩm-separated_"
"Default: pt (top/bottom), pt (left/right)","Mặc định: pt (trên / dưới), pt (trái / phải)"
"Default: Qty","Mặc định: Số lượng"
"Default: Qty -->","Mặc định: Số lượng ->"
"Default: Ship to:","Mặc định: Ship đến:"
"Default: Shipping","Mặc định: Vận Chuyển"
"Default: Simple product name","Mặc định: tên sản phẩm đơn giản"
"Default: Source","Mặc định: Nguồn"
"Default: Subtotal","Mặc định: Subtotal"
"Default: tax","Mặc định: thuế"
"Default: total","Mặc định: tổng"
"Default: USD","Mặc định: USD"
"Default: VAT Rateable","Mặc định: thuế GTGT có thể định giá"
"Default: warehouse","Mặc định: kho"
"Default: Y_m_d . Format this according to www.php.net/date","Mặc định: Y_m_d. Định dạng này theo www.php.net/date"
"Default: Zero-rated","Mặc định: Zero-đánh giá"
"Default:7","Mặc định: 7"
"Default: No","Mặc định: Không có"
"Default: Yes","Mặc định: Có"
"Depends on your stock management system","Phụ thuộc vào hệ thống quản lý chứng khoán của bạn"
"Descending","Giảm dần"
"Detailed CC info?","Chi tiết thông tin CC?"
"Dimensions","Kích thước"
"Dimensions : 'Label width' x 'Label height' @ 300dpi : non-interlaced and non-transparent .png","Kích thước: 'Label width' x 'Nhãn chiều cao' @ 300dpi: non-interlaced và không minh bạch .png"
"Dimensions 180<b style="color:red;">pt</b> x 120<b style="color:red;">pt</b> @ 300dpi : non-interlaced <b>and</b> non-transparent .png","Kích thước 180 <b style = "color: red;"> pt </ b> x 120 <b style = "color: red;"> pt </ b> @ 300dpi: non-interlaced <b> và </ b> .png không minh bạch"
"Dimensions 540<b style="color:red;">pt</b>(A4)|562<b style="color:red;">pt</b>(US Letter) x 1-200<b style="color:red;">pt</b> @ 300dpi : non-interlaced <b>and</b> non-transparent .png","Kích thước 540 <b style = "color: red;"> pt </ b> (A4) | ​​562 <b style = "color: red;"> pt </ b> (US Letter) x 1-200 <b style = "color: red;"> pt </ b> @ 300dpi: non-interlaced <b> và </ b> .png không minh bạch"
"Dispatch Date?","Công văn ngày?"
"Don't count these custom option SKUs :","Đừng đếm các tùy chọn tùy chỉnh SKU:"
"Double-line spacing?","khoảng cách giữa đôi dòng?"
"Double-up this barcode?","Đúp lên mã vạch này?"
"Drink Flag","uống Cờ"
"E: ","E:"
"Eg. nudge it up off integrated labels","Ví dụ. di chuyển nó lên nhãn tắt tích hợp"
"eg. put 'wholesale', then only wholesale customers will see 'Message B'","ví dụ. đặt 'buôn', sau đó chỉ có khách hàng bán buôn sẽ thấy 'Message B'"
"eg. put your country, then only overseas orders will have country added","ví dụ. đưa đất nước của bạn, sau đó chỉ đơn đặt hàng ở nước ngoài sẽ có thêm đất nước"
"Eg. shelving info","Ví dụ. Thông tin giá đỡ"
"Email: Body","Email: Thân"
"Email: Send To","Email: Gửi đến"
"Email: Sender","Email: Tên người gửi"
"Email: Subject","Email: Tiêu đề"
"Enable auto processing?","Kích hoạt tính năng tự động xử lý?"
"Enter your license key here","Nhập key bản quyền của bạn ở đây"
"Exactly position shipping detail (eg. for envelope window)","Chính xác chi tiết vị trí vận chuyển (ví dụ. Cho cửa sổ phong bì)"
"Exactly position top address (eg. for envelope window)","Chính xác vị trí của địa chỉ trên (ví dụ. Cho cửa sổ phong bì)"
"Export","Xuất khẩu"
"Export: Path","Xuất khẩu: Đường dẫn"
"Extra attribute position","vị trí thuộc tính thêm"
"F: ","F:"
"File Path","Đường dẫn tập tin"
"Fill Bars?","Điền Bars?"
"Fill bkg comments box ?","Điền BKG ô nhận xét?"
"Fill columns titlebar?","Điền vào cột titlebar?"
"Filter again?","Bộ lọc một lần nữa?"
"Filter by supplier?","Lọc theo nhà cung cấp?"
"Filter items again?","Lọc các mục một lần nữa?"
"Filter items by status?","Lọc các mục theo trạng thái?"
"Filter items?","mục Lọc?"
"Filter order notes?","ghi chú để lọc?"
"Filter out some options?","Lọc ra một số lựa chọn?"
"Filter out some?","Lọc ra một số?"
"Filter out these attributes","Lọc ra các thuộc tính"
"Filter out these custom option SKUs :","Lọc ra các SKU tùy chọn tùy chỉnh:"
"Filter shipped items?","Lọc vận chuyển các mặt hàng?"
"Filter text","văn bản Bộ lọc"
"Filter text (don't show notes containg this text)","văn bản Bộ lọc (không hiển thị ghi chú có chứa có văn bản này)"
"Filter?","Lọc?"
"Filter/Split which PDFs?","Lọc / Chia mà các file PDF?"
"Filters: Order-separated PDFs, Order-combined PDFs","Bộ lọc: PDF tự-tách, PDF trật tự kết hợp"
"First Name","Họ"
"First order starts at","Đơn hàng đầu tiên bắt đầu vào"
"Fix Subtotals to page base","Fix Subtotals để cơ sở trang"
"Flat-address font size","cỡ chữ Flat-địa chỉ"
"Font","Font chữ"
"Font size","Cỡ chữ"
"Font size (Product Lines)","Font size (Sản phẩm Lines)"
"Font size (Return address)","Font size (địa chỉ Return)"
"Font size (Shipping address)","Font size (Địa chỉ giao hàng)"
"For all customer group types","Đối với tất cả các loại nhóm khách hàng"
"For any customer group containing filter word","Đối với bất kỳ từ bộ lọc nhóm khách hàng có chứa"
"For configurable products, show:","Đối với sản phẩm cấu hình, hiển thị:"
"For custom minimum stock levels for specific SKUs, set like this:","Đối với mức giá cổ phiếu tối thiểu tùy chỉnh cho SKU cụ thể, thiết lập như thế này:"
"For full-page sharp backgrounds, upload images with dimensions  595<b style="color:red;">pt</b> x 842<b style="color:red;">pt</b> (A4), or 612<b style="color:red;">pt</b> x 792<b style="color:red;">pt</b> (Letter)","Đối với nền toàn trang sắc nét, tải lên hình ảnh với kích thước 595 <b style = "color: red;"> pt </ b> x 842 <b style = "color: red;"> pt </ b> (A4), hoặc 612 <b style = "color: red;"> pt </ b> x 792 <b style = "color: red;"> pt </ b> (Letter)"
"For Internal Print Flags use "0" to avoid duplicate printing","Đối với Flags In nội bộ sử dụng "0" để tránh trùng lặp in"
"Force gift message font?","Lực lượng quà phông chữ tin nhắn?"
"Format product options?","lựa chọn sản phẩm Format?"
"Format product?","Định dạng sản phẩm?"
"FTP host","máy chủ FTP"
"FTP password","mật khẩu FTP"
"FTP port","cổng FTP"
"FTP remote path","FTP con đường xa"
"FTP user","người sử dụng FTP"
"Full height of each label (default 168pt)","Đầy đủ chiều cao của mỗi nhãn (168pt mặc định)"
"Full height of each label (default 432pt)","Đầy đủ chiều cao của mỗi nhãn (432pt mặc định)"
"Full Page Width","Độ rộng trang đầy đủ"
"Full width of each label (default 190pt)","toàn bộ chiều rộng của mỗi nhãn (190pt mặc định)"
"Full width of each label (default 288pt)","toàn bộ chiều rộng của mỗi nhãn (288pt mặc định)"
"Gallery Images (Max 2)","Thư viện hình ảnh (tối đa 2)"
"General : CSV","Chung: CSV"
"General : PDF","Chung: PDF"
"General Options","General Options"
"Germany CN22 Label Image","Đức CN22 Nhãn ảnh"
"Gift card","Thẻ quà tặng"
"Gift message","thông báo quà tặng"
"Gift Message : Background Color","Tin món quà: Màu nền"
"Gift Message : Color","Tin món quà: Màu"
"Gift Message : Font","Tin món quà: Font"
"Gift Message : Size","Tin nhắn quà tặng: Kích thước"
"Gift Message : Style","Tin nhắn quà tặng: Phong cách"
"Gift wrap","Gói quà"
"Goes at page base - good for integrated labels","Đi tại cơ sở trang - tốt cho nhãn tích hợp"
"Goes at page base - handy for QC","Đi tại cơ sở trang - thuận tiện cho QC"
"Goes on the right of the header logo","Đi về phía bên phải của biểu tượng tiêu đề"
"Goes on the top-left of the page","Đi vào góc trên bên trái của trang"
"Good for 3-part integrated labels, eg. for peel-off address records","Tốt cho nhãn tích hợp 3 phần, ví dụ. cho hồ sơ địa chỉ lột"
"Good for a footer image","Tốt cho một hình ảnh chân"
"Good for integrated labels","Tốt cho nhãn tích hợp"
"Good for tax numbers, return instructions","Tốt cho số thuế, hướng dẫn trả lại"
"Good for things like tear-off labels, or adding to the return address abel to make it a 'Returns Label'","Tốt cho những thứ như nhãn tear-off, hay thêm vào các abel địa chỉ trở về để làm cho nó một 'Returns Label'"
"Grand Total (from Magento)?","Tổng cộng (từ Magento)?"
"Grey out products from other suppliers","Xám ra các sản phẩm từ các nhà cung cấp khác"
"Group by Category?","Nhóm của loại?"
"Group With Other Prints","Nhóm Với Prints khác"
"Header logo","Biểu tượng đầu đề"
"Hide if gift order?","Hide nếu để món quà?"
"Hide prices if a gift order?","Hide giá nếu một trật tự món quà?"
"Hide product option labels?","lựa chọn sản phẩm Ẩn nhãn?"
"Hide products from other suppliers","Ẩn các sản phẩm từ các nhà cung cấp khác"
"Hide Shipping Method for Store-Pickup orders?","Hide Vận Chuyển Phương pháp đơn đặt hàng Store-Pickup?"
"Hide supplier attribute column?","Ẩn nhà cung cấp cột thuộc tính?"
"Hide these groups :","Ẩn các nhóm:"
"Hide this 'country name'","Ẩn này 'tên quốc gia'"
"Hide this 'country name' :","Ẩn này "Tên nước:"
"Hide this' country name' :","Ẩn này "Tên nước:"
"Hide Virtual and Downloadable products from PDFs?","Ẩn các sản phẩm ảo và Downloadable từ các file PDF?"
"Hide zero discount value?","Ẩn giá trị giảm giá không?"
"Hide zero shipping value?","Ẩn giá trị vận chuyển không?"
"Hide zero tax value?","Hide thuế giá trị không?"
"High-res","Độ phân giải cao"
"high-res/low-res?","cao-res / res thấp?"
"High/Low Resolution?","High / Low Nghị quyết?"
"Hold?","Giữ?"
"Holland CN22 Label Image","Hà Lan CN22 Nhãn ảnh"
"Horizontal bars : Background Color","Xà ngang: Màu nền"
"Ie. if you want them listed together and not in separate columns","Ie. nếu bạn muốn họ được liệt kê với nhau và không trong các cột riêng biệt"
"If 'Yes' this won't include items which have been marked as shipped.","Nếu 'Có' này sẽ không bao gồm các mục đã được đánh dấu là vận chuyển."
"If child image missing, show parent?","Nếu hình ảnh đứa trẻ mất tích, cho cha mẹ?"
"If set to Yes, after an order has been printed, you can only re-print it from inside the Order Detail page.<br />The aim is to avoid shipping the same order multiple times by mistake.","Nếu thiết lập Yes, sau khi đơn hàng đã được in, bạn có thể chỉ lại in nó từ bên trong các trang theo thứ tự chi tiết. <br /> Mục đích là để tránh vận chuyển cùng một thứ tự nhiều lần do nhầm lẫn."
"If supplier 'logged in', do what with other suppliers products?","Nếu nhà cung cấp đăng nhập ", làm những gì với các sản phẩm nhà cung cấp khác?"
"If you get long addresses that spill over the edge of your label, set this number to force a linebreak","Nếu bạn nhận được địa chỉ dài mà tràn qua các cạnh của nhãn của bạn, thiết lập số này để buộc một linebreak"
"If you ship a lot of single items, this can help alert your shipping staff that","Nếu bạn gửi rất nhiều mặt hàng duy nhất, điều này có thể giúp cảnh báo nhân viên vận chuyển của bạn mà"
"If you ship a lot of single items, this can help alert your shipping staff that there's more than one!","Nếu bạn gửi rất nhiều mặt hàng duy nhất, điều này có thể giúp cảnh báo nhân viên vận chuyển của bạn rằng có nhiều hơn một!"
"If you're using shipEasy, and have setup any of the 3 custom flag columns, you can show the value.","Nếu bạn đang sử dụng shipEasy, và đã thiết lập bất kỳ của cột cờ 3 tùy chỉnh, bạn có thể hiển thị các giá trị."
"Image behind return address?","Hình ảnh phía sau địa chỉ trở lại?"
"Image behind ship address?","Hình ảnh phía sau địa chỉ tàu?"
"Image border color","màu biên giới hình ảnh"
"Image file","tập tin hình ảnh"
"Image nudge","hình ảnh di chuyển nhẹ"
"Image position nudge","vị trí hình ảnh di chuyển nhẹ"
"Images column title","tiêu đề hình ảnh cột"
"Import","nhập"
"In positionable box (handy for tear-off labels)","Trong hộp positionable (tiện dụng cho các nhãn tear-off)"
"Incl.","Incl."
"Include customer phone in addresses?","Bao gồm điện thoại của khách hàng tại địa chỉ?"
"Include discount?","Bao gồm giảm giá?"
"Include discounts in product line price","Bao gồm giảm giá dòng sản phẩm"
"Include Order ID in filename for single page print?","Bao gồm thứ tự ID trong tên tập tin để in trang duy nhất?"
"Include Order ID in filename for single page prints?","Bao gồm thứ tự ID trong tên tập tin cho các bản in trang duy nhất?"
"Include order notes?","Bao gồm các ghi chú theo thứ tự?"
"Include shipping country in addresses?","Bao gồm các nước vận chuyển trong địa chỉ?"
"Include tax in 'Shipping'?","Bao gồm thuế trong 'Vận Chuyển'?"
"Include Tax in Price?","Bao gồm Thuế giá?"
"Include Tax in Shipping Price?","Bao gồm Thuế trong Vận chuyển giá?"
"Include tax in value?","Bao gồm thuế giá trị?"
"Include tax?","Bao gồm thuế?"
"Installation Server","lắp đặt máy chủ"
"Invert some of the title colors...","Đảo ngược một số màu tiêu đề ..."
"Invoice Address","Địa chỉ hoá đơn"
"Invoice Date","ngày hóa đơn"
"Invoice ID?","ID hóa đơn?"
"Invoice Number","Số hóa đơn"
"Invoice Options","Tùy chọn hóa đơn"
"Invoiced Date","ngày lập hoá đơn"
"Is this included in the Subtotal?","Đây có phải là bao gồm trong các Subtotal?"
"Italic","nghiêng"
"Item Count","mục Đếm"
"Items column title","tiêu đề cột mục"
"Items count?","Items đếm?"
"Label","Nhãn"
"Label height","chiều cao Label"
"Label margins","lề Label"
"Label Nudge","nhãn Nhích"
"Label padding","nhãn đệm"
"Label width","chiều rộng Label"
"Layout template","mẫu bố cục"
"License","giấy phép"
"License Key","Mã bản quyền"
"Line above fixed footer image?","Dòng trên hình ảnh chân cố định?"
"Line widths","độ rộng dòng"
"Lock image to page base?","Khóa hình ảnh vào cơ sở trang?"
"Logo position","vị trí logo"
"Low-res","Hình quay chậm"
"Magento Order ID","Magento Order ID"
"Main Image","hình ảnh chính"
"Makes gift orders a bit happier-looking by adding a special image on the message box.","Làm đơn đặt quà một chút hạnh phúc hơn-tìm kiếm bằng cách thêm một hình ảnh đặc biệt trên hộp thông báo."
"Manual description 1","Mô tả Hướng dẫn sử dụng 1"
"Margin (from right)","Margin (từ phải sang)"
"Margin (from right) for flat-address","Margin (từ phải sang) cho phẳng địa chỉ"
"Marketplace Order ID","Marketplace Order ID"
"Match shipping description :","Phù hợp với mô tả vận chuyển:"
"Match text:","văn bản trận đấu:"
"Max address width (pt)","chiều rộng địa chỉ Max (pt)"
"Max dimensions","kích thước tối đa"
"Max weight per box","Max trọng lượng mỗi hộp"
"Max width","chiều rộng tối đa"
"Messages","Tin nhắn"
"Middle of page","Giữa trang"
"Min. weight to hide shipment method and put 'Pallet'","Min. trọng lượng để ẩn phương pháp giao hàng và đặt 'Pallet'"
"Minimum stock qty","SL cổ phiếu tối thiểu"
"Moogento","Moogento"
"Moogento pickPack","Moogento pickPack"
"Moogento pickPack : CSV (Order-combined Products)","Moogento pickPack: CSV (Đặt mua sản phẩm-kết hợp)"
"Moogento pickPack : CSV (Order-separated Products)","Moogento pickPack: CSV (tự tách sản phẩm)"
"Moogento pickPack : CSV (Orders)","Moogento pickPack: CSV (Orders)"
"Moogento pickPack : CSV/XML (Cargo Manifest)","Moogento pickPack: CSV / XML (Cargo Manifest)"
"Moogento pickPack : PDF (Address Labels)","Moogento pickPack: PDF (Địa chỉ Nhãn)"
"Moogento pickPack : PDF (CN22 Labels)","Moogento pickPack: PDF (CN22 Nhãn)"
"Moogento pickPack : PDF (Gift Message)","Moogento pickPack: PDF (Gift tin nhắn)"
"Moogento pickPack : PDF (Invoice and Packing Sheet)","Moogento pickPack: PDF (Hóa đơn và đóng gói Sheet)"
"Moogento pickPack : PDF (Invoice)","Moogento pickPack: PDF (Invoice)"
"Moogento pickPack : PDF (Order-combined Picklist)","Moogento pickPack: PDF (Order-kết hợp Picklist)"
"Moogento pickPack : PDF (Order-separated Picklist)","Moogento pickPack: PDF (tự tách Picklist)"
"Moogento pickPack : PDF (Orders Summary)","Moogento pickPack: PDF (Orders Tóm tắt)"
"Moogento pickPack : PDF (Packing Sheet)","Moogento pickPack: PDF (Packing Sheet)"
"Moogento pickPack : PDF (Product-separated Picklist)","Moogento pickPack: PDF (Sản phẩm tách Picklist)"
"Moogento pickPack : PDF (Troylleybox Picklist)","Moogento pickPack: PDF (Troylleybox Picklist)"
"Moogento pickPack : PDF (Zebra Labels)","Moogento pickPack: PDF (Zebra Nhãn)"
"Moogento pickPack : PDF/CSV (Out-of-stock List)","Moogento pickPack: PDF / CSV (Out-of-chứng khoán trong danh sách)"
"Multiplier Attribute","Thuộc tính nhân"
"Multiplies product price by set multiplication factor. Eg. use to show product price limit for substitutions in pick","giá sản phẩm sẽ nhân đôi bởi yếu tố bộ nhân. Ví dụ. sử dụng để hiển thị giới hạn giá sản phẩm thay thế trong lựa chọn"
"Multiplies product price by set multiplication factor.<br />Eg. use to show product price limit for substitutions in pick","Nhân đôi giá sản phẩm bởi yếu tố bộ nhân. <br /> Ví dụ. sử dụng để hiển thị giới hạn giá sản phẩm thay thế trong lựa chọn"
"Multiply prices by attribute?","Multiply giá bởi thuộc tính?"
"Name from Order","Đặt tên từ thứ tự"
"Name from Product > Default Store","Đặt tên sản phẩm từ> Default cửa hàng"
"Name from Product > Order Store *Default*","Đặt tên từ sản phẩm> Đặt hàng Store * Mặc định *"
"Name from Product > Specific Store","Đặt tên sản phẩm từ> Store cụ thể"
"New page per order?","trang mới mỗi đơn hàng?"
"New PDF per name?","PDF mới cho mỗi tên?"
"No","Không"
"No (default)","Không có (mặc định)"
"No of Items per page","Không có các món hàng mỗi trang"
"No, include all items in order","Không, bao gồm tất cả các mặt hàng trong trật tự"
"No, include it in the product price","Không, nó bao gồm trong giá thành sản phẩm"
"No, include it in the product price (but also show a tax subtotal summary)","Không, nó bao gồm trong giá thành sản phẩm (nhưng cũng cho thấy một bản tóm tắt tổng phụ thuế)"
"No, move other items to new line (+ keep linebreaks)","Không, chuyển mục khác để dòng mới (+ giữ xuống hàng)"
"No, without Tax","Không, không có thuế"
"None","không ai"
"Normal' Dimensions:  269<b style="color:red;">pt</b> x 41<b style="color:red;">pt</b> @ 300dpi<br />","Bình thường 'Kích thước: 269 <b style = "color: red;"> pt </ b> x 41 <b style = "color: red;"> pt </ b> @ 300dpi <br />"
"Not recommended... Use at your own risk...","Không được đề xuất ... Sử dụng có nguy cơ của riêng bạn ..."
"Nudge","đánh bằng cùi chỏ"
"Nudge 'Packed 2 by' note","Nhích 'đóng gói 2 của' lưu ý"
"Nudge 'Packed by' text","Nudge 'đóng gói bằng' văn ​​bản"
"Nudge <b>autoCN22</b> label","Di chuyển <b> autoCN22 </ b> nhãn"
"Nudge 2nd address","Di chuyển địa chỉ thứ 2"
"Nudge 2nd barcode","Di chuyển mã vạch 2"
"Nudge 2nd custom title","Di chuyển tiêu đề tùy chỉnh 2"
"Nudge 2nd image","Dịch hình ảnh 2"
"Nudge address","địa chỉ Nhích"
"Nudge background image","hình nền Nhích"
"Nudge barcode","Di chuyển mã vạch"
"Nudge CN22 label","Di chuyển nhãn CN22"
"Nudge company address","địa chỉ công ty Nhích"
"Nudge details","Di chuyển các chi tiết"
"Nudge entire label","Di chuyển toàn bộ nhãn"
"Nudge fixed image","Dịch hình ảnh cố định"
"Nudge flat-address","Di chuyển hình phẳng địa chỉ"
"Nudge gift message","thông báo quà tặng Nhích"
"Nudge image","hình ảnh Nhích"
"Nudge label image","hình ảnh nhãn Nhích"
"Nudge logo","Logo Nhích"
"Nudge Order ID","Di chuyển thứ tự ID"
"Nudge Order ID barcode","Di chuyển thứ tự ID mã vạch"
"Nudge order notes","Di chuyển ghi chú thứ tự"
"Nudge product line","dòng sản phẩm Nhích"
"Nudge qr-code (1)","Di chuyển qr-code (1)"
"Nudge qr-code (2)","Di chuyển qr-code (2)"
"Nudge return address","địa chỉ trả lại Nhích"
"Nudge return label","nhãn trả Nhích"
"Nudge Rotated Product List","Di chuyển Danh sách xoay sản phẩm"
"Nudge shelving","Di chuyển kệ"
"Nudge shipping address","Di chuyển địa chỉ vận chuyển"
"Nudge shipping address only","Di chuyển chỉ địa chỉ vận chuyển"
"Nudge supplier attribute","thuộc tính cung cấp Nhích"
"Nudge title","Di chuyển tiêu đề"
"Nudge tracking barcode","Di chuyển mã vạch theo dõi"
"Nudge tracking number","Di chuyển số theo dõi"
"Nudge Zipcode barcode","Di chuyển Mã vùng mã vạch"
"Nudge' Packed by' note","Nudge 'đóng gói bằng' lưu ý"
"Number product list?","Danh mục sản phẩm Số?"
"Only print once?","Chỉ in một lần?"
"Only process orders matching shipEasy attribute?","Chỉ đơn đặt hàng quá trình phù hợp với shipEasy thuộc tính?"
"Operand?","Toán hạng?"
"Order Attribute","Thuộc tính thứ tự"
"Order attribute code","Mã thuộc tính thứ tự"
"Order attribute code:","Mã thuộc tính thứ tự:"
"Order Attribute Value","Giá trị đơn đặt thuộc tính"
"Order Comments","thứ tự Comments"
"Order custom attribute?","Thứ tự tùy chỉnh thuộc tính?"
"Order date","Ngày đặt hàng"
"Order date X-pos.","Thứ tự X-pos."
"Order Date?","Ngày đặt hàng?"
"Order ID (Footer) X-pos.","ID Order (Footer) X-pos."
"Order ID X-pos.","Order ID X-pos."
"Order ID?","Order ID?"
"Order of subtotals","Thứ tự của tổng số phụ"
"Order Source","Nguồn Đơn đặt hàng"
"Order Source?","Đặt hàng Nguồn?"
"Order-combined Pick List Options","Trật tự kết hợp Danh sách Pick chọn"
"Order-separated Pick List Options","Để tách Danh sách Pick chọn"
"Orders with In Stock Items Only","Đơn đặt hàng với In Stock Items Chỉ"
"Others?","Loại khác?"
"Output as PDF or CSV?","Đầu ra định dạng PDF hoặc CSV?"
"Output Excel XML file (instead of CSV)","Đầu ra Excel tập tin XML (thay vì CSV)"
"Output Filenames","Output Tên tập tin"
"Output only these suppliers (Hide/Grey-out others)","Đầu ra chỉ có những nhà cung cấp (Hide / xám ra những người khác)"
"Output only this supplier (Hide/Grey-out others) . . . Leave blank to auto-split all suppliers","Sản lượng chỉ nhà cung cấp này (Hide / xám ra những người khác). . . Để trống để tự động phân chia tất cả các nhà cung cấp"
"Override 'Minimum stock qty'","Ghi đè 'qty chứng khoán tối thiểu'"
"Override default address formatting?","Ghi đè định dạng địa chỉ mặc định?"
"Override default address layout?","Ghi đè bố trí địa chỉ mặc định?"
"Override filter notes messages","lọc Override ghi thông điệp"
"Override stock qty output with location-specific stock?","Ghi đè đầu ra qty chứng khoán với cổ phiếu vị trí cụ thể?"
"Override' Minimum stock qty'","Ghi đè 'qty chứng khoán tối thiểu'"
"Packing  Sheet Products : Separating Vertical Line Color","Đóng gói Tấm Sản phẩm: Tách Dọc Đường Màu"
"Packing Sheet Options","Tùy chọn gói tấm"
"Packing Sheet Products : Separating Line Color","Đóng gói Tấm Sản phẩm: Tách dòng màu"
"Packing Sheet Products : Separating Vertical Line Color","Đóng gói Tấm Sản phẩm: Tách Dọc Đường Màu"
"Padding","Padding"
"Page 1 Product-lines cutoff Y-pos","Trang 1 Sản phẩm-đường cắt Y-pos"
"Page 1 products cutoff position","Trang sản phẩm 1 vị trí cắt"
"Page Body : Color","Trang Body: Màu"
"Page Body : Font","Body Page: Font"
"Page Body : Size","Body trang: Kích thước"
"Page Body : Style","Body trang: Phong cách"
"Page padding","trang đệm"
"page padding","trang đệm"
"Page size","kích thước trang"
"Page template :","Mẫu trang:"
"Page title : Color","Tiêu đề trang: Màu"
"Page title : Font","Tiêu đề trang: Font"
"Page title : Size","Tiêu đề trang: Kích thước"
"Page title : Style","Tiêu đề trang: Phong cách"
"Paid Date","ngày trả"
"Paid Date?","Ngày thanh toán?"
"Pallet 'go' weight","Pallet 'đi' cân"
"Pallet' go' weight","Pallet 'đi' cân"
"Paper height","chiều cao Giấy"
"Paper margins","lề giấy"
"Partially: lines top & bottom","Một phần: dòng đầu & dưới cùng"
"Pattern text","văn bản mẫu"
"Pattern to match :","Mô hình phù hợp:"
"Payment","Thanh toán"
"Payment method?","Phương thức thanh toán?"
"PDF (Address Labels)","PDF (Địa chỉ Nhãn)"
"PDF (Address Labels)?","PDF (Địa chỉ Nhãn)?"
"PDF (CN22 Labels)","PDF (CN22 Nhãn)"
"PDF (CN22 Labels)?","PDF (CN22 Nhãn)?"
"PDF (Gift Message)","PDF (Gift tin nhắn)"
"PDF (Gift Message)?","PDF (Gift tin nhắn)?"
"PDF (Invoice & Packing Sheet)","PDF (Invoice & Đóng gói Sheet)"
"PDF (Invoice and Packing Sheet)?","PDF (Hóa đơn và đóng gói Sheet)?"
"PDF (Invoice)","PDF (Invoice)"
"PDF (Invoice)?","PDF (Invoice)?"
"PDF (Order-combined Picklist)","PDF (Order-kết hợp Picklist)"
"PDF (Order-combined Picklist)?","PDF (Order-kết hợp Picklist)?"
"PDF (Order-separated Picklist)","PDF (tự tách Picklist)"
"PDF (Order-separated Picklist)?","PDF (tự tách Picklist)?"
"PDF (Orders Summary)","PDF (Orders Tóm tắt)"
"PDF (Orders Summary)?","PDF (Orders Tóm tắt)?"
"PDF (Out-of-stock List)","PDF (Out-of-chứng khoán trong danh sách)"
"PDF (Out-of-stock List)?","PDF (Out-of-chứng khoán trong danh sách)?"
"PDF (Packing Sheet)","PDF (Packing Sheet)"
"PDF (Packing Sheet)?","PDF (đóng gói Sheet)?"
"PDF (Product-separated Picklist)","PDF (Sản phẩm tách Picklist)"
"PDF (Product-separated Picklist)?","PDF (Sản phẩm tách Picklist)?"
"PDF (Trolleybox Picklist)","PDF (Trolleybox Picklist)"
"PDF (Trolleybox Picklist)?","PDF (Trolleybox Picklist)?"
"PDF (Zebra Labels)","PDF (Zebra Nhãn)"
"PDF (Zebra Labels)?","PDF (Zebra Nhãn)?"
"PDF Address-label Sheet","PDF Địa chỉ nhãn Tấm"
"PDF Gift Message","Tin PDF quà tặng"
"PDF Invoice","Hoá đơn PDF"
"PDF Invoice &amp; Packing Sheet' Sort","PDF Invoice & amp; Tấm đóng gói 'Phân loại"
"PDF Letter","Thư PDF"
"PDF Order-combined Picklist","PDF trật tự kết hợp Picklist"
"PDF Order-separated Picklist","PDF tự tách Picklist"
"PDF Orders Summary","Đơn đặt hàng PDF Tóm tắt"
"PDF Packing Sheet","PDF đóng gói Tấm"
"PDF Packing Sheet + Invoice","PDF đóng gói tấm + Hóa đơn"
"PDF page size","kích thước trang PDF"
"PDF Product-separated Picklist","PDF sản phẩm tách Picklist"
"PDF Zebra Label","PDF Zebra Label"
"PDF/CSV (Out-of-stock List)","PDF / CSV (Out-of-chứng khoán trong danh sách)"
"PDF/CSV Out-of-stock List","PDF / CSV Out-of-chứng khoán Danh sách"
"PDF/CSV Out-of-stock List Options","PDF / CSV Out-of-chứng khoán Danh sách chọn"
"Pick Lists only","Chọn Chức năng chỉ"
"pickPack","pickPack"
"pickPack Validation Key","pickPack Validation chính"
"Pickup Date","Pickup ngày"
"Pickup Store Address","Pickup Địa chỉ cửa hàng"
"Pickup Store Email","Pickup lưu email"
"Pickup Store ID","Pickup ID Cửa hàng"
"Pickup Store Phone","Pickup Phone Store"
"Pickup Time","Giờ đón khách"
"Position","Chức vụ"
"Position custom text box","Vị trí của hộp văn bản tùy chỉnh"
"Position of custom attributes","Vị trí của các thuộc tính tùy chỉnh"
"Position of notes :","Vị trí của ghi chú:"
"Position of shelving info","Vị trí của thông tin kệ"
"Position the addresses exactly - for integrated labels","Đặt địa chỉ chính xác - cho nhãn tích hợp"
"Position the message box exactly","Vị trí các hộp thông báo chính xác"
"Positionable box position","Vị trí của hộp Positionable"
"Pre-cells","-Tế bào tiền"
"Price column title","tiêu đề cột giá"
"Price position","vị trí Giá"
"Price X-pos.","Giá X-pos."
"Prices","giá"
"Prices converted from","Giá chuyển đổi từ"
"Print All?","In tất cả?"
"Print barcode in separate line?","In mã vạch trong dòng riêng biệt?"
"Print Condition","Điều kiện In"
"Print Credit Memos?","In Tín dụng bản ghi nhớ?"
"Print Invoices?","In Hóa đơn?"
"Print orders once only?","đơn đặt hàng in một lần duy nhất?"
"Print Packingslips?","In Packingslips?"
"Print products label after address label?","sản phẩm In nhãn sau nhãn địa chỉ?"
"Print resolution","Độ phân giải in"
"Print Shipping Labels?","In Shipping Labels?"
"Print supplier attribute?","thuộc tính cung cấp in ấn?"
"Priority of custom attribute grouping","Ưu tiên các tùy chỉnh thuộc tính nhóm"
"Process date?","ngày quá trình?"
"Process orders that include out-of-stock items?","đơn đặt hàng quá trình đó bao gồm các mục out-of-chứng khoán?"
"Processing schedule","tiến độ xử lý"
"Product Category Label","Danh mục sản phẩm Label"
"Product discount title","tiêu đề giảm giá sản phẩm"
"Product discount title?","tiêu đề giảm giá sản phẩm?"
"Product gift message xpos","xpos thông báo quà tặng sản phẩm"
"Product id below barcode font-size","id sản phẩm bên dưới mã vạch font-size"
"Product images?","Hình ảnh sản phẩm?"
"Product line nudge","lực đẩy dòng sản phẩm"
"Product line total title","Dòng sản phẩm tổng tiêu đề"
"Product line total title?","Dòng sản phẩm tổng tiêu đề?"
"Product list sort direction :","Sản phẩm danh sách loại hướng:"
"Product list titlebar padding bot","Danh mục sản phẩm titlebar đệm bot"
"Product list titlebar padding top","Danh mục sản phẩm thanh tiêu đề đầu trang padding"
"Product Name","tên sản phẩm"
"Product name position","vị trí Tên sản phẩm"
"Product name X-pos.","Tên sản phẩm X-pos."
"Product name?","Tên sản phẩm?"
"Product names or attributes contain non-roman characters?","tên sản phẩm hoặc các thuộc tính có chứa các ký tự không roman?"
"Product Options : Size","Tùy chọn sản phẩm: Kích thước"
"Product options?","lựa chọn sản phẩm?"
"Product Price x","Sản phẩm Giá x"
"Product SKU barcode?","Sản phẩm SKU mã vạch?"
"Product SKU below barcode font-size","Sản phẩm Mã bên dưới mã vạch font-size"
"Product SKU below barcode?","Sản phẩm Mã bên dưới mã vạch?"
"Product weight?","Trọng lượng sản phẩm?"
"Product-price Multiplier","Multiplier sản phẩm giá"
"Pull from custom attribute","Kéo từ thuộc tính tùy chỉnh"
"Purchase order #?","Đơn đặt hàng #?"
"Put in separate column","Đặt trong cột riêng"
"Puts in total weight, shipping carrier, payment method","Đặt trong tổng trọng lượng, hãng vận chuyển, phương thức thanh toán"
"q(Qty left to ship), s(Qty shipped), o(Qty ordered)","q (Số lượng còn lại để xuất xưởng), s (Số lượng vận chuyển), o (Số lượng đặt hàng)"
"Qty column title","tiêu đề cột Số lượng"
"Qty invoiced","Số lượng hóa đơn"
"Qty left to ship","Số lượng còn lại để xuất xưởng"
"Qty X-pos.","Số lượng X-pos."
"Quote all values in CSV exports?","Trích dẫn tất cả các giá trị xuất khẩu CSV?"
"Recalculate","Tính toán lại"
"Recommend for long SKU","Đề nghị cho dài SKU"
"Reformat address?","Định dạng lại địa chỉ?"
"Reformat?","Định dạng lại?"
"Regular","Đều đặn"
"Remove accents from letters in address?","Hủy bỏ dấu từ chữ cái trong địa chỉ?"
"Remove product tax from subtotal?","Di thuế sản phẩm từ tổng phụ?"
"Remove shipping tax from","Di thuế vận chuyển từ"
"Remove shipping tax from subtotal?","Di thuế vận chuyển từ tổng phụ?"
"Remove shipping tax from tax","Di thuế vận chuyển từ thuế"
"Repeat gift message?","thông báo quà tặng lặp lại?"
"Replace Default ERP Invoice with pickPacks?","Thay Mặc ERP hóa đơn với pickPacks?"
"Replace Default ERP Packing Sheet with the one from pickPack?","Thay Mặc ERP đóng gói tấm với một từ pickPack?"
"Reset","Thiết lập lại"
"Return address","địa chỉ trả lời thư"
"return address - Default","trở về địa chỉ - mặc định"
"return address - Group 1","địa chỉ trả lại - Nhóm 1"
"return address - Group 2","địa chỉ trả lại - Nhóm 2"
"return address - Group 3","địa chỉ trả lại - Nhóm 3"
"Return Address Label : Color","Quay trở lại Địa chỉ Nhãn: Màu"
"Return Address Label : Font","Quay trở lại Địa chỉ Nhãn: Chữ"
"Return Address Label : Size","Trở Địa chỉ Nhãn: Kích thước"
"Return Address Label : Style","Quay trở lại Địa chỉ Nhãn: Phong cách"
"Return address text","văn bản địa chỉ trả lại"
"Right","Đúng"
"Right Margin X","Ngay Margin X"
"Rotate <b>autoCN22</b> page?","Xoay <b> autoCN22 </ b>?"
"Rotate entire label?","Xoay toàn bộ nhãn?"
"Rotate label?","Xoay nhãn?"
"Rotate Product list","Danh mục sản phẩm Xoay"
"Rotate return address?","Xoay địa chỉ trở lại?"
"Rotate?","Quay?"
"Round cost by ? decimal places","chi phí vòng bằng? chữ số thập phân"
"Round custom attribute numbers?","Vòng số thuộc tính tùy chỉnh?"
"Round weight by ? decimal places","trọng lượng vòng bằng? chữ số thập phân"
"Rounding to 2 decimals can work well for price display.<br /><i>Default: No</i>","Làm tròn đến 2 số thập phân có thể làm việc tốt cho hiển thị giá <br /> <i> Mặc định:. Không </ i>"
"Rule 1?","Quy tắc 1?"
"Rule 2?","Quy tắc 2?"
"Rules are processed in order from low to high priority numbers.<br/>","Nội quy được xử lý theo thứ tự từ thấp đến các số ưu tiên cao. <br/>"
"Scale Shipping Labels","Quy mô Shipping Labels"
"Seeing tofu : <b style="font-size:200%;font-weight:100;display:inline;position:relative;top:5px;">&#9647;</b>?","Thấy đậu phụ: <b style = "font-size: 200%; font-weight: 100; display: inline; position: relative; top: 5px;"> & # 9647; </ b>?"
"Select Order Attribute To Update","Chọn thứ tự thuộc tính để cập nhật"
"Separate multiple matches by comma.'","nhiều trận đấu riêng biệt bởi dấu phẩy."
"Seperator 1?","Seperator 1?"
"Seperator 2?","Seperator 2?"
"Server Name","Name Server"
"Set in 'Shipping Labels' section","Đặt trong mục 'Shipping Labels'"
"Set in 'Shipping Labels' section<br />Enable this to show eg. Royal Mail PPI labels","Đặt trong 'Vận Chuyển Nhãn' phần <br /> Kích hoạt tính năng này để hiển thị ví dụ. nhãn Royal Mail PPI"
"Set Internal Printed Flag?","Đặt nội in cờ?"
"Set the currency symbol","Đặt biểu tượng tiền tệ"
"Set to Low to keep filesize low (but background image blurred), set to High to get a sharp background (and larger filesize)","Đặt thành thấp để giữ filesize thấp (nhưng hình nền mờ), đặt cao để có được một nền tảng mạnh (và kích cỡ lớn hơn)"
"Settings File","Cài đặt tập tin"
"Shelving attribute","thuộc tính kệ"
"Shelving position","kệ vị trí"
"Shelving Xpos","Kệ Xpos"
"Shift Bundle Children Xpos","Chuyển Bundle Trẻ em Xpos"
"Ship Date","Ngày xuất hàng"
"shipEasy Connection","shipEasy kết nối"
"shipEasy Connection","shipEasy kết nối"
"shipEasy flag column #","shipEasy cột cờ #"
"shipEasy flag value?","shipEasy giá trị cờ?"
"Shipping Address","địa chỉ nhận hàng"
"Shipping address padding","Địa chỉ giao hàng đệm"
"Shipping address phone?","Vận chuyển điện thoại địa chỉ?"
"Shipping address title","danh hiệu Địa chỉ giao hàng"
"Shipping Date?","Ngày vận chuyển?"
"Shipping Image #1","Vận Chuyển ảnh # 1"
"Shipping Image #2","Vận Chuyển Hình ảnh số 2"
"Shipping Image #3","Vận Chuyển ảnh # 3"
"Shipping Labels","vận Chuyển Nhãn"
"Shipping Method (Default)","Vận chuyển Phương pháp (Mặc định)"
"Shipping method?","Phương pháp vận chuyển?"
"Shipping options?","lựa chọn Vận chuyển?"
"Shipping Type","Loại vận Chuyển"
"Shipping/Billing Title : Style","Vận chuyển / Thanh toán Tiêu đề: Phong cách"
"Shipping/Billing title position","Vận chuyển vị trí tiêu đề / Thanh toán"
"Show","Chỉ"
"Show 'Allowance'?","Show "Trợ cấp"?"
"Show 'Message B' for this group :","Hiện 'Message B' cho nhóm này:"
"Show 'Message B' for this group :","Hiện 'Message B' cho nhóm này:"
"Show 'Packed 2 by' note?","Show "đóng gói 2 của 'lưu ý?"
"Show 'Packed by' note?","Show "đóng gói bằng 'lưu ý?"
"Show 'Packed by' note?","Show "đóng gói bằng 'lưu ý?"
"Show 'total item count'?","Show "tổng số mặt hàng"?"
"Show 'total order count'?","Show "tổng số thứ tự '?"
"Show 'total paid'?","Show "tổng trả tiền '?"
"Show 'total shipping paid'?","Show "tổng vận chuyển trả tiền '?"
"Show 'Total Taxed Product Value'?","Show "Tổng số tính thuế Giá trị sản phẩm '?"
"Show 'Total UnTaxed Product Value'?","Show "Tổng giá trị sản phẩm không bị đánh thuế?"
"Show #Order or #Invoice","Hiện #Order hoặc #Invoice"
"Show 0 qty items?","Hiển thị 0 qty mục?"
"Show 2nd attribute?","Xem thuộc tính thứ 2?"
"Show 2nd order custom attribute?","Xem thuộc tính tùy chỉnh thứ tự thứ 2?"
"Show 2nd Order ID?","Hiện Order ID thứ 2?"
"Show 2nd qrcode?","Hiện qrcode thứ 2?"
"Show 2nd?","Hiện 2?"
"Show 3rd attribute?","Xem thuộc tính thứ 3?"
"Show address in product label?","Hiển thị địa chỉ trên nhãn sản phẩm?"
"Show advanced options?","Hiển thị tùy chọn tiên tiến?"
"Show Aitoc Checkout Fields?","Hiện Aitoc Thanh toán Fields?"
"Show Amasty Order Attributes?","Hiện Amasty tự thuộc tính?"
"Show Amasty order delivery date?","Hiển thị ngày giao hàng để Amasty?"
"Show another attribute?","Xem thuộc tính khác?"
"Show as Icon?","Hiển thị dưới dạng biểu tượng?"
"Show attribute titles?","Hiện các chức danh thuộc tính?"
"Show barcode SKU?","Hiển thị mã vạch Mã hàng?"
"Show Base Currency values in Subtotals?","Hiện giá trị ngoại tệ cơ sở trong tổng phụ?"
"Show BetaBoxes?","Hiện BetaBoxes?"
"Show billing address at top?","Hiển thị địa chỉ thanh toán ở trên?"
"Show billing address?","Hiển thị địa chỉ thanh toán?"
"Show billing phone under shipping address ?","Hiện điện thoại thanh toán theo địa chỉ vận chuyển?"
"Show billing phone?","Hiện điện thoại thanh toán?"
"Show Box 1?","Hiện Hộp 1?"
"Show Box 2?","Hiện Hộp 2?"
"Show Box 3?","Hiện Hộp 3?"
"Show box estimation?","Hiện ước tính hộp?"
"Show brackets around tax?","Hiện dấu ngoặc xung quanh thuế?"
"Show bundle parent?","Hiện bó mẹ?"
"Show bundle parents?","Cho bố mẹ bó?"
"Show bundle product children?","Cho con cái sản phẩm bó?"
"Show column titles?","Hiển thị tiêu đề cột?"
"Show cost subtotal?","Hiện tổng số phụ chi phí?"
"Show Currency Exchange Rate in Subtotals?","Hiện Tỷ giá Ngoại tệ trong tổng phụ?"
"Show custom attribute?","Hiển thị tùy chỉnh thuộc tính?"
"Show custom barcode?","Hiện tùy chỉnh mã vạch?"
"Show custom product attribute (2)?","Xem thuộc tính sản phẩm tùy chỉnh (2)?"
"Show custom product attribute (3)?","Hiện sản phẩm tùy chỉnh thuộc tính (3)?"
"Show custom product attribute (4)?","Xem thuộc tính sản phẩm tùy chỉnh (4)?"
"Show custom product attribute?","Xem thuộc tính sản phẩm tùy chỉnh?"
"Show custom product attributes?","Xem thuộc tính sản phẩm tùy chỉnh?"
"Show custom product options?","Hiển thị tùy chọn sản phẩm tùy chỉnh?"
"Show custom qrcode?","Hiện qrcode tùy chỉnh?"
"Show customer email?","Hiển thị email khách hàng?"
"Show customer group?","Hiện nhóm khách hàng?"
"Show customer ID?","Hiện ID của khách hàng?"
"Show customer phone?","Hiện điện thoại của khách hàng?"
"Show customer VAT number?","Hiển thị số thuế GTGT của khách hàng?"
"Show custommer comment?","Hiện Khách hàng bình luận?"
"Show date printed?","Hiển thị ngày in?"
"Show deadline text / date?","Hiển thị văn bản hạn / ngày?"
"Show discount?","Hiện giảm giá?"
"Show discounts in order subtotal","Hiện giảm giá để tổng phụ"
"Show discounts in order subtotal'","Hiện giảm giá để tổng phụ '"
"Show discounts where?","Hiện giảm giá ở đâu?"
"Show discounts?","Hiện giảm giá?"
"Show Earned Points?","Hiện Earned điểm?"
"Show extended info line?","Hiện đường dây thông tin mở rộng?"
"Show extra shipping details?","Hiển thị chi tiết vận chuyển thêm?"
"Show fixed text?","Hiển thị văn bản cố định?"
"Show fixed-text for non-Store-Pickup orders?","Hiện cố định văn bản cho đơn đặt hàng không-Store-Pickup?"
"Show for bundle children?","Hiển thị cho trẻ em bó?"
"Show full payment?","Hiện thanh toán đầy đủ?"
"Show gift message title 'to/from'","Hiện quà tiêu đề tin nhắn 'đến / từ'"
"Show gift message?","Hiện thông báo quà tặng?"
"Show gift messages?","Hiện thông điệp quà tặng?"
"Show gift wrap message?","Hiển thị thông báo gói quà?"
"Show gift wrap style?","Hiện quà phong cách bọc?"
"Show giftwrap label?","Hiển thị nhãn giftwrap?"
"Show Grand Total?","Hiện Tổng cộng?"
"Show icon top-of-page for wrap orders?","Hiển thị biểu tượng hàng đầu của trang cho các đơn hàng bọc?"
"Show invoiced date?","Hiển thị ngày lập hóa đơn?"
"Show items count?","Hiển thị các mục đếm?"
"Show logo on Pick Lists?","Hiển thị biểu tượng vào danh sách Pick?"
"Show logo on picklists?","Hiển thị biểu tượng trên picklists?"
"Show mageworld order delivery date?","Hiện mageworld ngày giao hàng theo thứ tự?"
"Show Mageworx Multifees?","Hiện Mageworx Multifees?"
"Show movable Order ID?","Hiện di chuyển thứ tự ID?"
"Show name?","Hiển thị tên?"
"Show on line item' can help reduce customs fees","Hiển thị trên mục hàng 'có thể giúp giảm bớt lệ phí hải quan"
"Show order column titles?","Hiển thị tiêu đề cột thứ tự?"
"Show order comments?","Xem bình luận theo thứ tự?"
"Show order custom attribute?","Hiện để tùy chỉnh thuộc tính?"
"Show order date?","Hiển thị ngày thứ tự?"
"Show order gift message?","Hiện thông báo quà tặng thứ tự?"
"Show Order Grand Total","Hiện hàng Tổng cộng"
"Show Order ID (above address)?","Hiện Order ID (trên địa chỉ)?"
"Show Order ID above address?","Hiện Order ID trên địa chỉ?"
"Show Order ID barcode?","Hiện Order ID mã vạch?"
"Show Order ID barcodes?","Hiện mã vạch thứ tự ID?"
"Show Order ID in product label?","Hiện Order ID trong nhãn sản phẩm?"
"Show Order ID?","Hiện Order ID?"
"Show Order IDs?","Hiện ID đơn đặt hàng?"
"Show order number?","Hiển thị số thứ tự?"
"Show Order Subtotals?","Hiện tổng phụ tự?"
"Show Order Tax Total","Hiện tự Thuế Tổng số"
"Show Order Total (no Tax)","Hiện hàng Tổng (không có thuế)"
"Show page title bar?","Hiển thị trang thanh tiêu đề?"
"Show parent product name","Hiển thị tên sản phẩm mẹ"
"Show payment method?","Hiện phương thức thanh toán?"
"Show phone numbers?","Hiển thị số điện thoại?"
"Show pickup date/time on same line?","Hiển thị ngày pickup / lần trên cùng một dòng?"
"Show Point Discount?","Hiện Point Giảm?"
"Show Price?","Hiện giá?"
"Show prices?","Hiển thị giá?"
"Show product gift message?","Hiện thông báo quà tặng sản phẩm?"
"Show Product Gift-Wrap Column?","Hiện sản phẩm quà tặng-Bọc Cột?"
"Show Product Grand Total","Hiện sản phẩm Tổng cộng"
"Show Product ID barcode","Hiện mã vạch sản phẩm ID"
"Show product ID below barcode?","Hiện ID sản phẩm bên dưới mã vạch?"
"Show product images?","Hiển thị các hình sản phẩm?"
"Show product line total?","Hiển thị tổng số dòng sản phẩm?"
"Show Product list?","Hiển thị danh sách sản phẩm?"
"Show product name bold?","Hiển thị tên sản phẩm đậm?"
"Show product name?","Hiển thị tên sản phẩm?"
"Show product names?","Hiển thị các tên sản phẩm?"
"Show product options?","Hiển thị tùy chọn sản phẩm?"
"Show Product qty?","Hiện qty sản phẩm?"
"Show product sku barcode?","Hiện sản phẩm sku mã vạch?"
"Show product sku?","Hiện sản phẩm sku?"
"Show Product Tax Total","Hiện sản phẩm Thuế Tổng số"
"Show Product Total(no Tax)","Hiện sản phẩm Tổng cộng (không có thuế)"
"Show product type?","Hiển thị loại sản phẩm?"
"Show product-level gift messages?","Hiện thông điệp quà cấp độ sản phẩm?"
"Show purchase order #?","Hiện mua hàng #?"
"Show qty as:","Hiện qty như:"
"Show return address?","Hiển thị địa chỉ trở lại?"
"Show Sheet Grand Total with Tax/ without Tax","Xem Bảng Tổng cộng với thuế / không có thuế"
"Show Sheet Total","Hiện Tấm Tổng số"
"Show Sheet Total with Tax/ without Tax","Xem Bảng Tổng số với thuế / không có thuế"
"Show shelving info?","Hiện giá đỡ thông tin?"
"Show Ship Grand Total","Hiện tàu Tổng cộng"
"Show Ship Tax Total","Hiện tàu Thuế Tổng số"
"Show Ship Total (no Tax)","Hiện tàu Tổng (không có thuế)"
"Show shipping address at top?","Hiển thị địa chỉ vận chuyển ở trên?"
"Show shipping address title?","Hiển thị tiêu đề địa chỉ vận chuyển?"
"Show shipping address?","Hiển thị địa chỉ vận chuyển?"
"Show shipping carrier?","Hiện hãng vận chuyển?"
"Show shipping method?","Hiện phương pháp vận chuyển?"
"Show Shipping Price?","Hiện Vận Chuyển Giá?"
"Show Shipping subtotal?","Hiện Shipping tổng phụ?"
"Show shipping warehouse?","Hiện kho vận chuyển?"
"Show simple product name","Hiển thị tên sản phẩm đơn giản"
"Show SKU?","Hiện SKU?"
"Show Source in subtotal?","Hiện nguồn trong tổng số phụ?"
"Show specific attribute?","Xem thuộc tính cụ thể?"
"Show Spent Points?","Xem điểm chi?"
"Show stock alert below...","Hiện cảnh báo cổ phiếu dưới đây ..."
"Show stock alerts?","Hiện cảnh báo chứng khoán?"
"Show stock qty?","Hiện cổ phiếu qty?"
"Show subtotal?","Hiện tổng số phụ?"
"Show Subtotals?","Hiện tổng phụ?"
"Show tax breakdown?","Hiện sự cố về thuế?"
"Show tax separately?","Hiện thuế riêng biệt?"
"Show tickbox 2nd?","Hiện tickbox thứ 2?"
"Show tickbox?","Hiện tickbox?"
"Show total discount?","Hiện tổng chiết khấu?"
"Show Total Due?","Hiện Tổng Do?"
"Show Total Order","Hiện Tổng số thứ tự"
"Show Total Paid?","Hiện Tổng số trả tiền?"
"Show total shipping?","Hiển thị tổng vận chuyển?"
"Show total tax?","Hiển thị tổng số thuế?"
"Show total weight?","Hiển thị tổng trọng lượng?"
"Show tracking number as barcode?","Hiển thị số theo dõi như mã vạch?"
"Show tracking number?","Hiển thị số theo dõi?"
"Show unit price?","Hiện đơn giá?"
"Show unit tax Total","Hiện thuế đơn vị Tổng số"
"Show unit tax?","Hiện thuế đơn vị?"
"Show which date?","Hiện ngày đó?"
"Show which Store-Pickup details?","Hiển thị chi tiết mà Store-Pickup?"
"Show which value for configurable product names?","Hiện có giá trị cho tên sản phẩm cấu hình?"
"Show which value for product names?","Hiện có giá trị cho tên sản phẩm?"
"Show WSA Store-Pickup details?","Hiện WSA chi tiết Store-Pickup?"
"Show zero-value discount?","Hiển thị số không có giá trị giảm giá?"
"Show zero-value shipping?","Hiện vận chuyển không có giá trị?"
"Show zero-value tax?","Hiện thuế không có giá trị?"
"Show Zipcode barcode?","Hiện Niên Giám mã vạch?"
"Show?","Chỉ?"
"Shows item if stock below this; Default: 1","Hiển thị mục nếu cổ phiếu dưới đây này; Mặc định: 1"
"Shows SKU in red if stock below this number","Hiển SKU màu đỏ nếu cổ phiếu dưới đây con số này"
"Signature line?","Chữ ký dòng?"
"Simple product name","Tên sản phẩm đơn giản"
"Simple product name, even in configurable","Tên sản phẩm đơn giản, ngay cả trong cấu hình"
"Size","Kích thước"
"Size attribute","Kích thuộc tính"
"Size X-pos.","Kích thước X-pos."
"SKU barcode column title","tiêu đề cột mã vạch SKU"
"SKU column title","tiêu đề cột SKU"
"SKU position","vị trí SKU"
"SKU X-pos.","SKU X-pos."
"SKU?","SKU?"
"Small Image","hình ảnh nhỏ"
"Sort bundle children?","trẻ em theo bó?"
"Sort by :","Sắp xếp theo:"
"Sort direction :","Sắp xếp theo hướng:"
"Sort items by :","Sắp xếp tài liệu theo:"
"Sort product lists by :","danh sách Sắp xếp sản phẩm theo:"
"Sort product lists?","danh sách Sắp xếp sản phẩm?"
"Sort products by :","Sắp xếp sản phẩm theo:"
"Sort Secondary by :","Sắp xếp thứ cấp bởi:"
"Sorting attribute :","Phân loại thuộc tính:"
"Spacer character:","nhân vật Spacer:"
"Specific font-size for Town/State/Zip","Cụ font-size cho Town / Nhà nước / Zip"
"Split &amp; group bundle parents and children/simple-products separately","Split & amp; nhóm bó cha mẹ và trẻ em / đơn giản-sản phẩm riêng biệt"
"Split by logged-in user?","Chia theo người sử dụng đăng nhập?"
"Split PDFs by supplier","Chia nhỏ file PDF theo nhà cung cấp"
"Standard : shipping on left, billing on right","Tiêu chuẩn: vận chuyển về bên trái, bên phải thanh toán"
"Star specific value?","Sao giá trị cụ thể?"
"Start from fixed Y-Pos?","Bắt đầu từ cố định Y-Pos?"
"Start overflow pages where?","Trang bắt đầu tràn ở đâu?"
"Start with 'From :' to have that a different size","Bắt đầu với 'Từ:' để có một kích thước khác nhau"
"Status","Trạng thái"
"Stock alert below...","Cổ cảnh báo dưới đây ..."
"Stock alerts?","cảnh báo chứng khoán?"
"Stock Filter","cổ Lọc"
"Store","Cửa hàng"
"Strip line breaks and commas?","Dải ngắt dòng và dấu phẩy?"
"Strip linebreaks from non-address fields in CSV exports?","Dải xuống hàng từ các lĩnh vực phi địa chỉ xuất khẩu CSV?"
"Strip linebreaks in gift messages?","Dải xuống hàng trong các tin nhắn quà tặng?"
"Strip linebreaks in order comments?","Dải xuống hàng trong ý kiến ​​thứ tự?"
"Style","Phong cách"
"Subheadings : Color","Phân nhóm: Màu"
"Subheadings : Font","Phân nhóm: Font"
"Subheadings : Size","Phân nhóm: Kích thước"
"Subheadings : Style","Thuế Incl."
"Subsection height","Thuế suất"
"Subtotal align","Thuế Incl."
"Subtotal Labels X-pos","Subtotal Nhãn X-pos"
"Subtotal Numbers X-pos","Số Subtotal X-pos"
"Suggested : [blank] or 'billing details'","Đề nghị: [blank] hay 'chi tiết thanh toán'"
"Suggested : [blank] or 'Ship","Đề nghị: [blank] hoặc 'tàu"
"Suggested : [blank] or 'shipping details'","Đề nghị: [blank] hay 'chi tiết vận chuyển'"
"Supplier  'login'","Nhà cung cấp 'đăng nhập'"
"Supplier attribute","Nhà cung cấp thuộc tính"
"Supplier options","lựa chọn nhà cung cấp"
"Supplier username:suppliername","Tên truy nhập cung cấp: suppliername"
"Switched, billing on donw, shipping on up","Chuyển, thanh toán trên donw, vận chuyển trên lên"
"Switched, billing on left, shipping on right","Chuyển, thanh toán trên trái, vận chuyển ở bên phải"
"T: ","T:"
"Take product name from:","Mang tên sản phẩm từ:"
"Tax column title","tiêu đề cột Thuế"
"Tax display method","phương pháp hiển thị Thuế"
"Tax Incl.","Thuế Incl."
"Tax Label","Nhãn thuế"
"Tax Label Incl.","Nhãn thuế Incl."
"Tax paid?","Thuế được thanh toán?"
"Teando Delivery Options?","Teando giao hàng Tùy chọn?"
"Temando Delivery Options?","Temando giao hàng Tùy chọn?"
"Text","Bản văn"
"Text for 'Packed 2 by' note :","Văn bản cho 'đóng gói 2 của' lưu ý:"
"Thailand CN22 Label Image","Thái Lan CN22 Nhãn ảnh"
"This needs the <b><a href="https://moogento.com/shipeasy" target="_blank">shipEasy</a></b> extension to work","Điều này cần sự <b> <a href="https://moogento.com/shipeasy" target="_blank"> shipEasy </a> </ b> mở rộng cho công việc"
"This option will work if you have installed Gift Wrap feature of Magento Enterprise","Tùy chọn này sẽ làm việc nếu bạn đã cài đặt tính năng quà tặng bọc của Doanh nghiệp Magento"
"This option will work if you have installed warehouse extension.","Tùy chọn này sẽ làm việc nếu bạn đã cài đặt phần mở rộng kho."
"This sets: Packing Sheets, Invoices, Picklists.","Điều này đặt ra: Đóng gói Sheets, hoá đơn, Picklists."
"This will add an info label at the end of every print run.","Điều này sẽ thêm một nhãn thông tin ở phần cuối của mỗi chạy in."
"This will be added to each order's total weight","Điều này sẽ được bổ sung vào tổng trọng lượng của mỗi thứ tự"
"This will create different pick lists per supplier","Điều này sẽ tạo ra các danh sách chọn khác nhau cho mỗi nhà cung cấp"
"This will group all products by their category (useful for outbound customs declarations)","nhóm ý này tất cả các sản phẩm theo phân loại của họ (hữu dụng cho các tờ khai hải quan outbound)"
"This will move the image on each label","Điều này sẽ di chuyển hình ảnh trên mỗi nhãn"
"This will slow down PDF generation by a lot, so leave 'No' unless you really need it","Điều này sẽ làm chậm hệ PDF bằng rất nhiều, vì vậy hãy để 'Không', trừ khi bạn thực sự cần nó"
"Thumbnail","thumbnail"
"Tickbox 2nd Xpos","Tickbox 2 Xpos"
"Tickbox 2nd?","Tickbox thứ 2?"
"Tickbox Xpos","tickbox Xpos"
"Tickbox?","Ô đánh dấu?"
"Time","Thời gian"
"Tip : Use short title(s) if you choose 'beside'","Mẹo: Sử dụng tiêu đề ngắn (s) nếu bạn chọn 'bên cạnh'"
"Title","Tiêu đề"
"Title text","Tiêu đề văn bản"
"Titlebars Bkg Color","Thanh tiêu đề BKG Màu"
"Today\'s Date","Hôm nay \ 's ngày"
"Top address padding","đệm địa chỉ hàng đầu"
"Top Left","trên cùng bên trái"
"Top of page","Đầu trang"
"Top-left Ribbon","Ribbon trên bên trái"
"Total invoiced items count?","Tổng số các mặt hàng xuất hóa đơn tính?"
"Total items count?","Tổng số mặt hàng đếm?"
"Total order count?","Tổng số thứ tự đếm?"
"Total paid column","Tổng số cột trả"
"Total paid for each SKU?","Tổng số tiền cho mỗi SKU?"
"Total paid?","Tổng số chi trả?"
"Total price column title","Tổng số tiêu đề cột giá"
"Total product qty title","Tổng số danh hiệu qty sản phẩm"
"Total shipped items count?","Tổng số mặt hàng vận chuyển đếm?"
"Total shipping paid?","Tổng số vận chuyển được thanh toán?"
"Total weight?","Tổng khối lượng?"
"Tracking number font size","Theo dõi số lượng kích thước phông chữ"
"Tracking Number?","Số theo dõi?"
"Trigger statuses","trạng thái kích hoạt"
"Trim long content?","Cắt nội dung dài?"
"Trim long?","Trim lâu?"
"Trim long SKUs?","Trim SKU lâu?"
"Trim Product Name","Trim Tên sản phẩm"
"Trim Product Name?","Trim Tên sản phẩm?"
"Trim SKU?","Trim SKU?"
"Trim?","Trim?"
"Truncate items to fit in columns?","Truncate mục để phù hợp trong cột?"
"UK CN22 Label Image","Anh CN22 Nhãn ảnh"
"Under product-list message","Theo tin sản phẩm danh sách"
"Under product-list Message A","Theo sản phẩm danh sách tin nhắn A"
"Under product-list Message B","Theo sản phẩm danh sách tin nhắn B"
"Under shipping details","Theo chi tiết vận chuyển"
"Unhold?","Nhả?"
"Unit price column title","Đơn vị tiêu đề cột giá"
"Unit price title","danh hiệu Đơn giá"
"Unit tax title","tiêu đề thuế đơn vị"
"Unit tax title?","tiêu đề thuế đơn vị?"
"Update after process","Cập nhật sau khi quá trình"
"Update Order Attribute","Cập nhật tự Attribute"
"Update shipEasy Flag","Cập nhật shipEasy Cờ"
"Upload a .ttf or .otf font file","Tải lên một .ttf hoặc .otf file font"
"Upload a .ttf or .otf font file <br />'Font style' settings","Tải lên một file <br .ttf hoặc .otf chữ /> thiết lập 'Font style'"
"Upload a .ttf or .otf font file <br />'Font style' settings are ignored with custom fonts","Tải lên một file <br .ttf hoặc .otf chữ /> 'Font style' thiết lập được bỏ qua với phông chữ tùy chỉnh"
"Upload a .ttf or .otf font file'Font style' settings","Tải lên một .ttf hoặc .otf chữ file'Font phong cách thiết lập '"
"Upload a .ttf or .otf font file<br />'Font style' settings are ignored with custom fonts","Tải lên một file <br .ttf hoặc .otf chữ /> 'Font style' thiết lập được bỏ qua với phông chữ tùy chỉnh"
"Upsize + bold qty, if qty = 2+","Upsize qty + đậm, nếu qty = 2+"
"USA CN22 Label Image","USA CN22 Nhãn ảnh"
"Use <b>courierRules</b> generated shipping label?","Sử dụng <b> courierRules </ b> nhãn vận chuyển được tạo ra?"
"Use as a way to constrain the address inside a specific label or area","Sử dụng như là một cách để hạn chế địa chỉ bên trong nhãn hoặc khu vực cụ thể"
"Use GFS Shipping Labels?","Sử dụng GFS Shipping Labels?"
"Use logged-in language","Sử dụng ngôn ngữ đăng nhập"
"Use Magento Grand Total?","Sử dụng Magento Tổng cộng?"
"Use Magento subtotals?","Sử dụng các tổng thành Magento?"
"Use order storeview language","Sử dụng ngôn ngữ để storeview"
"Use together with 'Update shipEasy Flag' -> 'Yes, Printed'","Sử dụng cùng với 'Cập nhật shipEasy Flag' -> 'Có, in'"
"Use what language and when?","Sử dụng ngôn ngữ gì và khi nào?"
"Use which image?","Sử dụng mà hình ảnh?"
"Use which?","Sử dụng mà có?"
"Uses header logo from Packing Sheet","Sử dụng biểu tượng đánh đầu từ đóng gói Tấm"
"Using One Step Checkout (Magestore) delivery date","Sử dụng One Step Checkout (Magestore) ngày giao hàng"
"Usually goes at page base - handy for QC","Thông thường đi tại cơ sở trang - thuận tiện cho QC"
"Value","Giá trị"
"Vert Line","Vert dòng"
"Warehouse?","Kho?"
"Weight Based number?","Trọng lượng số Dựa?"
"Weight Based?","Trọng lượng Dựa?"
"Weight multiplier","trọng lượng nhân"
"Weight rounding","trọng lượng làm tròn"
"Weight unit","đơn vị trọng lượng"
"Weight unit:","đơn vị trọng lượng:"
"What is your word for 'tax'?","lời của bạn cho 'thuế' là gì?"
"Where to position custom product attributes on the picklists.<br />Default: Columns","Nơi để định vị sản phẩm tùy chỉnh các thuộc tính trên picklists <br /> Mặc định:. Cột"
"Which Aitoc attribute codes?","Mà Aitoc mã thuộc tính?"
"Which Options?","Những lựa chọn?"
"Which value for configurable product names?","Những giá trị cho tên sản phẩm cấu hình?"
"Which?","Cái nào?"
"Width","Chiều rộng"
"X days after printing date?","ngày X sau ngày in ấn?"
"X-Nudge","X-Nhích"
"X-pos","X-pos"
"X-Pos [434]","X-Pos [434]"
"X-Pos.  images 222","X-Pos. hình ảnh 222"
"X-Pos. attr. 2","X-Pos. attr. 2"
"X-Pos. attr. 2 (+ prices col)","X-Pos. attr. 2 (+ giá col)"
"X-Pos. attr. 2 (+ prices, tax cols)","X-Pos. attr. 2 (+ giá, cols thuế)"
"X-Pos. attr. 3","X-Pos. attr. 3"
"X-Pos. attr. 3 (+ prices col)","X-Pos. attr. 3 (+ giá col)"
"X-Pos. attr. 3 (+ prices, tax cols)","X-Pos. attr. 3 (+ giá, cols thuế)"
"X-Pos. barcodes","X-Pos. mã vạch"
"X-Pos. custom product options","X-Pos. lựa chọn sản phẩm tùy chỉnh"
"X-Pos. custom product options (+ prices col)","X-Pos. lựa chọn sản phẩm tùy chỉnh (+ giá col)"
"X-Pos. custom product options (+ prices, tax cols)","X-Pos. lựa chọn sản phẩm tùy chỉnh (+ giá, cols thuế)"
"X-Pos. date","X-Pos. ngày"
"X-Pos. images","X-Pos. hình ảnh"
"X-Pos. images (+ prices col)","X-Pos. hình ảnh (+ giá col)"
"X-Pos. images (+ prices, tax cols)","X-Pos. hình ảnh (giá +, cols thuế)"
"X-Pos. name","X-Pos. Tên"
"X-Pos. name (+ prices col)","X-Pos. Tên (giá + col)"
"X-Pos. name (+ prices, tax cols)","X-Pos. Tên (giá +, cols thuế)"
"X-Pos. numbered list","X-Pos. danh sách số"
"X-Pos. numbered list bundle children","X-Pos. đánh số danh sách bó trẻ em"
"X-Pos. product discount","X-Pos. giảm giá sản phẩm"
"X-Pos. product discount?","X-Pos. sản phẩm giảm giá?"
#N/A
"X-Pos. product line total?","X-Pos. tổng số dòng sản phẩm?"
"X-Pos. qty","X-Pos. qty"
"X-Pos. qty (+ prices col)","X-Pos. qty (+ giá col)"
"X-Pos. qty (+ prices, tax cols)","X-Pos. qty (+ giá, cols thuế)"
"X-Pos. shelf","X-Pos. giá để hàng"
"X-Pos. shelf (+ prices col)","X-Pos. kệ (giá + col)"
"X-Pos. shelf (+ prices, tax cols)","X-Pos. kệ (giá +, cols thuế)"
"X-Pos. sku","X-Pos. sku"
"X-Pos. sku (+ prices col)","X-Pos. sku (+ giá col)"
"X-Pos. sku (+ prices, tax cols)","X-Pos. sku (+ giá, cols thuế)"
"X-Pos. SKU barcode","X-Pos. Mã hàng mã vạch"
"X-Pos. SKU barcode (+ prices col)","X-Pos. Mã hàng mã vạch (giá + col)"
"X-Pos. SKU barcode (+ prices, tax cols)","X-Pos. Mã hàng mã vạch (giá +, cols thuế)"
"X-Pos. tickbox","X-Pos. ô đánh dấu"
"X-Pos. tickbox (+ prices col)","X-Pos. tickbox (+ giá col)"
"X-Pos. tickbox (+ prices, tax cols)","X-Pos. tickbox (+ giá, cols thuế)"
"X-Pos. total price","X-Pos. Tổng giá"
"X-Pos. total price (+ tax col)","X-Pos. Tổng giá (+ col thuế)"
"X-Pos. unit price","X-Pos. đơn giá"
"X-Pos. unit price (+ tax col)","X-Pos. đơn giá (+ col thuế)"
"X-Pos. unit tax","X-Pos. thuế đơn vị"
"X-Pos. unit tax?","X-Pos. thuế đơn vị?"
"XML/CSV Cargo Packing Sheet","XML / CSV hàng đóng gói Tấm"
"Xpos name","tên Xpos"
"Xpos qty","Xpos qty"
"Xpos shelving","Xpos kệ"
"Y-pos","Y-pos"
"Yes","Vâng"
"Yes (After tax)","Có (Sau thuế)"
"Yes (item custom attribute with specific date)","Có (mục tùy chỉnh thuộc tính có ngày cụ thể)"
"Yes (Multiple products)","Có (Nhiều sản phẩm)"
"Yes (Single products)","Có (sản phẩm Single)"
"Yes in Packing Sheets & Invoices Only","Có trong đóng gói tấm & Hoá đơn Chỉ"
"Yes in Picklists Only","Có trong Picklists Chỉ"
"Yes, *not* including email","Có, * không * bao gồm email"
"Yes, 2 messages, depending on customer group","Có, 2 tin nhắn, tùy thuộc vào nhóm khách hàng"
"Yes, after shipping address","Vâng, sau khi địa chỉ vận chuyển"
"Yes, an image","Vâng, một hình ảnh"
"Yes, and don\'t include date","Có, và don \ 't bao gồm ngày"
"Yes, and double-quote quotes","Có, và dấu ngoặc kép-quote"
"Yes, and include date","Có, và bao gồm ngày"
"Yes, and strip all quotes","Có, và gỡ bỏ tất cả dấu ngoặc kép"
"Yes, average price paid (taken from invoice row)","Có, giá trung bình trả (lấy từ hàng hoá đơn)"
"Yes, before shipping address","Vâng, trước khi địa chỉ vận chuyển"
"Yes, below product line, linear","Vâng, bên dưới dòng sản phẩm, tuyến tính"
"Yes, below product line, stacked","Vâng, bên dưới dòng sản phẩm, xếp chồng lên nhau"
"Yes, below product line, stacked & boxed","Vâng, bên dưới dòng sản phẩm, xếp chồng lên nhau và đóng hộp"
"Yes, both in a Tax column and a Tax subtotal","Vâng, cả hai trong một cột Thuế và một tổng số phụ Thuế"
"Yes, by Order Attribute","Có, bởi thứ tự Attribute"
"Yes, by Order Status","Có, bởi Tình hình đơn hàng"
"Yes, by Shipping Method","Có, bởi Shipping Method"
"YES, CAPITALISE","YES, Viết hoa"
"Yes, Child (Simple product full SKU (include option))","Vâng, trẻ em (sản phẩm đơn giản đầy đủ SKU (bao gồm tùy chọn))"
"Yes, Child (Simple product full SKU, including product options)","Vâng, trẻ em (sản phẩm đơn giản đầy đủ SKU, bao gồm lựa chọn sản phẩm)"
"Yes, Child (Simple product SKU **Default**)","Vâng, trẻ em (sản phẩm đơn giản SKU ** Mặc định **)"
"Yes, Child (Simple product)","Vâng, trẻ em (sản phẩm đơn giản)"
"Yes, combined in movable box","Có, kết hợp trong hộp di chuyển"
"Yes, combined in new page","Có, kết hợp trong trang mới"
"Yes, combined in positionable box","Có, kết hợp trong hộp positionable"
"Yes, combined under products list","Có, kết hợp dưới danh sách sản phẩm"
"Yes, combined under shipping address","Có, kết hợp theo địa chỉ vận chuyển"
"Yes, combo attributes","Có, kết hợp các thuộc tính"
"Yes, concise","Có, súc tích"
"Yes, count each option as a separate SKU","Có, đếm từng tùy chọn như là một SKU riêng"
"Yes, count each option as a separate SKU, grouped under parent product","Có, đếm từng tùy chọn như là một SKU riêng biệt, nhóm theo sản phẩm mẹ"
"Yes, custom attribute","Có, thuộc tính tùy chỉnh"
"Yes, depending on Country Group","Có, tùy thuộc vào viên Nhóm"
"Yes, filter by notes text","Có, lọc bằng văn bản ghi chú"
"Yes, fixed text","Có, văn bản cố định"
"Yes, for Pick Lists and Packing Sheets","Có, cho Danh sách Pick và Sheets đóng gói"
"Yes, from custom attribute","Vâng, từ thuộc tính tùy chỉnh"
"Yes, full SKU","Có, đầy đủ SKU"
"Yes, Garuda [good for: Thai, Latin]","Có, Garuda [tốt cho: Thái, tiếng Latin]"
"Yes, grayed out","Có, chuyển sang màu xám"
"Yes, group parent SKUs and option SKUs","Có, nhóm phụ huynh SKU và tùy chọn SKU"
"Yes, in a Tax column","Có, trong một cột Thuế"
"Yes, in a Tax subtotal","Có, trong một tổng số phụ Thuế"
"Yes, in page base","Có, trong cơ sở trang"
"Yes, in positionable box (handy for tear-off labels)","Có, trong hộp positionable (tiện dụng cho các nhãn tear-off)"
"Yes, in separate column","Có, trong cột riêng"
"Yes, in title","Có, trong tiêu đề"
"Yes, incl. tax","Có, bao gồm. thuế suất"
"Yes, including email","Có, bao gồm email"
"Yes, inline with product SKU","Có, phù hợp với sản phẩm Mã sản phẩm"
"Yes, Invoice ID","Có, Invoice ID"
"Yes, Kinnari (similar to Georgia) [good for: Thai, Latin]","Có, Kinnari (tương tự như Georgia) [tốt cho: Thái, tiếng Latin]"
"Yes, Marketplace Order ID","Có, Marketplace Order ID"
"Yes, MS Gothic [large filesize, good for: Japanese, Latin]","Có, MS Gothic [filesize lớn, tốt cho: Nhật Bản, Latin]"
"Yes, new line for each, under product SKU","Có, dòng mới cho mỗi, theo sản phẩm Mã sản phẩm"
"Yes, on a new page","Có, trên một trang mới"
"Yes, on same label","Có, trên cùng một nhãn"
"Yes, on separate label","Có, trên nhãn hiệu riêng biệt"
"Yes, one message, horizontal strip","Vâng, một tin nhắn, dải ngang"
"Yes, one message, positionable box","Vâng, một tin nhắn, hộp positionable"
"Yes, one product per label","Vâng, một sản phẩm mỗi nhãn"
"Yes, only output Invoiced items","Vâng, chỉ có đầu ra lập hoá đơn hàng"
"Yes, only output Shipped items","Vâng, chỉ có đầu ra Shipped mục"
"Yes, order details + shipping label","Có, chi tiết đặt hàng + nhãn vận chuyển"
"Yes, order details only","Vâng, để chi tiết chỉ"
"Yes, Order ID","Vâng, thứ tự ID"
"Yes, Parent (Configurable parent **Default**)","Vâng, mẹ (Configurable mẹ ** Mặc định **)"
"Yes, Parent (Configurable parent SKU)","Vâng, mẹ (Configurable mẹ SKU)"
"Yes, product category","Có, loại sản phẩm"
"Yes, product ID","Có, ID sản phẩm"
"Yes, product name","Có, tên sản phẩm"
"Yes, product SKU","Có, sản phẩm Mã sản phẩm"
"Yes, Purisa (similar to Comic Sans) [good for: Thai, Latin]","Có, Purisa (tương tự như Comic Sans) [tốt cho: Thái, tiếng Latin]"
"Yes, Sawasdee [good for: Thai, Latin]","Có, Sawasdee [tốt cho: Thái, tiếng Latin]"
"Yes, shipping label only","chỉ có, nhãn vận chuyển"
"Yes, show only notes tagged \'visible on frontend\'","Vâng, chỉ hiển thị các ghi chú được gắn thẻ \ 'nhìn thấy trên lối vào \'"
"Yes, Simplified Chinese [good for: Chinese]","Có, tiếng Trung giản thể [tốt cho: Trung Quốc]"
"Yes, split parent SKUs if option SKUs vary","Có, tách mẹ SKU nếu tùy chọn SKU khác nhau"
"Yes, standard fonts [large filesize, good for accented Latin]","Có, phông chữ chuẩn [filesize lớn, tốt cho dấu Latin]"
"Yes, Tahoma [medium filesize, good for: Arabic, Latin]","Có, Tahoma [filesize trung bình, tốt cho: tiếng Ả Rập, tiếng Latin]"
"Yes, to 0 decimal places","Có, 0 chữ số thập phân"
"Yes, total product cost price","Có, tổng sản phẩm giá thành"
"Yes, total sold price, excluding shipping","Có, tổng giá bán, không bao gồm vận chuyển"
"Yes, total sold price, including shipping","Có, tổng giá bán, bao gồm vận chuyển"
"Yes, Traditional Chinese [good for: Chinese]","Có, truyền thống Trung Quốc [tốt cho: Trung Quốc]"
"Yes, under individual product","Có, theo sản phẩm cá nhân"
"Yes, under product list","Có, theo danh sách sản phẩm"
"Yes, up to a pallet","Có, lên đến một pallet"
"Yes, Uppercase","Có, viết hoa"
"Yes, with no tax info","Vâng, không có thông tin thuế"
"Yes, with Tax","Có, với thuế"
"Yes, with VAT info","Có, với thông tin VAT"
"Yes: bold","Có: bold"
"Yes: bold & underline","Có: in đậm và gạch dưới"
"Yes: bold, underlined & red","Có: in đậm, gạch chân và đỏ"
"Yes: boxed","Có: đóng hộp"
"You need courierRules installed for this to work. This will use the specific label generated by courierRules.","Bạn cần courierRules cài đặt để làm việc này. Điều này sẽ sử dụng các nhãn hiệu cụ thể được tạo ra bởi courierRules."
"Filter/split by supplier?","Lọc / chia theo nhà cung cấp?"
"'Combined Packing Sheet/Invoice' grouped by Order ID?","'Kết hợp đóng gói Sheet / Hoá đơn' nhóm lại theo thứ tự ID?"
"Reset pickPack","Đặt lại pickPack"
"Export pickPack Settings","Cài đặt pickPack xuất khẩu"
"Import pickPack Settings","Cài đặt pickPack nhập"
"'PDF Invoice & Packing Sheet' Sort","'PDF Invoice & đóng gói Tấm' Xếp theo"
"Customise CSVs","Tùy CSV"
"Customise PDFs","Tuỳ chỉnh file PDF"
"Customise Admin/Frontend Options","Tuỳ chỉnh Admin / Frontend Tùy chọn"
"pickPack User Guide","Hướng dẫn sử dụng pickPack"
"Moogento Store","Moogento hàng"