"'Allowance' column title","「手当」列のタイトル"
"'Attribute 1' column","「項目1」の列"
"'Attribute 2' column","「項目2」の列"
"'Attribute 3' column","「属性3 '列"
"'Attribute 4' column","「属性4 '列"
"'Attribute Combine' column","列を 'combine属性」"
"'Product barcode' column","「商品のバーコード」欄"
"'Product images' column","「商品画像」欄"
"'Product name' column","「製品名」欄"
"'Product weight' column","「製品重量」欄"
"'Qty' column","「数量」欄"
"'ship-address' and 'bill-address' column format","「船アドレス」と「法案アドレス」列形式"
"'ship-address' and' bill-address' column format","「船アドレス」と「法案アドレス」列形式"
"'SKU' column","「SKU」コラム"
"'Stock qty' column","「在庫数量」欄"
"'Stock warning' column","「在庫警告」欄"
"'Tick boxes' next to item SKUs?","「ダニボックス」アイテムのSKUの隣に？"
"'Tickbox 2nd' column","「Tickbox第二」の列"
"'Tickbox' column","「Tickbox」コラム"
"'Warehouse' column","「倉庫」の列"
"(%) Default is 100%","（％）初期値は100％です"
"(Attribute must exist)","（属性が存在している必要があります）"
"(Default : "Total Price Col" X-Pos)","（デフォルト： "合計価格コル「X-POS）"
"(Default:No)","（デフォルト：No）"
"(Default:Yes)","（デフォルト：Yes）"
"(negative to shift it down)","（負のそれをシフトダウンします）"
"(standard for invoices)","（請求書のための標準）"
"(Tip: Upload placeholder images in Config > Catalog)","（ヒント：Configでアップロードプレースホルダの画像>カタログ）"
"(Upload placeholder images in Config > Catalog)","（コンフィグ>カタログでプレースホルダ画像をアップロードします）"
"(Used if 'Position of shelving info' set to 'Columns')","（ '列'に設定」の情報を棚の位置」の場合に使用）"
"['Payment due ']","[ 'によるお支払い']"
"[#000000] (#HEX colour code)","[＃000000]（#HEXカラーコード）"
"[#111111] (#HEX colour code)","[＃111111]（#HEXカラーコード）"
"[#5BA638] (#HEX colour code)","[＃5BA638]（#HEXカラーコード）"
"[#87CEEB] (#HEX colour code)","[＃の87CEEB]（#HEXカラーコード）"
"[#8AC371] (#HEX colour code)","[＃の8AC371]（#HEXカラーコード）"
"[#FFFFFF] (#HEX colour code)","[#FFFFFF]（#HEXカラーコード）"
"[10] (negative to shift it down)","[10]（それをダウンシフトする負）"
"[10] (negative to shift it down)<br />(Make about half image height to center text)<br />(If you need to show options, probably don't shift)","[10]（負のそれをシフトダウンする）<br />のは（あなたがオプションを表示する必要がある場合は、おそらく移行しない）/> <br（テキストを中央に半分の画像の高さについてのメイク）"
"[10pt]/5pt (top/bottom), 5pt (left/right)","[10ptの] / 5pt（上/下）、5pt（左/右）"
"[15pt] - Set larger to print a larger barcode","【15PT]  - 大きいバーコードを印刷するために、より大きな設定"
"[30] - Set to same as Sku X-Pos to print barcode under Sku","[30]  -  SKUの下のバーコードを印刷するには、SKU X-POSと同じに設定します"
"[blank]","[ブランク]"
"[Default = No]","[デフォルト=いいえ]"
"[Equal]","[等しい]"
"[Invoice then Packing Sheet]","[請求書[シートを梱包]"
"[Italic]","[イタリック]"
"[More than]","[より多い]"
"[No]","[いいえ]"
"[No] : Default","[いいえ]：デフォルト"
"[No] (No = Word-wrap)","[いいえ]（無=ワードラップ）"
"[No] If set to yes, gift messages will print with this font.","yesに設定した場合は[いいえ]、ギフトメッセージは、このフォントで印刷されます。"
"[OpenSans]","【OpenSans]"
"[Packing Sheet then Invoice]","[請求書[シートを梱包]"
"[Partially: Lines top &amp; bottom]","[一部：ライントップ＆＃038;ボトム]"
"[price]","[価格]"
"[qty]","[数量]"
"[Regular]","[通常]"
"[sku]","[SKU]"
"[stock]","[株式]"
"[Yes (from Magento)]","[はい（Magentoのから）]"
"[Yes]","[はい]"
"[Yes] : Default;","[はい]：デフォルト;"
"[Yes] (Adds 'Included' to tax label)","[はい]（税ラベルに「含まれる」追加します）"
"[Yes] (No = Word-wrap)","[はい]（無=ワードラップ）"
"[Yes]<br />- If you have slightly 'dirty data' (eg. product names with linebreaks in) set this to yes.","[はい] <br />  - （。例えば内改行と商品名）あなたが持っている場合は、わずかに「ダーティデータ」yesに設定してください。"
"[Yes]<br />- If you have spreadsheet cells getting mixed up, check this is turned on.<br />- If set to Yes, set the spreadsheet importer to 'Fields de-limited by " character'.","<br /> [はい]  - これがオンになって確認/> <br、あなたがアップ混入スプレッドシートのセルを持っている場合は - 。Yesに設定した場合は、「フィールド」の文字により、脱限定 'にスプレッドシートインポートツールを設定します。"
"&nbsp;&nbsp;Custom Value","＆NBSP;＆NBSPは、カスタム値"
"&nbsp;&nbsp;Value","＆NBSP;＆NBSP;値"
"&nbsp;Eg. enter 'Captured amount' to not show authorize.net payments<br / >Separate multiple phrases by the pipe character: <b>|</b>","＆NBSP;例えば。 authorize.net支払いはパイプ文字/>セパレート複数のフレーズ<br表示しないように「キャプチャ金額」を入力します。<B> | </ b>の"
"<b>Default Label dimensions (portrait):</b>","<B>既定のラベル寸法（縦）：</ b>の"
"<b>Label dimensions:250,200</b>","<b>のラベル寸法：250200 </ B>"
"<div class="column_config_section" style="width:60%!important">","<divクラス= "column_config_section"スタイル= "幅：！60％重要」>"
"<div class="column_config_section">","<divクラス= "column_config_section">"
"<div class="column_config_section"><div class="column_config_para" style="margin-top: -12em;"><b>Structure:</b> <span class = "comment_code">{if X}</span><span class = "comment_code">{X}</span>,|<span  class = "comment_code">{/if}</span><br /><b>Can use these codes: </b><br /><span class = "comment_code">{prefix}</span><span  class = "comment_code">{name}</span><span class = "comment_code">{firstname}</span><span class = "comment_code">{lastname}</span><span  class = "comment_code">{suffix}</span><span class = "comment_code">{company}</span><span class = "comment_code">{street}</span><span  class = "comment_code">{city}</span><span class = "comment_code">{postcode}</span><span class = "comment_code">{country}</span><br />","<divクラス= "column_config_section">の<divクラス= "column_config_para"スタイル= "マージントップ：-12em;"> <b>の構造：</ b>の<スパンクラス= "comment_code"> {場合X} </スパン> <スパンクラス= "comment_code"> {X} </ SPAN>、| <スパンクラス= "comment_code"> {/ IF} </ SPAN> <br /> <b>のこれらのコードを使用することができます：</ bは> <br /> <スパンクラス= "comment_code"> {プレフィックス} </ span>の<スパンクラス= "comment_code"> {名} </ span>の<スパンクラス= "comment_code"> {姓} </ span>の<スパンクラス= "comment_code"> {姓} </ span>の<スパンクラス= "comment_code"> {サフィックス} </ span>の<スパンクラス= "comment_code"> {会社} </ span>の<スパンクラス= " comment_code "> {ストリート} </ span>の<スパンクラス=" comment_code "> {都市} </ span>の<スパンクラス=" comment_code "> {郵便番号} </ span>の<スパンクラス=" comment_code "> {国/> <br} </ span>の"
"<div class="column_config_section"><div class="column_config_para" style="margin-top: -7.5em;"><b>Structure:</b> <span class = "comment_code">{Attribute A}</span>,<span class = "comment_code">{Attribute  B}</span>","<divクラス= "column_config_section">の<divクラス= "column_config_para"スタイル= "マージントップ：-7.5em;"> <b>の構造：</ b>の<スパンクラス= "comment_code"> {A属性} < / span>を、<スパンクラス= "comment_code"> {B属性} </ span>の"
"<div class="column_config_section"><div class="column_config_para" style="margin-top: -7.5em;"><b>Structure:</b> <span class = "comment_code">{if x}</span><span class = "comment_code">{x}</span>,|<span  class = "comment_code">{/if}</span><br /><b>Can use these codes: </b><br /><span class = "comment_code">{prefix}</span><span  class = "comment_code">{name}</span><span class = "comment_code">{firstname}</span><span class = "comment_code">{lastname}</span><span  class = "comment_code">{suffix}</span><span class = "comment_code">{company}</span><span class = "comment_code">{street}</span><span  class = "comment_code">{city}</span><span class = "comment_code">{postcode}</span><span class = "comment_code">{country}</span><br />","<divクラス= "column_config_section">の<divクラス= "column_config_para"スタイル= "マージントップ：-7.5em;"> <b>の構造：</ b>の<スパンクラス= "comment_code"> {場合のx} < / span>の<スパンクラス= "comment_code"> {X} </ SPAN>、| <スパンクラス= "comment_code"> {/ IF} </ SPAN> <br /> <b>のこれらのコードを使用することができます：</ B> <br /> <スパンクラス= "comment_code"> {プレフィックス} </ span>の<スパンクラス= "comment_code"> {名} </ span>の<スパンクラス= "comment_code"> {姓} </スパン> <スパンクラス= "comment_code"> {姓} </ span>の<スパンクラス= "comment_code"> {サフィックス} </ span>の<スパンクラス= "comment_code"> {会社} </ span>の<スパンクラス= 「comment_code "> {ストリート} </ span>の<スパンクラス=" comment_code "> {都市} </ span>の<スパンクラス=" comment_code "> {郵便番号} </ span>の<スパンクラス=" comment_code "> { /> <br国} </ span>の"
"<div class="column_config_section"><div class="column_config_para" style="margin-top: -7.5em;"><b>Structure:</b><br />","<divクラス= "column_config_section">の<divクラス= "column_config_para"スタイル= "マージントップ：-7.5emは;"> <b>の構造：</ b>の/> <br"
"<div class="column_config_section"><div class="column_config_para">[No] Some couriers (like Royal Mail) require no accents in shipping labels.</div></div>","<divクラス= "column_config_section">（ロイヤルメールなど）の<divクラス= "column_config_para"> [いいえ]いくつかの宅配便は出荷ラベルに何のアクセントを必要としない。</ divの> </ div>の"
"<div class="column_config_section"><div class="column_config_para"><b>Structure:</b><br />","<divクラス= "column_config_section">の<divクラス= "column_config_para"> <b>の構造：</ b>を<br />"
"<div class="column_config_section"><div class="column_config_para">eg. Put your country, then only overseas orders will have country added </div></div>","<divクラス= "column_config_section">の<divクラス= "column_config_para">例えば。あなたの国を入れて、その後、唯一の海外受注は国が</ DIV> </ div>の追加されます"
"<div class="column_config_section"><div class="column_config_para">If your PDFs print with missing or tofu (<b style="font-size:200%;font-weight:100;display:inline;position:relative;top:5px;">&#9647;</b>) characters, set this to 'Yes'.<br/>Setting this to 'Yes' will make your PDFs about 0.4mb bigger.<br/>If that doesn't work for you: set 'Customise fonts' to 'Yes'; then set 'Use non-roman characters to 'Yes'; then try the other font families.</div></div>","<divクラス= "column_config_section">の<divクラス= "column_config_para">あなたのPDFファイルが見つからないか、豆腐で印刷する場合（<Bスタイル= "フォントサイズ：200％;フォント重量：100;表示：インライン;位置：相対;トップ：5pxの; ">＆＃9647; </ b>の）文字、「はい」に設定するには、「はい」にこれを設定する<BR/>大きな0.4メガバイトについてのあなたのPDFファイルを行いますその場合<BR/>。あなたのために動作しません：「はい」に設定し「カスタマイズフォント ';その後、「はい」に非ローマ字を使用する」に設定。その後、他のフォントファミリを試してみてください。</ divの> </ div>の"
"<div class="column_config_section"><div class="column_config_para">Set to the most prominent colour in your logo. [#8AC371]<br/>(Used for title borders).</div></div>","あなたのロゴの中で最も目立つ色に設定した<divクラス= "column_config_section">の<divクラス= "column_config_para">。 [＃8AC371] <BR/>（タイトルの境界線に使用されます）。</ divの> </ div>の"
"<div class="column_config_section"><div class="column_config_para">Use this if you need a specific cutoff point (eg for labels) which the auto-cutoff is going over","<divクラス= "column_config_section"> <divのクラスは、= "column_config_para">あなたはオートカットオフが終わっ起こっている特定のカットオフポイント（ラベル用など）が必要な場合は、これを使用します"
"<img src="//moogento.com/logo/moogento_tinylogo.lp.png" alt="Moogento" width="20" style="vertical-align:bottom;margin-left:-1px;"/> MOOGENTO Extensions","<IMG SRC = "// moogento.com/logo/moogento_tinylogo.lp.png" ALT = "Moogento"幅= "20"スタイル= "垂直整列：ボトム;マージン左：-1px;" /> MOOGENTO拡張機能"
"18 Flag","18国旗"
"2 places","2ヶ所"
"21 Flag","21国旗"
"2a Shipmethod match","図2a Shipmethodマッチ"
"2b Shipmethod match","図2b Shipmethodマッチ"
"2c Shipmethod match","図2c Shipmethodマッチ"
"2d Country negative match","図2dカントリー負のマッチ"
"2nd attribute?","第二属性？"
"2nd background image?","第二の背景画像？"
"2nd Custom page title","第二カスタムページタイトル"
"2nd Image file","第二画像ファイル"
"2nd Order attribute code","2次属性コード"
"2nd Order custom attribute?","第二注文カスタム属性？"
"2nd page title","2ページ目のタイトル"
"2nd Sort by :","第二並べ替え："
"2nd sort direction :","第二ソート方向："
"3 places","3ヶ所"
"3rd attribute?","第三属性？"
"4 places","4ヶ所"
"4th attribute?","第四属性？"
"Above address","アドレス上記"
"According to the USPS all addresses should be capitalised to improve delivery time","USPSによると、すべてのアドレスは、配信時間を改善するために大文字にする必要があります"
"According to the USPS all addresses should be capitalised to improve delivery time and accuracy","USPSによると、すべてのアドレスは、配信時間と精度を向上させるために大文字にする必要があります"
"Action Menu Options","アクションメニューオプション"
"Actual attribute code (eg: shelf)","実際の属性コード（例：棚）"
"Add 'Packed by' note?","ノート 'でランチ」に追加しますか？"
"Add <b><a href="https://moogento.com/autocn22">autoCN22</a> Customs label?</b>","<B> <a href="https://moogento.com/autocn22"> autoCN22 </a>の税関ラベルを追加しますか？</ b>の"
"Add 1 per line, exact attribute labels which you *don't* want to show","、ラインごとにあなたは* *表示したくない正確な属性のラベルを1追加"
"Add 2nd Order ID barcode?","第二の注文IDバーコードを追加しますか？"
"Add 2nd shipping address?","第二配送先住所を追加しますか？"
"Add 2nd shipping-type image?","第二の出荷タイプの画像を追加しますか？"
"Add 3rd shipping-type image?","第三出荷型の画像を追加しますか？"
"Add a 2nd background image?","第二背景画像を追加しますか？"
"Add a 2nd page title?","2ページ目のタイトルを追加しますか？"
"Add a background image?","背景画像を追加しますか？"
"Add a flat shipping address?","フラットな配送先住所を追加しますか？"
"Add address label?","宛名ラベルを追加しますか？"
"Add an <b>autoCN22</b> page?","<B> autoCN22 </ b>のページを追加しますか？"
"Add an <b>order-summary</b> label?","<b>の順-要約</ b>のラベルを追加しますか？"
"Add company address to header?","会社の住所は、ヘッダに追加しますか？"
"Add company address?","会社の住所を追加しますか？"
"Add fixed weight?","一定の重量を追加しますか？"
"Add flare to gift messages?","ギフトメッセージにフレアを追加しますか？"
"Add flat shipping address?","フラットな配送先住所を追加しますか？"
"Add full-page background image?","フルページの背景画像を追加しますか？"
"Add header logo?","ヘッダーのロゴを追加しますか？"
"Add image background to label?","ラベルに画像の背景を追加しますか？"
"Add letterhead?","レターヘッドを追加しますか？"
"Add logo?","ロゴを追加しますか？"
"Add on right of SKU","SKUの右側に追加します。"
"Add Order ID above address?","アドレスの上ご注文IDを追加しますか？"
"Add Order ID barcode?","注文IDのバーコードを追加しますか？"
"Add ordered qty to stock-needed qty?","株式-必要な数量に注文した数量を追加しますか？"
"Add page background image?","ページの背景画像を追加しますか？"
"Add return address at bottom?","下部にリターンアドレスを追加しますか？"
"Add return address?","リターンアドレスを追加しますか？"
"Add shipping address at bottom?","下部に配送先住所を追加しますか？"
"Add shipping label image?","出荷ラベル画像を追加しますか？"
"Add shipping label?","発送ラベルを追加しますか？"
"Add shipping-type image?","出荷タイプの画像を追加しますか？"
"Add static text?","静的テキストを追加しますか？"
"Add tax in order subtotal [Europe Standard]","【ヨーロッパ規格]受注小計に税を追加します。"
"Add tax to number?","数に税金を追加しますか？"
"Add tax to product line subtotal [US Standard]","製品ラインの小計に税を追加[米国標準]"
"Add tracking number as barcode?","バーコードのように追跡番号を追加しますか？"
"Add tracking number?","追跡番号を追加しますか？"
"Address format","アドレス形式"
"Address label : Color","住所ラベル：カラー"
"Address label : Font","住所ラベル：フォント"
"Address label : Size","住所ラベル：サイズ"
"Address label : Style","住所ラベル：スタイル"
"Address text","アドレス]テキスト"
"Address text, Default","アドレス]テキスト、デフォルト"
"Address text, Group 1","Addressテキスト、グループ1"
"Address text, Group 2","Addressテキスト、グループ2"
"Address text, Group 3","Addressテキスト、グループ3"
"Address-label Sheet Options","住所ラベルシートオプション"
"Adds a field for shipping methods that don't come from WSA Store Pickup","WSAストアピックアップから来ていない配送方法のためのフィールドを追加します。"
"Admin: Order-view PDF Invoice and Packing Sheet button?","管理者：オーダービューPDFの請求書とパッキングシートボタン？"
"Admin: Order-view PDF Invoice button?","管理者：オーダービューPDFの請求書ボタン？"
"Admin: Order-view PDF Packing Sheet button?","管理者：オーダービューPDFパッキングシートボタン？"
"Admin: Order-view PDF Zebra Label button?","管理者：オーダービューのPDFゼブララベルボタン？"
"Admin: Order-view Resend Email button?","管理者：オーダービュー再送信メールボタン？"
"Alert Flag","アラートフラグ"
"Align text : center","中央：テキストを揃えます"
"Align text : left","テキストを揃える：左"
"All","すべて"
"All : non-interlaced <b>and</b> non-transparent .png","すべて：ノンインターレース<b>と</ b>非透明の.png"
"Allow Customers to Make PDFs?","お客様はPDFを作るために許可しますか？"
"Alternate row color","代替行の色"
"Alternate row in picklists","選択リスト内の代替行"
"Alternate, billing down, shipping up","代替、課金上下出荷"
"Always override &amp; use courierRules Shipping Connector Label if available?","常に上書き＆＃038;利用可能な場合courierRules送料コネクタラベルを使用するのか？"
"Amount to add","追加する金額"
"Angle Text","アングルテキスト"
"Angled Ribbon","角度付きリボン"
"Applies to Packing Sheets and Invoices, in the section which shows shipping method etc.","配送方法などを示しているセクションで、包装シートと請求書に適用されます"
"Ascending","上昇"
"Attr.(1) Xpos","ATTR。（1）XPOS"
"Attr.(2) Xpos","ATTR。（2）XPOS"
"Attr.(3) Xpos","ATTR。（3）XPOS"
"Attr.(4) Xpos","ATTR。（4）XPOS"
"Attribute 1","項目1"
"Attribute 2","項目2"
"Attribute 3","属性3"
"Attribute 4","属性4"
"Attribute code","属性コード"
"Attribute code (eg. for shelving info, maybe you have an attribute: shelf)<br /><b>You need to have created this attribute, and assigned values for each product for it to work!</b>","（例えば情報を棚のために、多分あなたは属性があります。：シェルフを）コード属性<B>あなたがこの属性を作成し、それを動作させるために各製品の値を割り当てておく必要があり/> <br </ b>を！"
"Attribute code 1:","コー​​ド1属性："
"Attribute code 2:","コー​​ド2属性："
"Attribute code 3:","コー​​ド3属性："
"Attribute code 4:","コー​​ド4属性："
"Attribute code 5:","コー​​ド5属性："
"Attribute code for shelving info; eg. shelf","情報を棚ためのコードを属性。例えば。棚"
"Attribute code for supplier data; Default: supplier","サプライヤデータのコードを属性。デフォルト：サプライヤー"
"Attribute code; eg. shelf","コー​​ド属性。例えば。棚"
"Attribute codes?","コー​​ド属性？"
"Attribute column title","列のタイトル属性"
"Attribute to show","表示する属性"
"Attribute to sort by :","並べ替えの基準とする属性："
"Attribute to use as product name","製品名として使用する属性"
"Auto description 1","自動記述1"
"Auto description 3","自動記述3"
"Auto Processing","自動処理"
"Automatic action :","自動アクション："
"Automatic action #2:","自動アクション＃2："
"Automatic action #3:","自動アクション＃3："
"Automation Connection","オートメーション接続"
"Background Image","背景画像"
"Background image position","背景画像の位置"
"Background image?","背景画像？"
"barcode : Font","バーコード：フォント"
"barcode font size","バーコードフォントサイズ"
"barcode Font Size (Orders)","バーコードフォントサイズ（受注）"
"barcode Font Size (Products)","バーコードフォントサイズ（製品）"
"barcode font-size","バーコードフォントサイズ"
"barcode size","バーコード・サイズ"
"barcode X-pos.","バーコードX-POS。"
"Because the Order currency is different from the Store currency, the conversion from","注文の通貨は、からの変換ストア通貨と異なっているので"
"Beside address","アドレスの横に"
"Billing address position","請求先住所の位置"
"Billing address posititon","請求先住所のposititon"
"Billing address title","請求先住所のタイトル"
"Bkg","BKG"
"Blank = #000000 (#HEX colour code)","ブランク=＃000000（#HEXカラーコード）"
"Blank box image","空白のボックスの画像"
"Bold","大胆な"
"Bold 'Extra shipping details' labels?","太字「別途送料の詳細」のラベル？"
"Bold italic","太字イタリック"
"Bold last line in page-base shipping addresses?","ページベース配送先住所の太字最後の行？"
"Bold last line in page-top shipping addresses?","ページトップ配送先住所の太字最後の行？"
"Bold product name?","太字製品名？"
"Border color","境界線の色"
"Bottom of page","ページの最後"
"Box 1 Image","ボックス1画像"
"Box 2a Image (Store Pickup)","箱2aイメージ（ストアピックアップ）"
"Box 2b Image (Express Mail)","箱2bイメージ（速達）"
"Box 2c Image (Priority International)","箱2cのイメージ（優先順位インターナショナル）"
"Box 2d Image (Standard International)","ボックス2D映像（スタンダード・インターナショナル）"
"Box 3 Image","ボックス3画像"
"Box count estimation?","ボックスには、推定を数えますか？"
"Bring up top address?","先頭アドレスを持ち出しますか？"
"Buttons for PDFs","PDFファイル用のボタン"
"By default we output ANSI, which works well for Windows machines and special characters.<br >If you need UTF-8, just choose that here","Windowsマシンと特殊文字に適していますデフォルトの我々の出力ANSIによる。<br>あなたはUTF-8が必要な場合は、ちょうどここにいることを選びます"
"By Height","高さ"
"By Width","幅で"
"Calculate line totals by:","により行の合計を計算します。"
"Callout colour","吹き出しの色"
"Can be handy to reduce customer support - eg. set to a custom Processing status of 'Packing your order now'","例えば ​​- 顧客サポートを減らすために便利です。 [今すぐ注文をパッキング」のカスタム処理ステータスに設定"
"Cancel?","キャンセル？"
"Capitalise shipping labels?","出荷ラベルをCapitalise？"
"Category translation","カテゴリー翻訳"
"Center values?","中央値？"
"Centered in page","ページの中央に配置"
"Centered in product list","製品リストを中心に"
"Change order status","変更注文状況"
"Change the layout of shipping addresses","配送先住所のレイアウトを変更します"
"Change to status:","ステータスに変更します。"
"Check for gift message?","ギフトメッセージを確認しますか？"
"Clear Cached Images in pickPack","pickPackでクリアキャッシュされた画像"
"Code","コー​​ド"
"Color","色"
"Color attribute","カラー属性"
"Color X-pos.","カラーX-POS。"
"Column mapping","列マッピング"
"Columns Y-X-pos.","列Y-X-POS。"
"Combine attribute?","属性を組み合わせますか？"
"Combine custom attributes under product line?","製品ラインの下にカスタム属性を組み合わせますか？"
"Combine custom product attributes under the product line?","製品ラインの下でカスタム製品​​の属性を結合？"
"Combine pdfs","pdfファイルを結合"
"Combine product line details?","製品ラインの詳細を組み合わせますか？"
"Combine the custom attributes listed below?","以下に記載されているカスタム属性を組み合わせますか？"
"Combined Attributes Xpos","組み合わせはXPOS属性"
"Combined Packing Sheet/Invoice' grouped by Order ID?","注文IDでグル​​ープ化された組み合わせ包装シート/請求書 '？"
"Combined pdfs?","組み合わせpdfファイル？"
"Comma separated top,bottom widths (eg 1,2)","カンマは、底部の幅（例えば1,2）トップを分離しました"
"Comma-separated list of customer group names where you don't want the group name","あなたがグループ名をしたくない顧客グループ名のカンマ区切りリスト"
"Comma-separated list of SKUs to *not* show","*ない*ショーにのSKUのカンマ区切りリスト"
"Comma-separated list of SKUs to *not* show a count for","* *のカウントを表示しないようにのSKUのカンマ区切りリスト"
"Comments","注釈"
"Company address","会社所在地"
"Company address : Color","会社の住所：カラー"
"Company address : Font","会社の住所：フォント"
"Company address : Size","会社の住所：サイズ"
"Company address : Style","会社の住所：スタイル"
"Company address, Default","会社の住所、デフォルト"
"Company address, Group 1","会社の住所、グループ1"
"Company address, Group 2","会社の住所、グループ2"
"Company address, Group 3","会社の住所、グループ3"
"Condition","調子"
"Configurable product name","設定可能な製品名"
"Cost (base) to (display) exchange rate","（ディスプレイ）の為替レートへのコスト（ベース）"
"Cost currency prefix","コスト通貨プレフィックス"
"Cost multiplier","コスト乗数"
"Cost subtotal?","コスト小計？"
"courierRules Method","courierRules方法"
"courierRules method?","courierRules方法？"
"courierRules Shipping Method","courierRules配送方法"
"CSV (Order-combined Products)","CSV（オーダー組み合わせ製品）"
"CSV (Order-combined Products) Options","CSV（オーダー組み合わせ製品）のオプション"
"CSV (Order-combined Products)?","CSV（オーダー組み合わせ製品）？"
"CSV (Order-separated Products)","CSV（注文区切り製品）"
"CSV (Order-separated Products) Options","CSV（注文区切り製品）のオプション"
"CSV (Order-separated Products)?","CSV（製品を注文区切り）？"
"CSV (Orders)","CSV（注文）"
"CSV (Orders) Options","CSV（オーダー）[オプション]"
"CSV (Orders)?","CSV（注文）？"
"CSV field separator","CSVフィールドセパレータ"
"CSV output encoding","CSV出力エンコーディング"
"CSV/XML (Cargo Manifest)","CSV / XML（貨物マニフェスト）"
"CSV/XML (Cargo Manifest)?","CSV / XML（貨物マニフェスト）？"
"Custom","カスタム"
"Custom Attribute","カスタム属性"
"Custom attribute (1)","カスタム属性（1）"
"Custom attribute (2)","カスタム属性（2）"
"Custom attribute (3)","カスタム属性（3）"
"Custom attribute (4)","カスタム属性（4）"
"Custom CSV field separator","カスタムCSVフィールドセパレータ"
"Custom font file","カスタムフォントファイル"
"Custom image","カスタムイメージ"
"Custom Message : Background Color","カスタムメッセージ：背景色"
"Custom Message : Color","カスタムメッセージ：カラー"
"Custom Message : Font","カスタムメッセージ：フォント"
"Custom Message : Size","カスタムメッセージ：サイズ"
"Custom Message : Style","カスタムメッセージ：スタイル"
"Custom message under product list?","製品リストの下のカスタムメッセージ？"
"Custom options column title","カスタムオプション列のタイトル"
"Custom Order Attribute","カスタムオーダー属性"
"Custom page title","カスタムページタイトル"
"Custom product attribute code (eg: shelf)","カスタム製品​​の属性コード（例：棚）"
"Custom product attribute?","カスタム製品​​の属性？"
"Custom text image","カスタムテキスト画像"
"Custom text under product list?","製品リストの下のカスタムテキスト？"
"Custom Value","カスタム値"
"Custom weight fields?","カスタム重みフィールド？"
"Custom weightbased count?","カスタムカウントweightbased？"
"Custom Weightbased label?","カスタムラベルをWeightbased？"
"Custom Weightbased text?","カスタムテキストをWeightbased？"
"Customer Address X-pos.","お客様の住所X-POS。"
"Customer attribute code","顧客属性コード"
"Customer Comments","顧客のコメント"
"Customer custom attribute?","お客様のカスタム属性？"
"Customer Email","お客様のEメール"
"Customer Email?","お客様のメール？"
"Customer group?","お客様のグループ？"
"Customer ID (Footer) X-pos.","顧客ID（フッター）X-POS。"
"Customer ID X-pos.","顧客ID X-POS。"
"Customer ID?","顧客ID？"
"Customer name X-pos.","顧客名X-POS。"
"Customer VAT title","お客様のVATのタイトル"
"Customer: Change "Print Invoice" to "PDF Invoices"?","お客様：「PDFの請求書」に変更「印刷請求書」？"
"Customer: Change "Print Order" to "PDF Invoices"?","お客様：「PDFの請求書」に変更し、「プリントオーダー」？"
"Customer: PDF Invoice button?","お客様：PDF請求書のボタン？"
"Customer: PDF Packing Sheet button?","お客様：PDFパッキングシートボタン？"
"Customise 'Packed by' text","テキスト 'でランチ」カスタマイズ"
"Customise fonts/colours?","フォント/色をカスタマイズ？"
"Customize page title?","ページタイトルをカスタマイズしますか？"
"Date format","日付フォーマット"
"Date printed?","日付が印刷されましたか？"
"Day","日"
"Deadline text","締め切りテキスト"
"Deadline text / date?","締め切りテキスト/日？"
"Default","デフォルト"
"Default : Yes","デフォルト：Yes"
"Default (Use standard)","デフォルト（使用標準）"
"Default (Use Total Price Xpos)","デフォルト（使用合計価格XPOS）"
"Default (Use total prixe Xpos)","デフォルト（合計prixe XPOSを使用してください）"
"Default top-right; eg. 'Invoice'","右上デフォルト;例えば。 '請求書'"
"Default top-right; eg. 'Packing Sheet'","右上デフォルト;例えば。 「包装シート」"
"Default:","デフォルト："
"Default: -230,-210","デフォルト：-230、-210"
"Default: ,","デフォルト： 、"
"Default: 'OK'","デフォルト：「OK」"
"Default: 'OK' -->","デフォルト：「OK」 - >"
"Default: "Payment due "","デフォルト： "による支払い」"
"Default: {blank}","デフォルト：{空白}"
"Default: #DDDDDD","デフォルト：#DDDDDD"
"Default: #FFFFFF","デフォルト：#FFFFFF"
"Default: 0<br />Eg. 21.6700 @ 0 = 22; @ 1 = 21.7; @ 2 = 21.67; @ -1 = 20","デフォルト：0 <br />例えば。 21.6700 22 = 0 @; @ 1 = 21.7; 2 @ = 21.67; @ -1 = 20"
"Default: 1<br />Eg. Change the display cost to match your actual end costs","デフォルト：1 <br />例えば。あなたの実際のエンドコストに合わせてディスプレイのコストを変更"
"Default: 1<br />Eg. kg -> lb = 2.2046; lb -> kg = 0.4536","デフォルト：1 <br />例えば。キロ - >ポンド= 2.2046;ポンド - >キロ= 0.4536"
"Default: 1<br />Eg. your base currency is USD, your manifest display currency is GBP : enter the exchange rate multiplier for USD -> GBP","デフォルト：1 <br />例えば。 > GBP  -  USDのための為替レートの乗数を入力してください：あなたの基本通貨は米ドル、マニフェストの表示通貨GBPです"
"Default: 100","デフォルト：100"
"Default: 13pt/5pt (top/bottom), 5pt (left/right)","デフォルト：13pt / 5pt（上/下）、5pt（左/右）"
"Default: 17","デフォルト：17"
"Default: 185","デフォルト：185"
"Default: 2 [1.1256 becomes 1.13]","デフォルト：2 [1.1256は1.13になります]"
"Default: 2<br />Eg. 21.6700 @ 0 = 22; @ 1 = 21.7; @ 2 = 21.67; @ -1 = 20","デフォルト：2 <br />例えば。 21.6700 22 = 0 @; @ 1 = 21.7; 2 @ = 21.67; @ -1 = 20"
"Default: 200","デフォルト：200"
"Default: 22pt (top/bottom), 30pt (left/right)","デフォルト：22pt（上/下）、30pt（左/右）"
"Default: 25","デフォルト：25"
"Default: 25 -->","デフォルト：25  - >"
"Default: 25, 25 (can leave one blank)","デフォルト：25、25（1空白のままにしておくことができます）"
"Default: 250","デフォルト：250"
"Default: 250, 100. Need to select [Yes] on "Show order gift message" or "Show product gift message".","デフォルト：250、100が選択する必要があり、[はい]「表示順序ギフトメッセージ」または「表示製品ギフトメッセージ」に。"
"Default: 250, 100. Need to select yes on "Show order gift message" or "Show product gift message"","デフォルト：250、100は「表示順序ギフトメッセージ」または「表示製品ギフトメッセージ」にyesを選択する必要があります"
"Default: 250x182","デフォルト：250x182"
"Default: 3","デフォルト：3"
"Default: 350","デフォルト：350"
"Default: 380","デフォルト：380"
"Default: 40","デフォルト：40"
"Default: 400","デフォルト：400"
"Default: 420","デフォルト：420"
"Default: 450","デフォルト：450"
"Default: 460","デフォルト：460"
"Default: 475","デフォルト：475"
"Default: 480","デフォルト：480"
"Default: 50","デフォルト：50"
"Default: 500","デフォルト：500"
"Default: 520","デフォルト：520"
"Default: 5pt (top/bottom), 5pt (left/right)","デフォルト：5pt（上/下）、5pt（左/右）"
"Default: 5pt/5pt (top/bottom), 5pt/5pt (left/right)","デフォルト：5pt / 5pt（上/下）、5pt / 5pt（左/右）"
"Default: 67","デフォルト：67"
"Default: 8","デフォルト：8"
"Default: 80","デフォルト：80"
"Default: backordered","デフォルト：入荷待ち"
"Default: Bold","デフォルト：太字"
"Default: center","デフォルト：センター"
"Default: Code128","デフォルト：Code128の"
"Default: codes","デフォルト：コード"
"Default: Empty","デフォルト：空"
"Default: Grand Total","デフォルト：総計"
"Default: ID","デフォルト：ID"
"Default: ID -->","デフォルト：ID  - >"
"Default: invoice_","デフォルト：invoice_"
"Default: invoice+packing-sheet_","デフォルト：請求書+梱包-sheet_"
"Default: items","デフォルト：アイテム"
"Default: Left (if right, turn off barcodes, addresses; if full-width no company","デフォルト：左（右ならば、バーコードをオフにし、アドレス、全幅がない会社の場合"
"Default: M j, Y . Format this according to www.php.net/date","デフォルト：M jを、Y。このwww.php.net/dateに従ってフォーマット"
"Default: Method B","デフォルト：方法B"
"Default: name","デフォルト：名前"
"Default: order-combined_","デフォルト：オーダーcombined_"
"Default: order-separated_","デフォルト：オーダーseparated_"
"Default: out-of-stock-list_","デフォルト：在庫切れ-list_"
"Default: packing-sheet_","デフォルト：パッキングsheet_"
"Default: Phone","デフォルト：電話"
"Default: Phone -->","デフォルト：電話 - >"
"Default: product-separated_","デフォルト：製品separated_"
"Default: pt (top/bottom), pt (left/right)","デフォルト：PT（上/下）、PT（左/右）"
"Default: Qty","デフォルト：数量"
"Default: Qty -->","デフォルト：数量 - >"
"Default: Ship to:","デフォルト：船に："
"Default: Shipping","デフォルト：送料"
"Default: Simple product name","デフォルト：シンプルな製品名"
"Default: Source","デフォルト：ソース"
"Default: Subtotal","デフォルト：小計"
"Default: tax","デフォルト：税"
"Default: total","デフォルト：合計"
"Default: USD","デフォルト：USD"
"Default: VAT Rateable","デフォルト：付加価値税（VAT）Rateable"
"Default: warehouse","デフォルト：倉庫"
"Default: Y_m_d . Format this according to www.php.net/date","デフォルト：Y_m_d。このwww.php.net/dateに従ってフォーマット"
"Default: Zero-rated","デフォルト：ゼロ評価"
"Default:7","デフォルト：7"
"Default: No","デフォルト：なし"
"Default: Yes","デフォルト：Yes"
"Depends on your stock management system","あなたの在庫管理システムに依存します"
"Descending","下行"
"Detailed CC info?","詳細なCC情報？"
"Dimensions","大きさ"
"Dimensions : 'Label width' x 'Label height' @ 300dpi : non-interlaced and non-transparent .png","外形寸法：300dpiの@ 'ラベル幅「x」はラベルの高さ」：ノンインターレースと非透明の.png"
"Dimensions 180<b style="color:red;">pt</b> x 120<b style="color:red;">pt</b> @ 300dpi : non-interlaced <b>and</b> non-transparent .png","外形寸法180 <Bスタイル= "色：赤;"> PT </ b>の×120 <Bスタイル= "色：赤;"> 300dpiの@ ptの</ B>：ノンインターレース<b>と</ b>非透明の.png"
"Dimensions 540<b style="color:red;">pt</b>(A4)|562<b style="color:red;">pt</b>(US Letter) x 1-200<b style="color:red;">pt</b> @ 300dpi : non-interlaced <b>and</b> non-transparent .png","外形寸法540 <Bスタイル= "色：赤;"> PT </ B>（A4）| 562 <Bスタイル= "色：赤;"> PT </ B>（USレター）は1-200 <Bスタイルをxは= "色：赤;"> PT </ b>を300dpiの@：ノンインターレース<b>と</ b>非透明の.png"
"Dispatch Date?","発送日？"
"Don't count these custom option SKUs :","これらのカスタムオプションSKUをカウントしないでください。"
"Double-line spacing?","ダブル行間隔？"
"Double-up this barcode?","ダブルアップこのバーコード？"
"Drink Flag","ドリンク旗"
"E: ","E："
"Eg. nudge it up off integrated labels","例えば。統合されたラベルを、それをオフアップナッジ"
"eg. put 'wholesale', then only wholesale customers will see 'Message B'","例えば。 「卸売」に入れ、その後、唯一の卸売顧客は、「メッセージB」が表示されます"
"eg. put your country, then only overseas orders will have country added","例えば。あなたの国を入れ、その後、唯一の海外受注は国が追加されます"
"Eg. shelving info","例えば。棚情報"
"Email: Body","メール：ボディ"
"Email: Send To","Eメール：に送ります"
"Email: Sender","Eメール：送信者"
"Email: Subject","メール：件名"
"Enable auto processing?","自動処理を有効にしますか？"
"Enter your license key here","ここでライセンスキーを入力してください"
"Exactly position shipping detail (eg. for envelope window)","正確に位置出荷の詳細（例えば、封筒窓用）"
"Exactly position top address (eg. for envelope window)","正確に先頭アドレスを配置（例えば封筒窓用）"
"Export","輸出する"
"Export: Path","エクスポート：パス"
"Extra attribute position","余分な属性位置"
"F: ","F："
"File Path","ファイルパス"
"Fill Bars?","バーを埋めますか？"
"Fill bkg comments box ?","BKGコメント欄を埋めますか？"
"Fill columns titlebar?","列のタイトルバーを埋めますか？"
"Filter again?","再びフィルター？"
"Filter by supplier?","サプライヤーによってフィルター？"
"Filter items again?","再びアイテムをフィルタ？"
"Filter items by status?","状況によってアイテムをフィルタ？"
"Filter items?","フィルタアイテム？"
"Filter order notes?","フィルタ次数ノート？"
"Filter out some options?","いくつかのオプションを除外？"
"Filter out some?","いくつかを除外？"
"Filter out these attributes","これらの属性を除外"
"Filter out these custom option SKUs :","これらのカスタムオプションのSKUを除外："
"Filter shipped items?","フィルタは、アイテムを出荷しますか？"
"Filter text","フィルタテキスト"
"Filter text (don't show notes containg this text)","フィルタテキスト（このテキストをcontaingノートを表示しません）"
"Filter?","フィルタ？"
"Filter/Split which PDFs?","フィルタ/スプリットているPDFの？"
"Filters: Order-separated PDFs, Order-combined PDFs","フィルタ：オーダーで区切られたPDFファイル、オーダーを合わせたPDF"
"First Name","ファーストネーム"
"First order starts at","最初の注文正午"
"Fix Subtotals to page base","ページベースに小計を修正しました。"
"Flat-address font size","フラットアドレスフォントサイズ"
"Font","フォント"
"Font size","フォントサイズ"
"Font size (Product Lines)","フォントサイズ（製品ライン）"
"Font size (Return address)","フォントサイズ（リターンアドレス）"
"Font size (Shipping address)","フォントサイズ（配送先住所）"
"For all customer group types","すべての顧客グループのタイプについて"
"For any customer group containing filter word","フィルタの語を含む任意の顧客グループのため"
"For configurable products, show:","設定可能な製品については、ショー："
"For custom minimum stock levels for specific SKUs, set like this:","特定のSKUのカスタム最小在庫レベルについては、次のように設定します。"
"For full-page sharp backgrounds, upload images with dimensions  595<b style="color:red;">pt</b> x 842<b style="color:red;">pt</b> (A4), or 612<b style="color:red;">pt</b> x 792<b style="color:red;">pt</b> (Letter)","フルページシャープ背景について、寸法595で画像のアップロード<Bスタイル= "色：赤;"> PT </ b>のX 842 <Bスタイル= "色：赤;"> PT </ B>（A4）、または612 <Bスタイル= "色：赤;"> PT </ b>のX 792 <Bスタイル= "色：赤;"> PT </ B>（レター）"
"For Internal Print Flags use "0" to avoid duplicate printing","内蔵プリントフラグの重複印刷を回避するために「0」を使用"
"Force gift message font?","強制ギフトメッセージフォント？"
"Format product options?","フォーマット製品のオプション？"
"Format product?","フォーマット製品なのでしょうか？"
"FTP host","FTPホスト"
"FTP password","FTPパスワード"
"FTP port","FTPポート"
"FTP remote path","FTPリモートパス"
"FTP user","FTPユーザー"
"Full height of each label (default 168pt)","各ラベル（デフォルト168pt）の全高"
"Full height of each label (default 432pt)","各ラベル（デフォルト432pt）の全高"
"Full Page Width","フルページ幅"
"Full width of each label (default 190pt)","各ラベル（デフォルト190pt）の全幅"
"Full width of each label (default 288pt)","各ラベル（デフォルト288pt）の全幅"
"Gallery Images (Max 2)","ギャラリー画像（最大2）"
"General : CSV","一般：CSV"
"General : PDF","一般：PDF"
"General Options","一般的なオプション"
"Germany CN22 Label Image","ドイツCN22ラベルイメージ"
"Gift card","ギフトカード"
"Gift message","ギフトメッセージ"
"Gift Message : Background Color","ギフトメッセージ：背景色"
"Gift Message : Color","ギフトメッセージ：カラー"
"Gift Message : Font","ギフトメッセージ：フォント"
"Gift Message : Size","ギフトメッセージ：サイズ"
"Gift Message : Style","ギフトメッセージ：スタイル"
"Gift wrap","ギフトラップ"
"Goes at page base - good for integrated labels","ページベースで行く - 統合されたラベルの良いです"
"Goes at page base - handy for QC","QCのために便利 - ページ基地に行きます"
"Goes on the right of the header logo","ヘッダーロゴの右側に行きます"
"Goes on the top-left of the page","ページの左上に行きます"
"Good for 3-part integrated labels, eg. for peel-off address records","例えば、3部構成の統合ラベルに適しています。剥離アドレスレコード用"
"Good for a footer image","フッター画像のために良いです"
"Good for integrated labels","統合されたラベルの良いです"
"Good for tax numbers, return instructions","税番号、リターン命令のために良いです"
"Good for things like tear-off labels, or adding to the return address abel to make it a 'Returns Label'","ティアオフラベルのようなもののために良い、または '戻り値ラベル」にするためにリターンアドレスアベルに追加"
"Grand Total (from Magento)?","（Magentoのからの）総合計？"
"Grey out products from other suppliers","他のサプライヤーからのグレーアウト製品"
"Group by Category?","カテゴリ別のグループ？"
"Group With Other Prints","その他のプリントとのグループ"
"Header logo","ヘッダーロゴ"
"Hide if gift order?","ギフト注文場合は非表示にするには？"
"Hide prices if a gift order?","ギフト注文の場合の価格を非表示にするには？"
"Hide product option labels?","製品オプションのラベルを非表示にするには？"
"Hide products from other suppliers","他のサプライヤーからの製品を隠します"
"Hide Shipping Method for Store-Pickup orders?","ストアピックアップ注文の配送方法を非表示にするには？"
"Hide supplier attribute column?","サプライヤーの属性列を非表示にするには？"
"Hide these groups :","これらのグループを非表示にします："
"Hide this 'country name'","この「国名」を隠します"
"Hide this 'country name' :","この「国名」を非表示にします："
"Hide this' country name' :","この「国名」を非表示にします："
"Hide Virtual and Downloadable products from PDFs?","PDFからの仮想およびダウンロード製品を非表示にするには？"
"Hide zero discount value?","ゼロの割引値を非表示にするには？"
"Hide zero shipping value?","ゼロ出荷値を非表示にするには？"
"Hide zero tax value?","ゼロ税の値を非表示にするには？"
"High-res","高解像度"
"high-res/low-res?","高解像度/低解像度？"
"High/Low Resolution?","高/低解像度？"
"Hold?","ホールド？"
"Holland CN22 Label Image","オランダCN22ラベルイメージ"
"Horizontal bars : Background Color","水平バー：背景色"
"Ie. if you want them listed together and not in separate columns","すなわち。あなたがしたい場合、それらは別々の列に一緒にではなく、記載されています"
"If 'Yes' this won't include items which have been marked as shipped.","場合は「はい」これが出荷としてマークされたアイテムは含まれません。"
"If child image missing, show parent?","子画像が見つからない場合は、親を示しますか？"
"If set to Yes, after an order has been printed, you can only re-print it from inside the Order Detail page.<br />The aim is to avoid shipping the same order multiple times by mistake.","[はい]に設定した場合、注文が印刷された後、あなただけの注文の詳細ページ内から、それを再印刷することができます。<br目的は、誤って同じ順序を複数回を出荷避けるためです/>。"
"If supplier 'logged in', do what with other suppliers products?","サプライヤーは「ログイン」した場合、他のサプライヤーの製品をどうしますか？"
"If you get long addresses that spill over the edge of your label, set this number to force a linebreak","あなたがラベルの端にこぼれ長いアドレスを取得する場合、改行を強制的にこの番号を設定します"
"If you ship a lot of single items, this can help alert your shipping staff that","あなたは、単一の項目の多くを出荷する場合、これはあなたの船積みのスタッフに警告する助けることができます"
"If you ship a lot of single items, this can help alert your shipping staff that there's more than one!","あなたは、単一の項目の多くを出荷する場合、これは1以上のものがあることをあなたの船積みのスタッフに警告することができます！"
"If you're using shipEasy, and have setup any of the 3 custom flag columns, you can show the value.","あなたはshipEasyを使用して、3カスタムフラグ列のいずれかのセットアップを持っている場合は、値を表示することができます。"
"Image behind return address?","リターンアドレスの背後にある画像？"
"Image behind ship address?","船のアドレスの後ろの画像？"
"Image border color","画像の境界線の色"
"Image file","画像ファイル"
"Image nudge","画像ナッジ"
"Image position nudge","画像位置ナッジ"
"Images column title","画像列のタイトル"
"Import","インポート"
"In positionable box (handy for tear-off labels)","位置決め可能なボックスに（切り取りラベルの便利）"
"Incl.","税込。"
"Include customer phone in addresses?","アドレスに顧客の電話を含めますか？"
"Include discount?","割引が含まれていますか？"
"Include discounts in product line price","製品ラインの価格の割引を含めます"
"Include Order ID in filename for single page print?","単一ページ印刷用のファイル名に注文IDが含まれていますか？"
"Include Order ID in filename for single page prints?","単一のページを印刷するためのファイル名に注文IDが含まれていますか？"
"Include order notes?","オーダーノートを含めますか？"
"Include shipping country in addresses?","アドレスに国が配送されますか？"
"Include tax in 'Shipping'?","「送料」に税が含まれていますか？"
"Include Tax in Price?","価格には消費税が含まれていますか？"
"Include Tax in Shipping Price?","配送料金に消費税が含まれていますか？"
"Include tax in value?","価値の税金が含まれていますか？"
"Include tax?","税金が含まれていますか？"
"Installation Server","インストールサーバー"
"Invert some of the title colors...","タイトルの色の一部を反転..."
"Invoice Address","請求書の住所"
"Invoice Date","請求書の日付"
"Invoice ID?","請求書のID？"
"Invoice Number","請求書番号"
"Invoice Options","請求書オプション"
"Invoiced Date","請求された日"
"Is this included in the Subtotal?","これは、小計に含まれていますか？"
"Italic","イタリック"
"Item Count","アイテム数"
"Items column title","項目列のタイトル"
"Items count?","アイテムは数えますか？"
"Label","ラベル"
"Label height","ラベルの高さ"
"Label margins","ラベルの余白"
"Label Nudge","ラベルナッジ"
"Label padding","ラベルのパディング"
"Label width","ラベル幅"
"Layout template","レイアウトテンプレート"
"License","ライセンス"
"License Key","ライセンスキー"
"Line above fixed footer image?","固定フッタ画像上の行？"
"Line widths","線幅"
"Lock image to page base?","ページベースにイメージをロック？"
"Logo position","ロゴの位置"
"Low-res","低解像度"
"Magento Order ID","Magentoの注文ID"
"Main Image","メイン画像"
"Makes gift orders a bit happier-looking by adding a special image on the message box.","ビットは、メッセージボックスに特殊な画像を追加することによって幸せに見えるギフトの注文を行います。"
"Manual description 1","マニュアルの記述1"
"Margin (from right)","マージン（右から）"
"Margin (from right) for flat-address","フラットアドレスのマージン（右から）"
"Marketplace Order ID","市場オーダーID"
"Match shipping description :","マッチ輸送説明："
"Match text:","マッチテキスト："
"Max address width (pt)","最大アドレス幅（PT）"
"Max dimensions","最大寸法"
"Max weight per box","ボックスあたりの最大重量"
"Max width","最大幅"
"Messages","メッセージ"
"Middle of page","ページの中央"
"Min. weight to hide shipment method and put 'Pallet'","ミン。発送方法を隠し、「パレット」を入れて重量"
"Minimum stock qty","最小在庫数量"
"Moogento","Moogento"
"Moogento pickPack","Moogento pickPack"
"Moogento pickPack : CSV (Order-combined Products)","Moogento pickPack：CSV（オーダー組み合わせ製品）"
"Moogento pickPack : CSV (Order-separated Products)","Moogento pickPack：CSV（注文区切り製品）"
"Moogento pickPack : CSV (Orders)","Moogento pickPack：CSV（注文）"
"Moogento pickPack : CSV/XML (Cargo Manifest)","Moogento pickPack：CSV / XML（貨物マニフェスト）"
"Moogento pickPack : PDF (Address Labels)","Moogento pickPack：PDF（住所ラベル）"
"Moogento pickPack : PDF (CN22 Labels)","Moogento pickPack：PDF（CN22ラベル）"
"Moogento pickPack : PDF (Gift Message)","Moogento pickPack：PDF（ギフトメッセージ）"
"Moogento pickPack : PDF (Invoice and Packing Sheet)","Moogento pickPack：PDF（インボイスとパッキングシート）"
"Moogento pickPack : PDF (Invoice)","Moogento pickPack：PDF（請求書）"
"Moogento pickPack : PDF (Order-combined Picklist)","Moogento pickPack：PDF（オーダー組み合わせピックリスト）"
"Moogento pickPack : PDF (Order-separated Picklist)","Moogento pickPack：PDF（注文区切りピックリスト）"
"Moogento pickPack : PDF (Orders Summary)","Moogento pickPack：PDF（受注の概要）"
"Moogento pickPack : PDF (Packing Sheet)","Moogento pickPack：PDF（包装シート）"
"Moogento pickPack : PDF (Product-separated Picklist)","Moogento pickPack：PDF（製品区切りピックリスト）"
"Moogento pickPack : PDF (Troylleybox Picklist)","Moogento pickPack：PDF（Troylleyboxピックリスト）"
"Moogento pickPack : PDF (Zebra Labels)","Moogento pickPack：PDF（ゼブララベル）"
"Moogento pickPack : PDF/CSV (Out-of-stock List)","Moogento pickPack：PDF / CSV（アウトオブストックリスト）"
"Multiplier Attribute","乗数属性"
"Multiplies product price by set multiplication factor. Eg. use to show product price limit for substitutions in pick","設定された乗算係数により製品価格を乗算します。例えば。ピックでの置換のための製品価格の上限を示すために使用します"
"Multiplies product price by set multiplication factor.<br />Eg. use to show product price limit for substitutions in pick","設定された乗算係数により製品価格を乗算します。/>例えば<br。ピックでの置換のための製品価格の上限を示すために使用します"
"Multiply prices by attribute?","属性によって価格を掛け？"
"Name from Order","注文から名前"
"Name from Product > Default Store","製品>デフォルトStoreから名前"
"Name from Product > Order Store *Default*","*製品>注文ストア*デフォルトから名前"
"Name from Product > Specific Store","製品>特定Storeから名前"
"New page per order?","注文ごとに新しいページ？"
"New PDF per name?","名あたりの新しいPDF？"
"No","いいえ"
"No (default)","いいえ（デフォルト）"
"No of Items per page","ページあたりのアイテムなし"
"No, include all items in order","いいえ、順番にすべてのアイテムを含みます"
"No, include it in the product price","いいえ、それは製品価格に含まれて"
"No, include it in the product price (but also show a tax subtotal summary)","いいえ、それは製品価格に含まれます（ただしも税金小計の要約を表示します）"
"No, move other items to new line (+ keep linebreaks)","いいえ、新しい行に他の項目を移動（+改行を保ちます）"
"No, without Tax","いいえ、税なし"
"None","なし"
"Normal' Dimensions:  269<b style="color:red;">pt</b> x 41<b style="color:red;">pt</b> @ 300dpi<br />","通常の「外形寸法：269 <Bスタイル= "色：赤;"> PT </ b>のX 41 <Bスタイル= "色：赤;"> PT </ b>を@ 300dpiの<br />"
"Not recommended... Use at your own risk...","お勧めしません...ご自身の責任で使用して..."
"Nudge","少しずつ動かします"
"Nudge 'Packed 2 by' note","ナッジノート」で2パック」"
"Nudge 'Packed by' text","テキスト 'でランチ」ナッジ"
"Nudge <b>autoCN22</b> label","<B> autoCN22 </ b>のラベルナッジ"
"Nudge 2nd address","第二アドレスをナッジ"
"Nudge 2nd barcode","第二のバーコードをナッジ"
"Nudge 2nd custom title","第二カスタムタイトルをナッジ"
"Nudge 2nd image","第二画像をナッジ"
"Nudge address","ナッジアドレス"
"Nudge background image","ナッジの背景画像"
"Nudge barcode","バーコードをナッジ"
"Nudge CN22 label","CN22ラベルをナッジ"
"Nudge company address","ナッジ会社の住所"
"Nudge details","詳細をナッジ"
"Nudge entire label","ラベル全体をナッジ"
"Nudge fixed image","固定画像をナッジ"
"Nudge flat-address","フラットアドレスをナッジ"
"Nudge gift message","ナッジギフトメッセージ"
"Nudge image","ナッジ画像"
"Nudge label image","ナッジラベル画像"
"Nudge logo","ナッジロゴ"
"Nudge Order ID","注文IDをナッジ"
"Nudge Order ID barcode","注文IDバーコードをナッジ"
"Nudge order notes","オーダーノートをナッジ"
"Nudge product line","ナッジ製品ライン"
"Nudge qr-code (1)","QRコードをナッジ（1）"
"Nudge qr-code (2)","QRコードをナッジ（2）"
"Nudge return address","ナッジリターンアドレス"
"Nudge return label","返品ラベルをナッジ"
"Nudge Rotated Product List","回転した商品リストをナッジ"
"Nudge shelving","棚ナッジ"
"Nudge shipping address","配送先住所をナッジ"
"Nudge shipping address only","配送先住所だけをナッジ"
"Nudge supplier attribute","ナッジサプライヤー属性"
"Nudge title","タイトルをナッジ"
"Nudge tracking barcode","バーコードを追跡ナッジ"
"Nudge tracking number","追跡番号をナッジ"
"Nudge Zipcode barcode","郵便番号バーコードをナッジ"
"Nudge' Packed by' note","ノート 'でランチ」ナッジ"
"Number product list?","数の製品リスト？"
"Only print once?","一度だけ印刷？"
"Only process orders matching shipEasy attribute?","shipEasy属性に一致する唯一のプロセス指図？"
"Operand?","オペランド？"
"Order Attribute","注文属性"
"Order attribute code","注文属性コード"
"Order attribute code:","注文属性コード："
"Order Attribute Value","注文の属性値"
"Order Comments","コメントを注文します"
"Order custom attribute?","カスタム属性を注文しますか？"
"Order date","注文日"
"Order date X-pos.","注文日X-POS。"
"Order Date?","注文日？"
"Order ID (Footer) X-pos.","注文ID（フッター）X-POS。"
"Order ID X-pos.","オーダーID X-POS。"
"Order ID?","注文ID？"
"Order of subtotals","小計の順序"
"Order Source","注文ソース"
"Order Source?","ソースを注文しますか？"
"Order-combined Pick List Options","オーダー組み合わせたピックリストのオプション"
"Order-separated Pick List Options","注文で区切られたピックリストのオプション"
"Orders with In Stock Items Only","のみ在庫がある商品に付き注文"
"Others?","その他？"
"Output as PDF or CSV?","PDFやCSVとして出力？"
"Output Excel XML file (instead of CSV)","出力ExcelのXMLファイル（の代わりにCSV）"
"Output Filenames","出力ファイル名"
"Output only these suppliers (Hide/Grey-out others)","出力のみこれらのサプライヤー（非表示/グレーアウトその他）"
"Output only this supplier (Hide/Grey-out others) . . . Leave blank to auto-split all suppliers","出力のみこのサプライヤー（非表示/グレーアウトなど）。 。 。すべてのサプライヤー自動分割に空白のまま"
"Override 'Minimum stock qty'","オーバーライド「最小在庫数量」"
"Override default address formatting?","デフォルトのアドレスの書式設定をオーバーライドしますか？"
"Override default address layout?","デフォルトのアドレスのレイアウトをオーバーライド？"
"Override filter notes messages","オーバーライドフィルタは、メッセージをメモ"
"Override stock qty output with location-specific stock?","場所固有の株式と株式の数量の出力をオーバーライドしますか？"
"Override' Minimum stock qty'","オーバーライド「最小在庫数量」"
"Packing  Sheet Products : Separating Vertical Line Color","シート製品を梱包：の分離垂直線の色"
"Packing Sheet Options","包装シートオプション"
"Packing Sheet Products : Separating Line Color","シート製品を梱包：の分離線の色"
"Packing Sheet Products : Separating Vertical Line Color","シート製品を梱包：の分離垂直線の色"
"Padding","パディング"
"Page 1 Product-lines cutoff Y-pos","ページ1製品ラインは、Y-POSをCUTOFF"
"Page 1 products cutoff position","1ページ製品遮断位置"
"Page Body : Color","ページボディカラー："
"Page Body : Font","ページ本体：フォント"
"Page Body : Size","ページ本体：サイズ"
"Page Body : Style","ページ本体：スタイル"
"Page padding","ページのパディング"
"page padding","ページのパディング"
"Page size","ページ・サイズ"
"Page template :","ページテンプレート："
"Page title : Color","ページタイトル：カラー"
"Page title : Font","ページタイトル：フォントの"
"Page title : Size","ページタイトル：サイズ"
"Page title : Style","ページタイトル：スタイル"
"Paid Date","有料日"
"Paid Date?","日付を有料？"
"Pallet 'go' weight","「GO」パレット重量"
"Pallet' go' weight","「GO」パレット重量"
"Paper height","用紙の高さ"
"Paper margins","用紙の余白"
"Partially: lines top & bottom","部分的に：ライントップ＆ボトム"
"Pattern text","パターンテキスト"
"Pattern to match :","マッチするパターン："
"Payment","支払い"
"Payment method?","支払方法？"
"PDF (Address Labels)","PDF（住所ラベル）"
"PDF (Address Labels)?","PDF（住所ラベル）？"
"PDF (CN22 Labels)","PDF（CN22ラベル）"
"PDF (CN22 Labels)?","PDF（CN22ラベル）？"
"PDF (Gift Message)","PDF（ギフトメッセージ）"
"PDF (Gift Message)?","PDF（ギフトメッセージ）？"
"PDF (Invoice & Packing Sheet)","PDF（インボイスとパッキングシート）"
"PDF (Invoice and Packing Sheet)?","PDF（インボイスとパッキングシート）？"
"PDF (Invoice)","PDF（請求書）"
"PDF (Invoice)?","PDF（請求書）？"
"PDF (Order-combined Picklist)","PDF（オーダー組み合わせピックリスト）"
"PDF (Order-combined Picklist)?","PDF（オーダー組み合わせピックリスト）？"
"PDF (Order-separated Picklist)","PDF（注文区切りピックリスト）"
"PDF (Order-separated Picklist)?","PDF（選択リストを受注区切り）？"
"PDF (Orders Summary)","PDF（受注の概要）"
"PDF (Orders Summary)?","PDF（受注の概要）？"
"PDF (Out-of-stock List)","PDF（アウトオブストック一覧）"
"PDF (Out-of-stock List)?","PDF（アウトオブストックリスト）？"
"PDF (Packing Sheet)","PDF（包装シート）"
"PDF (Packing Sheet)?","PDF（シートパッキン）？"
"PDF (Product-separated Picklist)","PDF（製品で区切られた選択リスト）"
"PDF (Product-separated Picklist)?","PDF（製品区切りピックリスト）？"
"PDF (Trolleybox Picklist)","PDF（Trolleyboxピックリスト）"
"PDF (Trolleybox Picklist)?","PDF（Trolleyboxピックリスト）？"
"PDF (Zebra Labels)","PDF（ゼブララベル）"
"PDF (Zebra Labels)?","PDF（ゼブララベル）？"
"PDF Address-label Sheet","PDF住所ラベルシート"
"PDF Gift Message","PDFギフトメッセージ"
"PDF Invoice","PDFの請求書"
"PDF Invoice &amp; Packing Sheet' Sort","PDF請求書＆＃038;包装シート」をソート"
"PDF Letter","PDFの手紙"
"PDF Order-combined Picklist","PDFオーダー組み合わせピックリスト"
"PDF Order-separated Picklist","PDFの順序で区切られた選択リスト"
"PDF Orders Summary","PDFオーダーの概要"
"PDF Packing Sheet","PDFパッキングシート"
"PDF Packing Sheet + Invoice","PDFパッキングシート+請求書"
"PDF page size","PDFのページサイズ"
"PDF Product-separated Picklist","PDF製品で区切られた選択リスト"
"PDF Zebra Label","PDFゼブララベル"
"PDF/CSV (Out-of-stock List)","PDF / CSV（アウトオブストックリスト）"
"PDF/CSV Out-of-stock List","PDF / CSVアウトオブストックリスト"
"PDF/CSV Out-of-stock List Options","PDF / CSVアウトオブストックリストのオプション"
"Pick Lists only","唯一のリストを選択してください"
"pickPack","pickPack"
"pickPack Validation Key","pickPack検証キー"
"Pickup Date","受取日"
"Pickup Store Address","ピックアップ店住所"
"Pickup Store Email","ピックアップストアメール"
"Pickup Store ID","ピックアップストアID"
"Pickup Store Phone","ピックアップ店舗電話"
"Pickup Time","ピックアップ時間"
"Position","ポジション"
"Position custom text box","ポジションカスタムテキストボックス"
"Position of custom attributes","カスタム属性の位置"
"Position of notes :","ノートの位置："
"Position of shelving info","情報を棚の位置"
"Position the addresses exactly - for integrated labels","正確にアドレスを置き - 統合されたラベルに"
"Position the message box exactly","正確にメッセージボックスを配置します"
"Positionable box position","位置決め可能なボックスの位置"
"Pre-cells","プリ細胞"
"Price column title","価格列のタイトル"
"Price position","価格位置"
"Price X-pos.","価格X-POS。"
"Prices","物価"
"Prices converted from","価格から変換"
"Print All?","すべての印刷？"
"Print barcode in separate line?","別の行で印刷バーコード？"
"Print Condition","印刷条件"
"Print Credit Memos?","クレジットメモを印刷？"
"Print Invoices?","印刷請求書？"
"Print orders once only?","プリント注文一回だけ？"
"Print Packingslips?","Packingslipsを印刷？"
"Print products label after address label?","宛名ラベルの後に印刷製品ラベル？"
"Print resolution","印字解像度"
"Print Shipping Labels?","出荷ラベルを印刷？"
"Print supplier attribute?","印刷サプライヤー属性？"
"Priority of custom attribute grouping","カスタム属性のグループ化の優先順位"
"Process date?","プロセス日？"
"Process orders that include out-of-stock items?","在庫切れのアイテムを含むプロセス指図？"
"Processing schedule","処理スケジュール"
"Product Category Label","製品カテゴリラベル"
"Product discount title","製品割引のタイトル"
"Product discount title?","製品割引のタイトル？"
"Product gift message xpos","製品ギフトメッセージXPOS"
"Product id below barcode font-size","バーコードフォントサイズ以下の製品ID"
"Product images?","商品画像？"
"Product line nudge","製品ラインナッジ"
"Product line total title","製品ライン全体のタイトル"
"Product line total title?","製品ライン全体のタイトル？"
"Product list sort direction :","製品リストのソート方向："
"Product list titlebar padding bot","商品リストタイトルバーパディングボット"
"Product list titlebar padding top","商品リストタイトルバーパディングトップ"
"Product Name","商品名"
"Product name position","製品名の位置"
"Product name X-pos.","製品名X-POS。"
"Product name?","商品名？"
"Product names or attributes contain non-roman characters?","製品名または属性は非ローマン文字が含まれていますか？"
"Product Options : Size","製品オプション：サイズ"
"Product options?","製品のオプション？"
"Product Price x","製品価格のx"
"Product SKU barcode?","製品SKUのバーコード？"
"Product SKU below barcode font-size","バーコードフォントサイズ以下の製品SKU"
"Product SKU below barcode?","バーコードの下の製品SKU？"
"Product weight?","製品重量？"
"Product-price Multiplier","製品価格の乗数"
"Pull from custom attribute","カスタム属性から引き出し"
"Purchase order #?","注文書 ＃？"
"Put in separate column","別の列に置きます"
"Puts in total weight, shipping carrier, payment method","総重量、出荷キャリア、支払方法になります"
"q(Qty left to ship), s(Qty shipped), o(Qty ordered)","Q（数量は出荷する左）、S（数量が出荷）、O（数量は、注文しました）"
"Qty column title","数量列のタイトル"
"Qty invoiced","数量請求"
"Qty left to ship","数量は船に残って"
"Qty X-pos.","数量X-POS。"
"Quote all values in CSV exports?","CSVの輸出のすべての値を引用？"
"Recalculate","計算し直します"
"Recommend for long SKU","長いSKUのためにお勧めします"
"Reformat address?","アドレスを再フォーマット？"
"Reformat?","再フォーマット？"
"Regular","レギュラー"
"Remove accents from letters in address?","アドレスの文字からアクセントを削除しますか？"
"Remove product tax from subtotal?","小計から製品税を削除しますか？"
"Remove shipping tax from","から出荷税を削除します"
"Remove shipping tax from subtotal?","小計から出荷税を削除しますか？"
"Remove shipping tax from tax","税金から出荷税を削除します"
"Repeat gift message?","繰り返しギフトメッセージ？"
"Replace Default ERP Invoice with pickPacks?","pickPacksとデフォルトのERPの請求書を交換してください？"
"Replace Default ERP Packing Sheet with the one from pickPack?","pickPackから1でデフォルトのERPパッキングシートを交換？"
"Reset","リセット"
"Return address","差出人住所"
"return address - Default","リターンアドレス - デフォルト"
"return address - Group 1","リターンアドレス - グループ1"
"return address - Group 2","リターンアドレス - グループ2"
"return address - Group 3","リターンアドレス - グループ3"
"Return Address Label : Color","住所ラベル：カラー"
"Return Address Label : Font","住所ラベル：フォント"
"Return Address Label : Size","住所ラベル：サイズ"
"Return Address Label : Style","住所ラベル：スタイル"
"Return address text","リターンアドレスのテキスト"
"Right","右"
"Right Margin X","右マージンX"
"Rotate <b>autoCN22</b> page?","<B> autoCN22 </ b>のページを回転させますか？"
"Rotate entire label?","ラベル全体を回転させますか？"
"Rotate label?","ラベルを回転させますか？"
"Rotate Product list","製品のリストを回転させます"
"Rotate return address?","リターンアドレスを回転させますか？"
"Rotate?","回転させますか？"
"Round cost by ? decimal places","でラウンドコスト？小数位"
"Round custom attribute numbers?","ラウンドカスタム属性の番号？"
"Round weight by ? decimal places","ラウンド重量？小数位"
"Rounding to 2 decimals can work well for price display.<br /><i>Default: No</i>","小数点第2位に丸めは価格表示のために働くことができ/> <i>のデフォルト<br：なし</ I>"
"Rule 1?","ルール1？"
"Rule 2?","ルール2？"
"Rules are processed in order from low to high priority numbers.<br/>","ルールは優先度の高い番号に低いものから順に処理されます。<br/>"
"Scale Shipping Labels","スケール出荷ラベル"
"Seeing tofu : <b style="font-size:200%;font-weight:100;display:inline;position:relative;top:5px;">&#9647;</b>?","見て豆腐：<Bスタイル= "フォントサイズ：200％;フォント重量：100;表示：インライン;位置：相対;トップ：5pxの;">＆＃9647; </ b>の？"
"Select Order Attribute To Update","注文を選択して更新する属性"
"Separate multiple matches by comma.'","カンマで区切り複数のマッチ。」"
"Seperator 1?","セパレーター1？"
"Seperator 2?","セパレーター2？"
"Server Name","サーバーの名前"
"Set in 'Shipping Labels' section","「配送ラベル」セクションで設定"
"Set in 'Shipping Labels' section<br />Enable this to show eg. Royal Mail PPI labels","「配送ラベル 'セクション<brに設定/>例えばを表示するために、これを有効にします。ロイヤルメールPPIラベル"
"Set Internal Printed Flag?","装置内部のプリントフラグを設定しますか？"
"Set the currency symbol","通貨記号を設定します。"
"Set to Low to keep filesize low (but background image blurred), set to High to get a sharp background (and larger filesize)","（ぼかしたが、背景画像）ファイルサイズを低く保つためにLowに設定し、シャープな背景（と、より大きなファイルサイズ）を取得するために高に設定"
"Settings File","設定ファイル"
"Shelving attribute","棚attribute"
"Shelving position","棚の位置"
"Shelving Xpos","棚XPOS"
"Shift Bundle Children Xpos","バンドル子供XPOSシフト"
"Ship Date","出荷日"
"shipEasy Connection","shipEasy接続"
"shipEasy Connection","shipEasy接続"
"shipEasy flag column #","shipEasyフラグ欄＃"
"shipEasy flag value?","shipEasyフラグ値はありますか？"
"Shipping Address","お届け先の住所"
"Shipping address padding","配送先住所のパディング"
"Shipping address phone?","配送先住所の電話？"
"Shipping address title","配送先住所のタイトル"
"Shipping Date?","発送日？"
"Shipping Image #1","送料イメージ＃1"
"Shipping Image #2","送料イメージ＃2"
"Shipping Image #3","送料イメージ＃3"
"Shipping Labels","出荷ラベル"
"Shipping Method (Default)","配送方法（デフォルト）"
"Shipping method?","配送方法？"
"Shipping options?","配送のオプション？"
"Shipping Type","送料タイプ"
"Shipping/Billing Title : Style","送料/お支払いタイトル：スタイル"
"Shipping/Billing title position","送料/課金のタイトル位置"
"Show","ショー"
"Show 'Allowance'?","ショー「手当」？"
"Show 'Message B' for this group :","このグループの表示」のメッセージB '："
"Show 'Message B' for this group :","このグループの表示」のメッセージB '："
"Show 'Packed 2 by' note?","ショー 'で2パック」に注意してください？"
"Show 'Packed by' note?","'でランチ」の表示に注意してください？"
"Show 'Packed by' note?","'でランチ」の表示に注意してください？"
"Show 'total item count'?","ショーの総項目数 '？"
"Show 'total order count'?","ショーの総受注数 '？"
"Show 'total paid'?","「支払った合計」を表示しますか？"
"Show 'total shipping paid'?","ショーの総出荷支払っ '？"
"Show 'Total Taxed Product Value'?","ショー '合計課税製品価値'？"
"Show 'Total UnTaxed Product Value'?","「総非課税商品価値」を表示しますか？"
"Show #Order or #Invoice","ショー#Orderまたは#Invoice"
"Show 0 qty items?","0数量の商品を見ますか？"
"Show 2nd attribute?","第二の属性を表示しますか？"
"Show 2nd order custom attribute?","2次カスタム属性を表示しますか？"
"Show 2nd Order ID?","第二の注文IDを表示しますか？"
"Show 2nd qrcode?","第二QRコードを拡大して表示しますか？"
"Show 2nd?","第二を表示しますか？"
"Show 3rd attribute?","第三の属性を表示しますか？"
"Show address in product label?","製品ラベルのアドレスを表示しますか？"
"Show advanced options?","高度なオプションを表示しますか？"
"Show Aitoc Checkout Fields?","Aitocチェックアウトフィールドを表示しますか？"
"Show Amasty Order Attributes?","Amasty注文属性表示しますか？"
"Show Amasty order delivery date?","Amasty注文納期を表示しますか？"
"Show another attribute?","別の属性を表示しますか？"
"Show as Icon?","アイコンとして表示しますか？"
"Show attribute titles?","ショーのタイトル属性？"
"Show barcode SKU?","バーコードのSKUを表示しますか？"
"Show Base Currency values in Subtotals?","小計における基準通貨値を表示しますか？"
"Show BetaBoxes?","BetaBoxesを表示しますか？"
"Show billing address at top?","上部の請求先住所を表示しますか？"
"Show billing address?","請求先住所を表示しますか？"
"Show billing phone under shipping address ?","配送先住所の下に課金電話を表示しますか？"
"Show billing phone?","課金電話を表示しますか？"
"Show Box 1?","ボックス1を表示しますか？"
"Show Box 2?","ボックス2を表示しますか？"
"Show Box 3?","ボックス3を表示しますか？"
"Show box estimation?","ボックス推定を表示しますか？"
"Show brackets around tax?","税の周りにブラケットを表示しますか？"
"Show bundle parent?","バンドル親を表示しますか？"
"Show bundle parents?","バンドル親を表示しますか？"
"Show bundle product children?","バンドル製品の子供を表示しますか？"
"Show column titles?","列のタイトルを表示しますか？"
"Show cost subtotal?","コストの小計を表示しますか？"
"Show Currency Exchange Rate in Subtotals?","小計に為替レートを表示しますか？"
"Show custom attribute?","カスタム属性を表示しますか？"
"Show custom barcode?","カスタムバーコードを表示しますか？"
"Show custom product attribute (2)?","（2）カスタム製品​​の属性を表示しますか？"
"Show custom product attribute (3)?","（3）カスタム製品​​の属性を表示しますか？"
"Show custom product attribute (4)?","（4）カスタム製品​​の属性を表示しますか？"
"Show custom product attribute?","カスタム製品​​の属性を表示しますか？"
"Show custom product attributes?","カスタム製品​​の属性を表示しますか？"
"Show custom product options?","カスタム製品​​のオプションを表示しますか？"
"Show custom qrcode?","カスタムQRコードを拡大して表示しますか？"
"Show customer email?","顧客の電子メールを表示しますか？"
"Show customer group?","顧客グループを表示しますか？"
"Show customer ID?","顧客IDを表示しますか？"
"Show customer phone?","顧客の電話を表示しますか？"
"Show customer VAT number?","お客様のVAT番号を表示しますか？"
"Show custommer comment?","custommerコメントを表示しますか？"
"Show date printed?","表示する日付が印刷されましたか？"
"Show deadline text / date?","締切テキスト/日付を表示しますか？"
"Show discount?","割引を表示しますか？"
"Show discounts in order subtotal","注文の小計に表示割引"
"Show discounts in order subtotal'","「受注小計で割引を表示します"
"Show discounts where?","ここで、割引を表示しますか？"
"Show discounts?","割引を表示しますか？"
"Show Earned Points?","ショーは、ポイントを獲得しますか？"
"Show extended info line?","拡張された情報の行を表示しますか？"
"Show extra shipping details?","別途送料の詳細を表示しますか？"
"Show fixed text?","固定されたテキストを表示しますか？"
"Show fixed-text for non-Store-Pickup orders?","非ストアピックアップ受注のための固定テキストを表示しますか？"
"Show for bundle children?","バンドル子どもたちのために表示しますか？"
"Show full payment?","全額の支払いを表示しますか？"
"Show gift message title 'to/from'","'から/へ」を表示するギフトメッセージのタイトル"
"Show gift message?","ギフトメッセージを表示しますか？"
"Show gift messages?","ギフトメッセージを表示しますか？"
"Show gift wrap message?","ギフトラップメッセージを表示しますか？"
"Show gift wrap style?","ギフトラップのスタイルを表示しますか？"
"Show giftwrap label?","ギフトラッピングラベルを表示しますか？"
"Show Grand Total?","総合計を表示しますか？"
"Show icon top-of-page for wrap orders?","ラップ受注のためのトップのページアイコンを表示しますか？"
"Show invoiced date?","請求先の日付を表示しますか？"
"Show items count?","表示する項目はカウント？"
"Show logo on Pick Lists?","ピックリストにロゴを表示しますか？"
"Show logo on picklists?","ピックリストにロゴを表示しますか？"
"Show mageworld order delivery date?","mageworld注文納期を表示しますか？"
"Show Mageworx Multifees?","Mageworx Multifeesを表示しますか？"
"Show movable Order ID?","可動注文IDを表示しますか？"
"Show name?","名前を表示しますか？"
"Show on line item' can help reduce customs fees","通関手数料を軽減することができます '行項目に表示します"
"Show order column titles?","注文列のタイトルを表示しますか？"
"Show order comments?","オーダーのコメントを表示しますか？"
"Show order custom attribute?","オーダーカスタム属性を表示しますか？"
"Show order date?","注文日を表示しますか？"
"Show order gift message?","オーダーギフトメッセージを表示しますか？"
"Show Order Grand Total","注文総計を表示"
"Show Order ID (above address)?","（アドレス上記）注文IDを表示しますか？"
"Show Order ID above address?","アドレスの上ご注文IDを表示しますか？"
"Show Order ID barcode?","注文IDのバーコードを表示しますか？"
"Show Order ID barcodes?","注文IDのバーコードを表示しますか？"
"Show Order ID in product label?","製品ラベルに注文IDを表示しますか？"
"Show Order ID?","注文IDを表示しますか？"
"Show Order IDs?","注文IDを表示しますか？"
"Show order number?","注文番号を表示しますか？"
"Show Order Subtotals?","注文小計を表示しますか？"
"Show Order Tax Total","注文税の合計を表示します"
"Show Order Total (no Tax)","ショー注文合計（無税）"
"Show page title bar?","ページタイトルバーを表示しますか？"
"Show parent product name","表示親製品名"
"Show payment method?","お支払い方法を表示しますか？"
"Show phone numbers?","電話番号を表示しますか？"
"Show pickup date/time on same line?","同じ行にピックアップ日付/時刻を表示しますか？"
"Show Point Discount?","ポイント割引を表示しますか？"
"Show Price?","価格を表示しますか？"
"Show prices?","価格を表示しますか？"
"Show product gift message?","製品ギフトメッセージを表示しますか？"
"Show Product Gift-Wrap Column?","製品ギフトラップの列を表示しますか？"
"Show Product Grand Total","表示製品総計"
"Show Product ID barcode","ショープロダクトIDバーコード"
"Show product ID below barcode?","バーコードの下のプロダクトIDを表示しますか？"
"Show product images?","商品の画像を表示しますか？"
"Show product line total?","製品ラインの合計を表示しますか？"
"Show Product list?","製品のリストを表示しますか？"
"Show product name bold?","太字の製品名を表示しますか？"
"Show product name?","製品名を表示しますか？"
"Show product names?","製品名を表示しますか？"
"Show product options?","製品オプションを表示しますか？"
"Show Product qty?","製品の数量を表示しますか？"
"Show product sku barcode?","製品SKUのバーコードを表示しますか？"
"Show product sku?","製品SKUを表示しますか？"
"Show Product Tax Total","製品税の合計を表示します"
"Show Product Total(no Tax)","ショー商品合計（無税）"
"Show product type?","製品タイプを表示しますか？"
"Show product-level gift messages?","製品レベルのギフトメッセージを表示しますか？"
"Show purchase order #?","購入注文番号を表示しますか？"
"Show qty as:","数量を表示します："
"Show return address?","リターンアドレスを表示しますか？"
"Show Sheet Grand Total with Tax/ without Tax","税抜き/税とシート総計を表示"
"Show Sheet Total","シートの合計を表示します"
"Show Sheet Total with Tax/ without Tax","税とシートの合計を表示/税なし"
"Show shelving info?","情報を棚表示しますか？"
"Show Ship Grand Total","ショー船総計"
"Show Ship Tax Total","ショー船税の合計"
"Show Ship Total (no Tax)","ショーシップ合計（無税）"
"Show shipping address at top?","上部の配送先住所を表示しますか？"
"Show shipping address title?","配送先住所のタイトルを表示しますか？"
"Show shipping address?","配送先住所を表示しますか？"
"Show shipping carrier?","出荷キャリアを表示しますか？"
"Show shipping method?","配送方法を表示しますか？"
"Show Shipping Price?","配送料金を表示しますか？"
"Show Shipping subtotal?","送料小計を表示しますか？"
"Show shipping warehouse?","出荷倉庫を表示しますか？"
"Show simple product name","シンプルな製品名を表示"
"Show SKU?","SKUを表示しますか？"
"Show Source in subtotal?","小計でソースを表示しますか？"
"Show specific attribute?","特定の属性を表示しますか？"
"Show Spent Points?","使用済みのポイントを表示しますか？"
"Show stock alert below...","下記の株式アラートを表示..."
"Show stock alerts?","株価アラートを表示しますか？"
"Show stock qty?","在庫数量を表示しますか？"
"Show subtotal?","小計を表示しますか？"
"Show Subtotals?","小計を表示しますか？"
"Show tax breakdown?","税の内訳を表示しますか？"
"Show tax separately?","別途税金を表示しますか？"
"Show tickbox 2nd?","tickbox 2日を表示しますか？"
"Show tickbox?","tickboxを表示しますか？"
"Show total discount?","合計割引を表示しますか？"
"Show Total Due?","合計によりを表示しますか？"
"Show Total Order","ショーの合計受注"
"Show Total Paid?","ショーの合計は有料？"
"Show total shipping?","総出荷を表示しますか？"
"Show total tax?","合計税額を表示しますか？"
"Show total weight?","総重量を表示しますか？"
"Show tracking number as barcode?","バーコードなどの追跡番号を表示しますか？"
"Show tracking number?","追跡番号を表示しますか？"
"Show unit price?","単価を表示しますか？"
"Show unit tax Total","表示ユニット税の合計"
"Show unit tax?","ユニット税を表示しますか？"
"Show which date?","これは日付表示しますか？"
"Show which Store-Pickup details?","ストア・ピックアップの詳細を表示しますか？"
"Show which value for configurable product names?","設定可能な製品名はその値を表示しますか？"
"Show which value for product names?","製品名はその値を表示しますか？"
"Show WSA Store-Pickup details?","WSAストアピックアップの詳細を表示しますか？"
"Show zero-value discount?","ゼロ値の割引を表示しますか？"
"Show zero-value shipping?","ゼロ値の出荷を表示しますか？"
"Show zero-value tax?","ゼロ値税を表示しますか？"
"Show Zipcode barcode?","郵便番号のバーコードを表示しますか？"
"Show?","表示しますか？"
"Shows item if stock below this; Default: 1","項目が表示されている場合は、この下の株式。デフォルト：1"
"Shows SKU in red if stock below this number","在庫この数値以下の場合は赤でSKUを表示"
"Signature line?","シグネチャーライン？"
"Simple product name","シンプルな製品名"
"Simple product name, even in configurable","でも設定可能で、単純な製品名、"
"Size","サイズ"
"Size attribute","サイズ属性"
"Size X-pos.","サイズX-POS。"
"SKU barcode column title","SKUのバーコード列のタイトル"
"SKU column title","SKUの列のタイトル"
"SKU position","SKU位置"
"SKU X-pos.","SKU X-POS。"
"SKU?","SKU？"
"Small Image","小さな画像"
"Sort bundle children?","ソートバンドル子供？"
"Sort by :","並び替え ："
"Sort direction :","ソート方向："
"Sort items by :","ソート項目によって："
"Sort product lists by :","ソート製品リストによって："
"Sort product lists?","ソート製品のリスト？"
"Sort products by :","並べ替え副産物："
"Sort Secondary by :","並べ替えセカンダリ："
"Sorting attribute :","ソート属性："
"Spacer character:","スペーサー文字："
"Specific font-size for Town/State/Zip","タウン/州/郵便番号のための特定のフォントサイズ"
"Split &amp; group bundle parents and children/simple-products separately","スプリット＆＃038;別にグループバンドルの親と子/シンプル-製品"
"Split by logged-in user?","ログインしたユーザによって分割？"
"Split PDFs by supplier","サプライヤーによって分割PDFファイル"
"Standard : shipping on left, billing on right","標準：右に左に、課金に出荷"
"Star specific value?","特定の値にスターを付けますか？"
"Start from fixed Y-Pos?","固定Y-POSから起動しますか？"
"Start overflow pages where?","オーバフローページどこを開始？"
"Start with 'From :' to have that a different size","持つように、異なるサイズ： 'から'で開始"
"Status","状態"
"Stock alert below...","下記の株価アラート..."
"Stock alerts?","株価アラート？"
"Stock Filter","株価フィルター"
"Store","格納"
"Strip line breaks and commas?","ストリップ改行やカンマ？"
"Strip linebreaks from non-address fields in CSV exports?","CSVの輸出の非アドレスフィールドから改行を削除？"
"Strip linebreaks in gift messages?","ギフトメッセージ内の改行を削除？"
"Strip linebreaks in order comments?","順コメントに改行を削除？"
"Style","スタイル"
"Subheadings : Color","小見出し：カラー"
"Subheadings : Font","小見出し：フォント"
"Subheadings : Size","小見出し：サイズ"
"Subheadings : Style","税込。"
"Subsection height","税金"
"Subtotal align","税込。"
"Subtotal Labels X-pos","小計ラベルX-POS"
"Subtotal Numbers X-pos","小計番号X-POS"
"Suggested : [blank] or 'billing details'","推奨：[空白]または[請求の詳細]"
"Suggested : [blank] or 'Ship","推奨： '[空白]または船"
"Suggested : [blank] or 'shipping details'","推奨：[空白]または「出荷の詳細」"
"Supplier  'login'","サプライヤーのログイン」"
"Supplier attribute","サプライヤーの属性"
"Supplier options","サプライヤーのオプション"
"Supplier username:suppliername","サプライヤー名：suppliername"
"Switched, billing on donw, shipping on up","、donwに、課金を切り替えるまでに出荷"
"Switched, billing on left, shipping on right","右に左に、送料を、課金を切り替えます"
"T: ","T："
"Take product name from:","から製品名をしてください。"
"Tax column title","税列のタイトル"
"Tax display method","税表示方法"
"Tax Incl.","税込。"
"Tax Label","税ラベル"
"Tax Label Incl.","税ラベル含。"
"Tax paid?","納税？"
"Teando Delivery Options?","Teando配信オプション？"
"Temando Delivery Options?","Temando配信オプション？"
"Text","テキスト"
"Text for 'Packed 2 by' note :","ノート 'で2パック」のテキスト："
"Thailand CN22 Label Image","タイCN22ラベルイメージ"
"This needs the <b><a href="https://moogento.com/shipeasy" target="_blank">shipEasy</a></b> extension to work","これは仕事を<b> <a href="https://moogento.com/shipeasy" target="_blank"> shipEasy </a>の</ B>拡張子が必要"
"This option will work if you have installed Gift Wrap feature of Magento Enterprise","あなたはMagentoのエンタープライズのギフトラップ機能をインストールしている場合、このオプションは動作します"
"This option will work if you have installed warehouse extension.","あなたは倉庫の拡張機能をインストールしている場合、このオプションは動作します。"
"This sets: Packing Sheets, Invoices, Picklists.","これは設定していますパッキングシート、請求書、ピックリスト。"
"This will add an info label at the end of every print run.","これは、すべての印刷実行の終了時に情報ラベルを追加します。"
"This will be added to each order's total weight","これは、各注文の総重量に追加されます"
"This will create different pick lists per supplier","これは、供給業者ごとに異なる​​選択リストを作成します。"
"This will group all products by their category (useful for outbound customs declarations)","この意志グループ（アウトバウンド税関申告のために有用である）、そのカテゴリのすべての製品"
"This will move the image on each label","これは、各ラベルに画像を移動します"
"This will slow down PDF generation by a lot, so leave 'No' unless you really need it","あなたが本当にそれを必要としない限り、これは抽選でPDFの生成を遅くするので、「いいえ」のままにします"
"Thumbnail","サムネイル"
"Tickbox 2nd Xpos","Tick​​box第二XPOS"
"Tickbox 2nd?","Tick​​box 2日？"
"Tickbox Xpos","Tick​​box XPOS"
"Tickbox?","Tick​​box？"
"Time","時間"
"Tip : Use short title(s) if you choose 'beside'","ヒント：「横に」利用短いタイトル（複数可）あなたが選択した場合"
"Title","タイトル"
"Title text","タイトルテキスト"
"Titlebars Bkg Color","タイトルバーBKG色"
"Today\'s Date","今日の日付"
"Top address padding","トップアドレスパディング"
"Top Left","左上"
"Top of page","ページのトップへ"
"Top-left Ribbon","左上リボン"
"Total invoiced items count?","合計請求項目は数えますか？"
"Total items count?","総アイテムがカウント？"
"Total order count?","全順序数えますか？"
"Total paid column","合計支払った列"
"Total paid for each SKU?","合計は各SKUに支払わ？"
"Total paid?","支払った合計？"
"Total price column title","合計金額欄のタイトル"
"Total product qty title","全製品の数量タイトル"
"Total shipped items count?","総出荷された項目を数えますか？"
"Total shipping paid?","総出荷は、有料？"
"Total weight?","総重量？"
"Tracking number font size","追跡番号のフォントサイズ"
"Tracking Number?","追跡番号？"
"Trigger statuses","トリガーのステータス"
"Trim long content?","長いコンテンツをトリミング？"
"Trim long?","長いトリム？"
"Trim long SKUs?","長いSKUをトリム？"
"Trim Product Name","トリム製品名"
"Trim Product Name?","製品名をトリム？"
"Trim SKU?","SKUをトリム？"
"Trim?","トリム？"
"Truncate items to fit in columns?","列に収まるようにアイテムを切り捨て？"
"UK CN22 Label Image","英国CN22ラベルイメージ"
"Under product-list message","製品リストメッセージの下で"
"Under product-list Message A","製品リストのメッセージAの下で"
"Under product-list Message B","製品リストメッセージBの下で"
"Under shipping details","出荷の詳細の下で"
"Unhold?","保留解除？"
"Unit price column title","単価列のタイトル"
"Unit price title","単価のタイトル"
"Unit tax title","ユニット税のタイトル"
"Unit tax title?","ユニット税のタイトル？"
"Update after process","処理後の更新"
"Update Order Attribute","更新日順属性"
"Update shipEasy Flag","更新shipEasy旗"
"Upload a .ttf or .otf font file",".TTFまたは.OTFフォントファイルをアップロード"
"Upload a .ttf or .otf font file <br />'Font style' settings",".TTFまたは.OTFフォントファイル<brをアップロード/>「フォントスタイル」の設定"
"Upload a .ttf or .otf font file <br />'Font style' settings are ignored with custom fonts",".TTFまたは.OTFフォントファイル<brをアップロード/>「フォントスタイル」の設定は、カスタムフォントで無視されます"
"Upload a .ttf or .otf font file'Font style' settings",".TTFまたは.OTFフォントfile'Fontスタイル」の設定をアップロード"
"Upload a .ttf or .otf font file<br />'Font style' settings are ignored with custom fonts",".TTFまたは.OTFフォントファイル<brをアップロード/>「フォントスタイル」の設定は、カスタムフォントで無視されます"
"Upsize + bold qty, if qty = 2+","数量場合=、+大胆な数量をアップサイズ2+"
"USA CN22 Label Image","USA CN22ラベルイメージ"
"Use <b>courierRules</b> generated shipping label?","courierRules </ b>を生成した出荷ラベル<B>使用しますか？"
"Use as a way to constrain the address inside a specific label or area","特定のラベルまたはエリア内のアドレスを制限する方法として使用します"
"Use GFS Shipping Labels?","GFS出荷ラベルを使用しますか？"
"Use logged-in language","ログインしている言語を使用します"
"Use Magento Grand Total?","Magentoの総合計を使用しますか？"
"Use Magento subtotals?","Magentoの小計を使用しますか？"
"Use order storeview language","注文storeview言語を使用します"
"Use together with 'Update shipEasy Flag' -> 'Yes, Printed'",">「はい、印刷された ' - 'を更新shipEasy旗 'と一緒に使用します"
"Use what language and when?","どのような言語と時を使用しますか？"
"Use which image?","どの画像を使用しますか？"
"Use which?","これは使用しますか？"
"Uses header logo from Packing Sheet","包装シートからヘッダーのロゴを使用しています"
"Using One Step Checkout (Magestore) delivery date","ワン・ステップ・アウト（Magestore）納期を使用して、"
"Usually goes at page base - handy for QC","通常、ページベースで行く -  QCのために便利"
"Value","値"
"Vert Line","ヴェールライン"
"Warehouse?","倉庫？"
"Weight Based number?","重量ベースの番号？"
"Weight Based?","重量ベースの？"
"Weight multiplier","重み乗算器"
"Weight rounding","重量丸め"
"Weight unit","重量単位"
"Weight unit:","重量単位："
"What is your word for 'tax'?","「税」のためのあなたの言葉は何ですか？"
"Where to position custom product attributes on the picklists.<br />Default: Columns","どこにカスタム製品​​を配置するピックリストの属性<br />のデフォルト：。列"
"Which Aitoc attribute codes?","どのAitocは、属性コード？"
"Which Options?","どちらのオプション？"
"Which value for configurable product names?","設定可能な製品名は、どの値はありますか？"
"Which?","どれですか？"
"Width","幅"
"X days after printing date?","日付を印刷した後X日？"
"X-Nudge","X-ナッジ"
"X-pos","X-POS"
"X-Pos [434]","X-POS [434]"
"X-Pos.  images 222","X-POS。画像222"
"X-Pos. attr. 2","X-POS。 ATTR。 2"
"X-Pos. attr. 2 (+ prices col)","X-POS。 ATTR。 2（+価格はCOL）"
"X-Pos. attr. 2 (+ prices, tax cols)","X-POS。 ATTR。 2（+価格、税金COLS）"
"X-Pos. attr. 3","X-POS。 ATTR。 3"
"X-Pos. attr. 3 (+ prices col)","X-POS。 ATTR。 3（+価格はCOL）"
"X-Pos. attr. 3 (+ prices, tax cols)","X-POS。 ATTR。 3（+価格、税金COLS）"
"X-Pos. barcodes","X-POS。バーコード"
"X-Pos. custom product options","X-POS。カスタム製品​​のオプション"
"X-Pos. custom product options (+ prices col)","X-POS。カスタム製品​​のオプション（+価格はCOL）"
"X-Pos. custom product options (+ prices, tax cols)","X-POS。カスタム製品​​のオプション（+価格、税金COLS）"
"X-Pos. date","X-POS。日付"
"X-Pos. images","X-POS。画像"
"X-Pos. images (+ prices col)","X-POS。画像（+価格はCOL）"
"X-Pos. images (+ prices, tax cols)","X-POS。画像（+価格、税金COLS）"
"X-Pos. name","X-POS。名"
"X-Pos. name (+ prices col)","X-POS。名前（+価格はCOL）"
"X-Pos. name (+ prices, tax cols)","X-POS。名前（+価格、税金COLS）"
"X-Pos. numbered list","X-POS。番号付きリスト"
"X-Pos. numbered list bundle children","X-POS。番号付きリストバンドル子どもたち"
"X-Pos. product discount","X-POS。製品の割引"
"X-Pos. product discount?","X-POS。製品の割引？"
#N/A
"X-Pos. product line total?","X-POS。製品ラインの合計？"
"X-Pos. qty","X-POS。数量"
"X-Pos. qty (+ prices col)","X-POS。数量（+価格はCOL）"
"X-Pos. qty (+ prices, tax cols)","X-POS。数量（+価格、税金COLS）"
"X-Pos. shelf","X-POS。棚"
"X-Pos. shelf (+ prices col)","X-POS。棚（+価格はCOL）"
"X-Pos. shelf (+ prices, tax cols)","X-POS。棚（+価格、税金COLS）"
"X-Pos. sku","X-POS。 SKU"
"X-Pos. sku (+ prices col)","X-POS。 SKU（+価格はCOL）"
"X-Pos. sku (+ prices, tax cols)","X-POS。 SKU（+価格、税金COLS）"
"X-Pos. SKU barcode","X-POS。 SKUのバーコード"
"X-Pos. SKU barcode (+ prices col)","X-POS。 SKUのバーコード（+価格はCOL）"
"X-Pos. SKU barcode (+ prices, tax cols)","X-POS。 SKUのバーコード（+価格、税金COLS）"
"X-Pos. tickbox","X-POS。 tickbox"
"X-Pos. tickbox (+ prices col)","X-POS。 tickbox（+価格はCOL）"
"X-Pos. tickbox (+ prices, tax cols)","X-POS。 tickbox（+価格、税金COLS）"
"X-Pos. total price","X-POS。合計金額"
"X-Pos. total price (+ tax col)","X-POS。合計金額（+税COL）"
"X-Pos. unit price","X-POS。単価"
"X-Pos. unit price (+ tax col)","X-POS。単価（+税COL）"
"X-Pos. unit tax","X-POS。ユニット税"
"X-Pos. unit tax?","X-POS。ユニット税？"
"XML/CSV Cargo Packing Sheet","XML / CSV貨物包装シート"
"Xpos name","XPOS名"
"Xpos qty","XPOS数量"
"Xpos shelving","棚XPOS"
"Y-pos","Y-POS"
"Yes","はい"
"Yes (After tax)","はい（税引後）"
"Yes (item custom attribute with specific date)","はい（特定の日付を持つアイテムのカスタム属性）"
"Yes (Multiple products)","はい（複数製品）"
"Yes (Single products)","はい（シングル製品）"
"Yes in Packing Sheets & Invoices Only","はいパッキングシート＆請求書でのみ"
"Yes in Picklists Only","はいピックリストでのみ"
"Yes, *not* including email","はい、*ない*を含む電子メール"
"Yes, 2 messages, depending on customer group","はい、2つのメッセージは、顧客グループに応じて"
"Yes, after shipping address","はい、配送先住所の後"
"Yes, an image","はい、画像"
"Yes, and don\'t include date","はい、とドン\ 'tは日付が含ま"
"Yes, and double-quote quotes","はい、および二重引用符の引用符"
"Yes, and include date","はい、そして含まれる日付"
"Yes, and strip all quotes","はい、すべての引用符を削除"
"Yes, average price paid (taken from invoice row)","はい、支払った平均価格（請求書の行から取られました）"
"Yes, before shipping address","はい、配送先住所の前に"
"Yes, below product line, linear","はい、製品ライン以下、線形"
"Yes, below product line, stacked","はい、製品ラインの下に、積み重ねられました"
"Yes, below product line, stacked & boxed","はい、製品ラインの下に、積み重ね＆箱入り"
"Yes, both in a Tax column and a Tax subtotal","はい、両方の税務列と税の小計で"
"Yes, by Order Attribute","はい、注文属性による"
"Yes, by Order Status","はい、注文状況によって、"
"Yes, by Shipping Method","はい、配送方法により"
"YES, CAPITALISE","YES、CAPITALISE"
"Yes, Child (Simple product full SKU (include option))","はい、子供（簡易製品の完全なSKU（オプションを含みます））"
"Yes, Child (Simple product full SKU, including product options)","はい、子供（簡易製品フルSKU、製品オプションを含みます）"
"Yes, Child (Simple product SKU **Default**)","はい、子供（簡易製品SKU **デフォルト**）"
"Yes, Child (Simple product)","はい、子供（簡易製品）"
"Yes, combined in movable box","はい、可動ボックスで組み合わせます"
"Yes, combined in new page","はい、新しいページで組み合わせ"
"Yes, combined in positionable box","はい、位置決め可能なボックスに組み合わせます"
"Yes, combined under products list","はい、製品のリストの下にまとめ"
"Yes, combined under shipping address","はい、配送先住所の下にまとめ"
"Yes, combo attributes","はい、コンボ属性"
"Yes, concise","はい、簡潔"
"Yes, count each option as a separate SKU","はい、別々のSKUとして各オプションを数えます"
"Yes, count each option as a separate SKU, grouped under parent product","はい、親製品の下にグループ化された個別のSKU、各オプションを数えます"
"Yes, custom attribute","はい、カスタム属性"
"Yes, depending on Country Group","はい、カントリーグループに応じて"
"Yes, filter by notes text","ノートのテキストによってはい、フィルタ"
"Yes, fixed text","はい、固定テキスト"
"Yes, for Pick Lists and Packing Sheets","はい、ピックリストとパッキングシート用"
"Yes, from custom attribute","はい、カスタム属性から"
"Yes, full SKU","はい、完全なSKU"
"Yes, Garuda [good for: Thai, Latin]","はい、ガルーダ[こだわり：タイ料理、ラテン語]"
"Yes, grayed out","はい、グレーアウト"
"Yes, group parent SKUs and option SKUs","はい、グループの親のSKUとオプションのSKU"
"Yes, in a Tax column","はい、税務列で"
"Yes, in a Tax subtotal","はい、税金小計で"
"Yes, in page base","はい、ページ内のベース"
"Yes, in positionable box (handy for tear-off labels)","はい、位置決め可能ボックスに（切り取りラベルの便利）"
"Yes, in separate column","はい、別々の列に"
"Yes, in title","はい、タイトルに"
"Yes, incl. tax","はい、税込。税金"
"Yes, including email","はい、電子メールを含みます"
"Yes, inline with product SKU","製品SKUとはい、インライン"
"Yes, Invoice ID","はい、請求書ID"
"Yes, Kinnari (similar to Georgia) [good for: Thai, Latin]","はい、Kinnari（ジョージア州に似ています）[こだわり：タイ料理、ラテン語]"
"Yes, Marketplace Order ID","はい、市場の注文ID"
"Yes, MS Gothic [large filesize, good for: Japanese, Latin]","はい、MSゴシック[大きなファイルサイズ、こだわり：日本語、ラテン語]"
"Yes, new line for each, under product SKU","製品SKUの下のそれぞれについて、はい、新しい行、"
"Yes, on a new page","はい、新しいページに"
"Yes, on same label","はい、同じラベルに"
"Yes, on separate label","はい、別々のラベルに"
"Yes, one message, horizontal strip","はい、一つのメッセージ、水平ストリップ"
"Yes, one message, positionable box","はい、一つのメッセージ、位置決め可能ボックス"
"Yes, one product per label","ラベルごとはい、一つの製品"
"Yes, only output Invoiced items","はい、出力のみ請求されたアイテム"
"Yes, only output Shipped items","はい、出力のみ出荷された項目"
"Yes, order details + shipping label","はい、注文の詳細+出荷ラベル"
"Yes, order details only","のみはい、注文の詳細"
"Yes, Order ID","はい、注文ID"
"Yes, Parent (Configurable parent **Default**)","はい、親（設定可能な親**デフォルト**）"
"Yes, Parent (Configurable parent SKU)","はい、親（設定可能な親SKU）"
"Yes, product category","はい、製品カテゴリ"
"Yes, product ID","はい、製品ID"
"Yes, product name","はい、製品名"
"Yes, product SKU","はい、製品SKU"
"Yes, Purisa (similar to Comic Sans) [good for: Thai, Latin]","はい、Purisa（漫画サンセリフに似ています）[こだわり：タイ料理、ラテン語]"
"Yes, Sawasdee [good for: Thai, Latin]","はい、サワディー[こだわり：タイ料理、ラテン語]"
"Yes, shipping label only","はい、出荷ラベルのみ"
"Yes, show only notes tagged \'visible on frontend\'","はい、「フロントエンド\に見える\ 'タグ付けされたノートのみを表示"
"Yes, Simplified Chinese [good for: Chinese]","はい、中国語（簡体字）[こだわり：中華料理]"
"Yes, split parent SKUs if option SKUs vary","オプションのSKUが変化する場合は、[はい、親のSKUを分割"
"Yes, standard fonts [large filesize, good for accented Latin]","[アクセント付きラテンのための良い大きなファイルサイズ、]はい、標準フォント"
"Yes, Tahoma [medium filesize, good for: Arabic, Latin]","はい、Tahomaの[メディアファイルサイズ、こだわり：アラビア語、ラテン語]"
"Yes, to 0 decimal places","はい、0〜小数点以下の桁数"
"Yes, total product cost price","はい、全製品の原価"
"Yes, total sold price, excluding shipping","はい、総販売価格を除いた出荷"
"Yes, total sold price, including shipping","はい、総販売価格、送料込み"
"Yes, Traditional Chinese [good for: Chinese]","はい、中国語（繁体字）[こだわり：中華料理]"
"Yes, under individual product","はい、個々の製品の下で"
"Yes, under product list","はい、製品リストの下に"
"Yes, up to a pallet","はい、パレットまで"
"Yes, Uppercase","はい、大文字"
"Yes, with no tax info","はい、いいえ税務情報と"
"Yes, with Tax","はい、税と"
"Yes, with VAT info","はい、VAT情報を持ちます"
"Yes: bold","はい：太字"
"Yes: bold & underline","はい：太字＆下線"
"Yes: bold, underlined & red","はい：太字、下線が引か＆赤"
"Yes: boxed","はい：箱入り"
"You need courierRules installed for this to work. This will use the specific label generated by courierRules.","あなたは、これが機能するためにインストールcourierRulesが必要です。これはcourierRulesによって生成された特定のラベルを使用します。"
"Filter/split by supplier?","フィルタ/サプライヤーによって分割？"
"'Combined Packing Sheet/Invoice' grouped by Order ID?","注文IDでグル​​ープ化された「組み合わせ包装シート/請求書 '？"
"Reset pickPack","pickPackをリセット"
"Export pickPack Settings","エクスポートpickPack設定"
"Import pickPack Settings","インポートpickPack設定"
"'PDF Invoice & Packing Sheet' Sort","「PDFインボイスとパッキングシート」をソート"
"Customise CSVs","CSVをカスタマイズ"
"Customise PDFs","PDFをカスタマイズ"
"Customise Admin/Frontend Options","管理/フロントエンドのオプションのカスタマイズ"
"pickPack User Guide","pickPackユーザーガイド"
"Moogento Store","Moogentoストア"