"Apply Percent in Price","Aplicar porcentagem no preço"
"Percentage will decrement or increment the price?", "Porcentagem vai decrementar ou incrementar no preço?"
"Percentage Value (%)", "Valor da Porcentagem (%)"
"Weight Unit", "Unidade de Peso"
"Delivery Service","Serviço de Entrega"
"Custom Shipping Mode","Envio Personalizado"
"Enable Custom Shipping Mode","Ativar Envio Personalizado"
"Custom Shipping Name","Nome do Envio Personalizado"
"Custom Shipping Price","Preço do Envio Personalizado"
"Send Login and Password for New Customers","Enviar Login e Senha para novos usuários"
"Enable SSL for Images","Ativar SSL para Imagens"
"Use a Custom Weight Field","Usar Campo Personalizado para Peso"
"Implement your own class to handle customer data","Implementar sua própria classe para tratar os dados de Clientes"

"Decrement", "Decrementar"
"Increment", "Incrementar"

"Field Mapping and Customization","Atrelamento de Campos e Customizações"
"Address Fields Mapping","Mapeamento dos campos de Endereço"
"Other Fields Mapping","Mapeamento de outros campos"

"Free Shipping Mode", "Método de Envio para Frete Grátis"
"The listing cannot be created. The product must belong to at least one Website.", "O anúncio não foi criado. O produto precisa pertencer a pelo menos 1 WebSite."
"Common Printer", "Impressora Comum"
"Zebra Printer", "Impressora Zebra"
"Thermal Zebra Printer", "Impressora Zebra Térmica"
"Shipping Label", "Etiqueta"
"Printing Type", "Tipo de Impressora"

"Default Neighborhood for Orders","Bairro Padrão (será utilizado em TODAS as ordens do MercadoLivre)"
"You can't downgrade the listing type.","Você não pode reduzir o tipo de anúncio."

"=======================================================================================================================","=============="
"######################################## Tela de Configurações ########################################################","### INICIO ###"
"=======================================================================================================================","=============="
"It will be inserted as <B>Address Line 4</B>", "Esta opção será inserida na <B>Linha de Endereço 4</B>"
"Address Line 1", "Linha de Endereço 1"
"Address Line 2", "Linha de Endereço 2"
"Address Line 3", "Linha de Endereço 3"
"Undefined", "Indefinido"
"Street", "Rua"
"Number", "Número"
"Complement", "Complemento"
"<strong>Select the Magento Store where MercadoLivre orders will be placed<BR><BR></strong>","<strong>Selecione a Loja Magento onde entrarão os pedidos do MercadoLivre<BR><BR></strong>"
"<strong>Warning:</strong> This is a beta feature. If you decide to use it, do the appropriate tests.","<strong>Atenção:</strong> Esta é uma funcionalidade beta. Faça os testes apropriados antes de utiliza-la."
"<strong>Warning:</strong> When an item's quantity reaches <strong>0 (ZERO) </strong> on MercadoLivre, the ad is closed and a new one needs to be created.","<strong>Atenção:</strong> Quando a quantidade de um produto no MercadoLivre chega a <strong>0 (ZERO)</strong>, o anúncio é encerrado e um novo deve ser criado."
"<strong>Warning:</strong> When an item's quantity reaches <strong>0 (zero) </strong> on MercadoLivre, the listing will be closed.","<strong>Atenção:</strong> Quanto o estoque de um produto chega a <strong>0 (zero) </strong> no MercadoLivre, o anúncio é encerrado automaticamente."
"Account Country","País da Conta"
"Action to Perform When Store's Stock Reaches Zero","Ação Quando o Estoque da Loja Chegar a Zero"
"Additional Contact Info","Informação Adicional de Contato"
"Address","Endereço"
"Advanced Options","Opções Avançadas"
"Advanced settings. <i><a href=""http://my.thirdlevel.com.br/knowledgebase/21/Opcoes-Avancadas.html"" target=_new>See More Information</a></i><BR><BR>","Configurações avançadas. <i><a href=""http://my.thirdlevel.com.br/knowledgebase/21/Opcoes-Avancadas.html"" target=_new>Informações Adicionais</a></i><br><br>"
"If you need to save customer data in fields other than Magento's default, use this section to map the required fields. <BR>Beware: Mapping fields incorrectly may cause inconsistency on your database. <i><a href="http://my.thirdlevel.com.br/knowledgebase/52/Field-Mapping-and-Customization.html" target=_new>See More Information</a></i><BR><BR>","If you need to save customer data in fields other than Magento's default, use this section to map the required fields. <BR>Atenção: Mapear campos de forma incorreta pode causar inconsistência em seu banco de dados. <i><a href="http://my.thirdlevel.com.br/knowledgebase/52/Field-Mapping-and-Customization.html" target=_new>See More Information</a></i><BR><BR>"
"Allow Description Change for Items with Sales","Permitir Mudança na Descrição de Anúncios com Venda"
"Allow Listing Type Change","Permitir Mudança de Tipo de Anúncio"
"Allow Local Pickup","Permitir Retirada na Loja"
"App ID","App ID"
"Area Code 2","Código de Área 2"
"Area Code","Código de Área"
"Auto Cancel Settings","Configurações de Auto Cancelamento"
"Auto Cancelation for Uncompleted Orders","Cancelamento Automático de Pedidos Não Finalizados"
"Auto Give FeedBack on Approved and Paid Orders","Qualificar automaticamente pedidos pagos e aprovados."
"Auto Relist","Republicar Automaticamente"
"Autocreate Invoice","Gerar Fatura Automaticamente"
"Automatic Positive Feedback for Approved Payments","Qualificação Positiva Automática para Pagamentos Aprovados"
"Automatic Positive Feedback","Qualificação Positiva Automática"
"Beware: Changes to this setting my have impact on your store's performance. If left blank, 50 notifications will be processed","Atenção: Mudanças nesta configuração podem impactar a performance de sua loja. Se deixado em branco, 50 notificações serão processadas a cada vez."
"Choose one Mercadolivre Service to automatic post Tracking Code when the buyer has informed the shipping cost at MercadoLivre","Escolha um serviço do MercadoLivre para postagem de tracking code automática quando o comprador informar o valor do frete no momento da compra."
"Choose the default shipping module to be used when your store <strong>does not</strong> use Melienvios. <i><a href=""http://wiki.thirdlevel.com.br/index.php?title=Configurações_do_módulo#Outras_Configura.C3.A7.C3.B5es_de_Entrega"" target=_new>See Additional Information</a></i><BR><BR> ","Escolha o método de envio padrão caso sua loja <strong>não</strong> utilize MeliEnvios. <i><a href=""http://wiki.thirdlevel.com.br/index.php?title=Configurações_do_módulo#Outras_Configura.C3.A7.C3.B5es_de_Entrega"" target=_new>Informações Adicionais</a></i><BR><BR>"
"Choose the default shipping module to put in your order when the buyer has manualy informed the shipping cost at Mercadolivre, or chose, 'to be agree'","Escolha o módulo de entrega padrão a utilizar no pedido quando o comprador informar o preço de envio manualmente pelo MercadoLivre ou escolher 'Combinarei com o vendedor'"
"Classified Configuration","Configuração de Classificados"
"Classifieds","Classificados"
"Configurable Product Listings Update","Atualização de Anúncios de Produtos Configuráveis"
"Configure how store's products updates should reflect on your listings and if MercadoLivre orders should update your store's stock. <i><a href=""http://wiki.thirdlevel.com.br/index.php?title=Configurações_do_módulo#Configura.C3.A7.C3.B5es_de_An.C3.BAncios_e_Controle_de_Estoque"" target=_new>See Additional Information</a></i><BR><BR>","Configure como as atualizações de estoque em sua loja devem refletir nos anúncios e se vendas no MercadoLivre devem atualizar seu estoque. <i><a href=""http://wiki.thirdlevel.com.br/index.php?title=Configurações_do_módulo#Configura.C3.A7.C3.B5es_de_An.C3.BAncios_e_Controle_de_Estoque"" target=_new>Informações Adicionais</a></i><BR><BR>"
"Contact Name","Nome do Contato"
"Country","País"
"Created Orders","Pedidos Criados"
"Currency","Moeda"
"Custom Field to Save Buyer's Document Number","Campo Customizado para Salvar Número de Documento do Comprador"
"Days to Wait Before Cancel Order (Mininum of 2 Days)","Dias a Aguardar Antes de Cancelar um Pedido (Mínimo 2 Dias)"
"Days to Wait Before Deleting Failed Notifications from the Queue","Dias a Esperar Antes de Excluir Notificações Falhas da Fila"
"Decrease Store's Stock Upon Sale on MercadoLivre","Decrementar Estoque da Loja Após Venda no MercadoLivre"
"Default is 6 days when not set","Quando não configurado, o valor padrão será 6 dias"
"Default Options for New Listings","Opções Padrões para Novos Anúncios"
"Default Warranty Text","Texto Padrão de Garantia"
"Delete Processed Notifications","Excluir Notificações Processadas"
"Disable Category and Listing Count Filter in Listing Creation","Desabilitar Categoria e Filtro de Contagem de Anúncios na Tela de Criação de Anúncios"
"Disable Pending Requests Queue","Desabilitar Fila de Chamadas Pendentes"
"Disable SSL for Images","Desabilitar SSL para Imagens"
"Disable this, will improve performance on 'Create Listing', but will make lose the features to sort by category","Desabilitando esta opção haverá um ganho de performance na tela de Criação de Anúncios, porém não haverá possibilidade de ordenar os produtos por categoria ou quantidade de anúncios no MercadoLivre."
"E-mail to Complete Purchase","E-mail para Finalização de Compra"
"E-mail","E-mail"
"Enable Automatic Cancelation for Uncompleted Orders","Habilitar Cancelamento Automático para Pedidos Não Finalizados"
"Enable Calls Log","Habilitar Log de Chamadas"
"Enable Debug Log","Habilitar Log de Debug"
"Enable Detailed Log","Habilitar Log Detalhado"
"Enable Smart Stock","Habilitar Smart Stock"
"FeedBack Text for Approved and Paid Orders","Texto da Qualificação Automática para Compras Pagas e Aprovadas"
"Feedback","Qualificação"
"Field Mapping ","Mapeamento de Campos"
"Free Shipping Listing","Frete Grátis"
"General","Geral"
"General","Geral"
"Height Field (cm)","Altura (cm)"
"If no value is given, notification will be deleted after 6 days. Insert 0 if you never want the failed notification to be deleted","Se este campo ficar em branco, o padrão será 6 dias. Insira 0 se você quiser que a notifcação falha não seja excluída."
"If not set, the default quantity will be 2","Se não for especificado nenhum valor, o padrão será 2"
"If you wish, go to System -> Order Statuses, create a new status with the name you wish and assign the state 'new' to this status.","Se desejar, vá até Sistema -> Order Statuses, crie um novo status com o nome desejado e atribua a este novo status o estado 'new'"
"If your Magento store has no CronJob configured, select 'No' so notifications are processed every time a new one arrives. If use CronJob, the notifications will be processed every minute.","Se sua loja Magento não possuir CronJob configurado, selecione 'Não'. As notificações serão processadas cada vez que uma nova notificação chegar. Caso possua CronJob as notificações serão processadas a cada minuto."
"Import Item Quantity from MercadoLivre","Importar Quantidade dos Produtos no MercadoLivre"
"In case you have Melienvios 2 (or simply Melienvios) (ie. if you print the labels for your packages), you must set 'Yes' for the 'Store Uses Mercadoenvios 2 (me2)' option bellow.<BR>Note: Your store cannot use Me1 and Me2 simultaneously. Check this<a href=""http://wiki.thirdlevel.com.br/index.php?title=Configurações_do_módulo#Configura.C3.A7.C3.B5es_MercadoEnvios_2_.28me2.29"" target=_new>link</a> for more information.<BR><BR>","Caso de você possua Melienvios 2 (me2) contratado, selecione 'Sim' na opção abaixo. <br>Nota: Sua loja não pode utilizar me1 e me2 ao mesmo tempo. <i><a href=""http://wiki.thirdlevel.com.br/index.php?title=Configurações_do_módulo#Configura.C3.A7.C3.B5es_MercadoEnvios_2_.28me2.29"" target=_new>Informações Adicionais</a></i><BR><BR>"
"In order for this setting to work it is necessary that configuration > advanced > Log Setting is Enable. The log files are located in {{base_dir}}/var/thirdlevel_call.log","Para que os logs sejam criados, é necessário que a criação de logs esteja habilitada em sua loja. Sistema > Configuração > Programador > Configurações de Registro > Ativado -> Sim. Os logs estarão em {{base_dir}}/var/thirdlevel_call.log"
"Information used for classified listings (eg. houses, cars, etc). <i><a href=""http://wiki.thirdlevel.com.br/index.php?title=Configurações_do_módulo#Configura.C3.A7.C3.B5es_de_Classificados"" target=_new>See Additional Information</a></i><BR><BR> ","Informação utilizada para anúncios classificados (ex: casa, carro, moto, etc). <i><a href=""http://wiki.thirdlevel.com.br/index.php?title=Configurações_do_módulo#Configura.C3.A7.C3.B5es_de_Classificados"" target=_new>Informações Adicionais</a></i><BR><BR>"
"Insert one e-mail to receive a bbc copy of the e-mails sent for the clients (optional)","Insira um e-mail que receberá uma cópia dos e-mails enviados aos clientes."
"Invoice","Fatura"
"It is highly recommended to set product's warranty text individually","É altamente recomendado que você coloque os textos de garantia individualmente nos produtos"
"Item Condition","Condição do Produto"
"Length Field (cm)","Comprimento (cm)"
"License Key","Chave de Licença"
"Listing Creation","Criação de Anúncio"
"Listing Template","Template do Anúncio"
"Listing Type","Tipo de Anúncio"
"Listings are Posted on Classified Section","Anúncios São Postados na Seção de Classificados"
"Listings Importing","Importação de Anúncios"
"Logging and Troubleshooting","Log e Resolução de Problemas"
"Maximum Number of Pictures for Classifieds","Número Máximo de Imagens para Classificados"
"Maximum Quantity for Smart Stock","Quantidade Máxima para Smart Stock"
"MeliEnvios","Melienvios"
"Mercado Livre (by MercadoPago)","Mercado Livre (by MercadoPago)"
"Mercado Livre","Mercado Livre"
"MercadoEnvios (me2)","MercadoEnvios (me2)"
"MercadoEnvios 1 (me1)","MercadoEnvios 1 (me1)"
"MercadoEnvios 2 (me2)","MercadoEnvios 2 (me2)"
"MercadoLivre Account","Conta do MercadoLivre"
"MercadoLivre App","MercadoLivre APP"
"Mercadolivre Shipping Service","Serviço de Entrega do MercadoLivre"
"Misc Options","Opções Diversas"
"Miscellaneous Updates for Active Listings","Atualizações Diversas Para Anúncios Ativos"
"Module License and MercadoLivre Account","Licença e Configurações de Conta do MercadoLivre"
"Nome do Meio de Entrega","Nome do Meio de Entrega"
"Number of Notifications to Be Processed Simultaneously","Número de Notificações a Serem Processadas Simultaneamente"
"Official Store ID","ID da Loja Oficial"
"Official Store","Loja Oficial"
"Only Select 'No' with you don't want the store to send e-mails to the customer<br/><b>Attention:</b>Incomplete Orders will not be Generate.","Selecione 'Não' somente se você não quer que a loja envie e-mails para o cliente. <br><strong>Atenção:</strong> Pedidos incompletos não serão gerados."
"Only to be used when advised by ThirdLevel. Beware: When enabled, a loss of performance is expected.","Use somente quando recomendado pelo suporte da ThirdLevel. Atenção: Quando habilitada esta opção, uma perda de performance na loja poderá ser notada."
"Only to be used when advised by ThirdLevel.","Use somente quando recomendado pelo suporte da ThirdLevel."
"Order Statuses", "Status de Pedidos"
"Order Statuses","Status de Pedidos"
"Other Shipping Methods","Outros Métodos de Envio"
"Other Shipping","Envios - Opções Diversas"
"Payment Methods Accepted for MercadoLivre Orders Completed in Store","Métodos de Pagamento Aceitos para Pedidos do MercadoLivre Finalizados na Loja"
"Performance Options","Opções de Performance"
"Phone 2","Telefone 2"
"Phone","Telefone"
"Price update will follow this order of priority: <BR>1st - MercadoLivre Product Price, <BR>2nd - Product Special Price,<BR>3rd - Product Price","Atualização de preço seguirá a seguinte ordem de prioridade: <BR>1o - Preço no MercadoLivre, <BR>2o - Preço Promocional,<BR>3o - Preço do Produto"
"Process Notifications in Real Time","Processar Notificações em Tempo Real"
"Process Notifications Only with CronJob","Processar Notificações Somente via CronJob"
"Queue Processing","Processamento de Fila"
"Receive Copy of Sent E-mails (BCC)","Receber Cópia Oculta (BCC) do E-mail"
"Redirect URI","Redirect URI"
"Secret Key","Secret Key"
"Select 'Yes' if you want to ignore your store's stock and list your product with the maximum allowed quantity.","Selecione 'Sim' se você deseja ignorar o estoque da sua loja e publicar o produto com a quantidade máxima permitida"
"Select 'Yes' in case you want to create invoices automatically for paid orders","Selecione 'Sim' se quiser que uma fatura seja criada automaticamente para um pedido pago."
"Select 'Yes' to enter your Official Store ID.","Selecione 'Sim' para entrar com seu ID de Loja Oficial."
"Select the default options/values for new listings. These settings are specially important for bulk listing creations. <i><a href=""http://wiki.thirdlevel.com.br/index.php?title=Configurações_do_módulo#Op.C3.A7.C3.B5es_Padr.C3.B5es_para_An.C3.BAncios_Criados_em_Massa"" target=_new>See Additional Information</a></i><BR><BR>","Selecione as opções e valores padrões para novos anúncios. Estas configurações são especialmente importante para criação de anúncios em massa. <i><a href=""http://wiki.thirdlevel.com.br/index.php?title=Configurações_do_módulo#Op.C3.A7.C3.B5es_Padr.C3.B5es_para_An.C3.BAncios_Criados_em_Massa"" target=_new>Informações Adicionais</a></i><BR><BR>"
"Select Yes, if you don't want to wait to process the notifications, be aware that this will increase the number of notification processed and cause email send incorrectly to customers",""
"Send E-mails to Customers","Enviar E-mail para Clientes"
"Settings for MercadoEnvios 1 (me1). <i><a href=""http://wiki.thirdlevel.com.br/index.php?title=Configurações_do_módulo#Configura.C3.A7.C3.B5es_Melienvios_1_.28Drop_Ship_1.29"" target=_new>See Additional Information</a><BR><BR></i> ","Configurações para MercadoEnvios 1 (me1). <i><a href=""http://wiki.thirdlevel.com.br/index.php?title=Configurações_do_módulo#Configura.C3.A7.C3.B5es_Melienvios_1_.28Drop_Ship_1.29"" target=_new>Informações Adicionais</a><BR><BR></i> "
"Settings related to the payments accepted on your store, the order statuses and order's finishing. <BR>These fields are specially important if customers need to choose procuts variations after putting the order on MercadoLivre or if you accept payment methods other than MercadoPago. <i><a href=""http://wiki.thirdlevel.com.br/index.php?title=Configurações_do_módulo#Configura.C3.A7.C3.B5es_de_Pagamento"" target=_new>See More Information</a></i><BR><BR> ","Configurações relacionadas aos meios de pagamento aceitos em sua loja, aos status de pedidos e finalização de pedidos na loja. <br>Estes campos são importantes se clientes precisam escolher variações de produtos depois da compra pelo MercadoLivre ou se você aceita outras formas de pagamentos além do MercadoPago. <i><a href=""http://wiki.thirdlevel.com.br/index.php?title=Configurações_do_módulo#Configura.C3.A7.C3.B5es_de_Pagamento"" target=_new>Informações Adicionais</a></i>"
"Settings related to uncompleted orders (eg. orders not payed). <i><a href=""http://wiki.thirdlevel.com.br/index.php?title=Configurações_do_módulo#Cancelamento_Autom.C3.A1tico_de_Pedidos_n.C3.A3o_Finalizados"" target=_new>See Additional Information</a></i><BR><BR> ","Configurações relacionadas a pedidos incompletos (ex: pedidos não pagos).<i> <a href=""http://my.thirdlevel.com.br/knowledgebase/20/Cancelamento-Automatico-de-Pedidos-nao-Finalizados.html"" target=_new>Informações Adicionais</a></i><BR><BR>"
"Shipping Module","Módulo de Entrega"
"Simple Product Listings Update","Atualização de Anúncios de Produtos Simples"
"Smart Stock (Beta)","Smart Stock (Beta)"
"SSL 3 Mode","Modo SSL 3"
"Status for Approved Orders","Status para Pedidos Aprovados"
"Status for Cancelled Payments","Status para Pagamentos Cancelados"
"Status for New Orders","Status para Novos Pedidos"
"Status for Open Mediations","Status para Mediações Abertas"
"Status for Pending Payments","Status para Pagamentos Pendentes"
"Status for Refunded Orders","Status para Pedidos Reembolsados"
"Status for Rejected Payments","Status para Pagamentos Rejeitados"
"Stock Management and Updates","Gereciamento e Atualização de Estoque"
"Store Checkout","Checkout na Loja"
"Store Checkout, Order Statuses and Order Completion","Checkout na Loja, Status de Pedido e Finalização da Compra"
"Store to Put Orders","Loja Onde Criar os Pedidos"
"Store Uses Melienvios 1 (me1)","Loja Utiliza MercadoEnvios 1 (me1)"
"Store Uses MercadoEnvios (me2)","Loja Utiliza MercadoEnvios (me2)"
"Store with Unlimited Stock","Loja com Estoque Ilimitado"
"Store","Loja"
"The name that will appear at MercadoLivre paid orders","O nome que aparecerá em pedidos pagos via MercadoLivre "
"The Store where MercadoLivre orders will be placed. <i><a href=""http://wiki.thirdlevel.com.br/index.php?title=Configurações_do_módulo#Configura.C3.A7.C3.B5es_da_Conta_do_MercadoLivre"" target=_new>See Additional Information</a></i><BR><BR>","A loja onde os pedidos do MercadoLivre serão criados. <i><a href=""http://my.thirdlevel.com.br/knowledgebase/40/Loja.html"" target=_new>Informações Adicionais</a></i><BR><BR>"
"These are the settings related to the shipping services used by your store. You just need to provide these data if your store uses Melienvios 1 (me1), otherwise leave it blank.<BR><BR>", "Estas são as configurações dos serviços de entrega usados por sua loja. Esses dados devem ser configurados SOMENTE se sua loja utilizar Melienvios 1 (me1).<BR><BR>"
"ThirdLevel Module","Módulo ThirdLevel"
"ThirdLevel","ThirdLevel"
"Thirdlevel's module license and settings related to your MercadoLivre application and account. <i><a href=""http://wiki.thirdlevel.com.br/index.php?title=Configurações_do_módulo#Configura.C3.A7.C3.B5es_da_Conta_do_MercadoLivre"" target=_new>See Additional Information</a></i><BR><BR>", "Licença do módulo ThirdLevel e configurações relacionadas à sua aplicação e conta do MercadoLivre. <i><a href=""http://my.thirdlevel.com.br/knowledgebase/39/Licenca-e-Configuracoes-de-Conta-do-MercadoLivre.html"" target=_new>Informações Adicionais</a></i><BR><BR>"
"Title","Título"
"Title truncated - Reason: Longer than allowed.","Título truncado - Motivo: Maior que o permitido no ML."
"To be used on Mercadlivre Orders only when was  <b> not paid by MercadoPago </b>, and the payment is ""To be agree with the Seller""","Para ser utilizado em pedidos do MercadoLivre somente quando <strong>não pago</strong> pelo MercadoPago e quando o meio de pagamento escolhido for ""Combinarei com o Vendedor"""
"Update Images","Atualizar Imagens"
"Update Price","Atualizar Preço"
"Update Quantity","Atualizar Quantidade"
"Update Variations (Image, Price and Quantity)","Atualizar Variações (Imagem, Preço e Quantidade)"
"URI model:<BR> <i>{http[s]://yourstoredomain.com}</i><b>/index.php/mercadolivre/auth</b>","Exemplo de URI:<BR> <i>{http[s]://dominiodasualoja.com.br}</i><b>/index.php/mercadolivre/auth</b>"
"Use <b>[CTRL]</b> to <b>SELECT</b> more than one payment method to be excluded or <b>DESELECT</b> a payment method.<br /><br />","Use <strong>[CTRL] + Click</strong> para selecionar mais de um método."
"Use Auto Relist","Republicar Anúncio Automaticamente"
"Use it only if you're posting on Mercadolivre's Classifieds Section","Use somente se estiver postando na seção Classificados do MercadoLivre."
"Use it only if you're posting on Mercadolivre's Classifieds Section","Use somente se estiver postando na seção de classificados do MercadoLivre"
"Use Store Stock Quantity","Usar Estoque do Produto ao Importar Anúncios do MercadoLivre"
"Width Field (cm)","Largura (cm)"
"Zip Code","CEP"
"=======================================================================================================================","=============="
"######################################## Tela de Configurações ########################################################","###   FIM  ###"
"=======================================================================================================================","=============="
"=======================================================================================================================","=============="
"######################################## Tela de Tela Gerenciar Anúncios ##############################################","### INICIO ###"
"=======================================================================================================================","=============="
"Activate Listing","Ativar Anúncio"
"Bulk Import Listings from MercadoLivre","Importar Anúncios do MercadoLivre"
"Change not allowed for listing with sale(s).","Mudança não permitida para anúncio com venda(s)."
"Click on a product to create a listing or select the desired products, chose 'Bulk Add' from the Actions combo box then click 'Submit'","Clique sobre um produto para criar um anúncio ou selecione os produtos desejados, escolha 'Adicionar em Massa' no combo 'Ações' e clique em 'Enviar'"
"Connect MercadoLivre Items with Existing Store Products","Atrelar Itens do MercadoLivre com Produtos Existentes na Loja"
"Create New Listing","Criar Novo Anúncio"
"Delete and End Listing","Excluir e Finalizar Anúncio no ML"
"Delete Listing From This Grid","Excluir o Anúncio Desta Lista"
"End Listing","Finalizar Anúncio"
"Error updating price of the following product(s):", "Erro ao atualizar o preço do(s) seguinte(s) produto(s):"
"Import Active Listings and Generate New Products","Importar Anúncios Ativos do MercadoLivre e Gerar Produtos na Loja"
"In order to change the listing type for an active item, check module's configuration.","Para mudar o tipo de um anúncio ativo, verifique as configurações do módulo."
"Leave it blank if no warranty is provided.","Deixe em branco se não houver garantia."
"Manage Listings on MercadoLivre","Gerenciar Anúncios no MercadoLivre"
"MercadoLivre Ads","Anúncios no MercadoLivre"
"Pause Listing","Pausar Anúncio"
"Product ID: %s. Reason: %s","ID do Produto: %s. Motivo: %s"
"Product with ID %s has no MercadoLivre category configured.", "Produto com ID %s não está em nenhuma categoria atrelada ao MercadoLivre."
"Republish Listing","Republicar Anúncio"
"This will remove the listing from Magento and end it on MercadoLivre. Would you like to continue?","Esta ação irá encerrar no MercadoLivre os anúncios selecionados e apaga-los do Magento. Deseja continuar?"
"Title changes not allowed for items with sales","Anúncios com venda não podem ter o título alterado"
"Update Listing","Atualizar Anúncio"
"Update Price on MercadoLivre","Atualizar Preço no MercadoLivre"
"Update Stock on MercadoLivre","Atualizar Estoque no MercadoLivre"
"%s Listing(s) successfully deleted from Magento.","%s Anúncio(s) deletado(s) do Magento."
"%s Error(s) deleting listing(s) from Magento:","%s Erro(s) ao deletar anúncios do Magento:"
"Warning \n\nOn the next screen a list of all your listings will be showed. Carefully connect each listing to its correspondent item on your store. Don't forget to save.","Aviso \n\nNa próxima tela todos seus anúncios serão exibidos. Atrele cuidadosamente cada item do anúncio com o item correspondente em sua loja. Não esqueça de salvar. \n\nDeseja continuar?"
"Warning \n\nThis will import all your MercadoLivre listings creating new products on your store. You might end up with duplicated products. \n\nWould you like to continue?","Aviso \n\nTodos seus anúncios no MercadoLivre serão importados, criando novos produtos em sua loja. Esta ação pode resultar em produtos duplicados na loja. \n\nDeseja continuar?"
"Update Listing Template","Atualizar Template do Anúncio"
"Update Listing Images","Atualizar Imagens do Anúncio"
"=======================================================================================================================","=============="
"######################################## Tela de Tela Gerenciar Anúncios ##############################################","###   FIM  ###"
"=======================================================================================================================","=============="
"=======================================================================================================================","=============="
"######################################## Grids ##############################################","### INÍCIO ###"
"=======================================================================================================================","=============="
"Stock Qty","Qtd. Estoque"
"ID #","Identificação"
"MercadoLivre ID","ID MercadoLivre"
"Store ID #","ID Prod na Loja"
"Product SKU #","SKU do Produto"
"Listing Title","Título do Anúncio"
"Expires on (days)","Expira em (dias)"
"Price on ML","Preço no ML"
"Qty on ML","Qtd. no ML"
"Listing Type","Tipo de Anúncio"
"Sold Qty","Qtd. Vendida"
"Listing Status","Status do Anúncio"
"Action","Ação"
"View","Ver"
"=======================================================================================================================","=============="
"######################################## Grids ##############################################","###   FIM  ###"
"=======================================================================================================================","=============="
"=======================================================================================================================","=============="
"######################################## Tela Gerenciar Vendas   ######################################################","#### INíCIO ##"
"=======================================================================================================================","=============="
"Canceled","Cancelado"
"Delte Sale","Excluir Venda"
"Force Sale's Capture","Forçar Captura de Venda"
"Manage Sales on MercadoLivre","Gerenciar Vendas no MercadoLivre"
"Order Created","Pedido Gerado"
"Payment and Configuration Pending","Pendente de Pagamento e Configuração"
"Payment and Shipping Pending","Pagamento e Frete Pendentes"
"Payment Pending","Pagamento Pendente"
"Payment, Shipping and Configuration Pending","Pendente de Pagamento, Frete e Configuração"
"Pending Configuration","Pendente de Configuração"
"Print Labels","Imprimir Etiquetas"
"Shipping and Configuration Pending","Pendente de Frete e Configuração"
"Shipping Pending","Pendente de frete"
"Waiting ML Reply","Aguardando Retorno do ML"
"Warning \n\nYou are about to import your orders from the last 21 days. You might end up with duplicated orders. \n\nDo you want to continue?","Aviso \n\nVocê está prestes a importar os pedidos dos últimos 21 dias. Essa ação pode resultar em pedidos duplicados. \n\nDeseja continuar?"
"=======================================================================================================================","=============="
"######################################## Tela Gerenciar Vendas   ######################################################","####  FIM   ##"
"=======================================================================================================================","=============="
"=======================================================================================================================","=============="
"####################################### Tela de Responder Perguntas  ##################################################","### INICIO ###"
"=======================================================================================================================","=============="
"Mercado Livre Questions","Perguntas no MercadoLivre"
"ANSWERED","Respondida"
"UNANSWERED","Não Respondida"
"User Information","Informação do Usuário"
"Ad Information","Informação do Anúncio"
"Answer Question","Responder Pergunta"
"User Nick","Usuário no MercadoLivre"
"=======================================================================================================================","=============="
"####################################### Tela de Responder Perguntas  ##################################################","### FIM    ###"
"=======================================================================================================================","=============="
"=======================================================================================================================","=============="
"####################################### Tela de Gerenciar Templates  ##################################################","### INICIO ###"
"=======================================================================================================================","=============="
"Default Images","Imagens Padrões"
"Default Images for Listing","Imagens Padrões Para o Anúncio"
"URL Image 1","URL Imagem 1"
"URL Image 2","URL Imagem 2"
"URL Image 3","URL Imagem 3"
"Template Name","Nome do Template"
"=======================================================================================================================","=============="
"####################################### Tela de Gerenciar Templates  ##################################################","### FIM    ###"
"=======================================================================================================================","=============="
"=======================================================================================================================","=============="
"####################################### Tela Outras Operações        ##################################################","### INICIO ###"
"=======================================================================================================================","=============="
"Module Information","Informações do Módulo"
"Notification Logs","Fila de Notificações"
"MercadoLivre Authentication","Autenticação no MercadoLivre"
"Task Group","Grupos de Operações"
"=======================================================================================================================","=============="
"####################################### Tela Outras Operações        ##################################################","### FIM    ###"
"=======================================================================================================================","=============="
"=======================================================================================================================","=============="
"####################################### Mensagens de Erro            ##################################################","### INÍCIO ###"
"=======================================================================================================================","=============="
"Ad has been sucessfully updated on MercadoLivre","Anúncio atualizado com sucesso no MercadoLivre"
"Ad has been fail to update variations at Mercadolivre","Falha ao atualizar anúncio no MercadoLivre"
"=======================================================================================================================","=============="
"####################################### Mensagens de Erro            ##################################################","### FIM    ###"
"=======================================================================================================================","=============="
"=======================================================================================================================","=============="
"####################################### Tela Licença Inválida        ##################################################","### INÍCIO ###"
"=======================================================================================================================","=============="
"License Error","Erro de Licença"
"An error ocurred with your license.<br/><br/>Reference Error: L00.","Ocorreu um erro com sua licença.<br/><br/>Referência do Erro: L00."
"Contact ThirdLevel and inform this error and its reference.","Entre em contato com a ThirdLevel e informe esse erro e sua referência."
"Invalid License","Licença Inválida"
"Your license key is invalid.<br/><br/>Reference Error: L01.","Sua licença está inválida.<br/><br/>Referência do Erro: L01."
"Access our system, click on Serviços > Meus Serviços and check your license key.","Access nosso sistema, clique em Serviços > Meus Serviços e verifique sua chave de licença."
"Expired License","Licença Expirada"
#"Your license key has expired.<br/><br/>Reference Error: L02.",""
#"Acquire a new license to continue using ThirdLevel\'s Module. Access our system and click on Serviços > Assine Já",""
"Suspended License","Licença Suspensa"
#"Your license key is suspended.<br/><br/>Reference Error: L03.",""
#"Access our system to manage your license and payments (if necessary).",""
#"An unknown error occurred while verifying ThirdLevel Module’s license.<br/><br/>Reference Error: L04.",""
#"Access our support system and open a ticket informing us about this occurrence and its reference error.",""
"=======================================================================================================================","=============="
"####################################### Tela Licença Inválida        ##################################################","### FIM    ###"
"=======================================================================================================================","=============="
"Answer Questions","Responder Perguntas"
"Manage Listings","Gerenciar Anúncios"
"Manage Sales","Gerenciar Vendas"
"Manage Templates","Gerenciar Templates"
"Other Tasks","Outras Operações"
"Module Configuration","Configurações do Módulo"
"%s Listing(s) successfully created on MercadoLivre.","%s Anúncio(s) criado(s) com sucesso no MercadoLivre."
"%s Ads was success imported from Mercadolivre, %s fail to import","%s Anúncios foram importados com sucesso do MercadoLivre, %s anúncios falharam"
"%s Products was success imported from Mercadolivre","%s produtos foram importados com sucesso"
"%s Products was success imported from Mercadolivre, %s fail, review the itens: %s","%s foram importados com sucesso, %s falharam: cheque os itens %s"
"%s Questions was success deleted from Mercadolivre","%s Perguntas foram excluidas do MercadoLivre com sucesso"
"* Required Fields","* Campos obrigatórios"
"Action","Ação"
"Active Ad","Ativar Anúncio"
"Active","Ativo"
"active","Ativo"
"Activating","Ativando"
"Action to take when product stock reaches zero", "Ação a ser Realizada Quando o Estoque de um Produto Zerar"
"Ad Description","Descrição do Anúncio"
"Ad Id #","Anúncio ID #"
"Ad Title","Título do Anúncio"
"Ad Type","Tipo do Anúncio"
"Add Description","Adicionar Descrição"
"Additional contact info","Informações Adicionais do Contato"
"Address Information","Informação de entrega"
"Address","Endereço"
"Ads Manager","Gerenciar Anúncios"
"Ads Quantity","Qtd de Anúncios"
"Advanced Configuration","Configurações Avançadas"
"Aguardando a identificação do pagamento realizado pelo cliente.","Aguardando a identificação do pagamento realizado pelo cliente."
"All register was correctly update","Todos os registros foram corretamente atualizados."
"Allow change item type in active itens","Permitir Mudança de Tipo para Anúncios Ativos"
"Allow change the description on Itens that have sale","Permitir Mudança na Descrição de Anúncios que já Tiveram Vendas"
"An error occurred in Mercadolivre: ","Ocorreu um erro ao enviar a solicitação para o MercadoLivre: "
"An error occurred while post this item at MercadoLivre: <br /><br />""Ocorreu um erro ao enviar esse anúncio ao MercadoLivre: <br /><br />"
"An error occurred while post this item at MercadoLivre: <br /><br />","Um erro ocorreu ao enviar esse anúncio ao MercadoLivre: <br /><br />"
"An error occurred while post this question to MercadoLivre: <br /><br />","Um erro ocorreu ao enviar esse pergunta ao MercadoLivre <br /><br />"
"An error occurred while saving the item. ","Ocorreu um erro ao salvar esse anúncio. "
"An error occurred while update the item(s): ","Um erro ocorreu ao atualizar o(s) anúncio(s): "
"Answer Question","Responder Perguntas"
"Answer","Resposta"
"Area Code 2","Código de Área 2"
"Area Code", "Código de Área"
"Attemps","Tentativas"
"Attributes","Atributos"
"Authentication","Autenticação"
"Authorize this application at MercadoLivre","Autorizar essa aplicação no MercadoLivre"
"Auto Cancelation for Uncompleted Orders","Cancelamento Automático de Pedidos não Finalizados"
"Auto Create Invoice","Gerar Faturas Automaticamente"
"Auto Relist (beta)","Recadastramento Automático (beta)"
"Auto Update MercadoLivre Item Quantity based on Store Stock","Atualizar automáticamente a quantidade disponíveis nos anúncios do MercadoLivre, quando produto for vendido na loja"
"Configurable Products: Auto Update Variations (Image, Price, Qty) on MercadoLivre Upon Changes on Store","Produtos Configuráveis: Atualizar Variações (Imagem, Preço, Qtd) no MercadoLivre com Base em Alterações na Loja"
"Auto-feedback rating","Qualificação para Pedidos Não Finalizados"
"Back","Voltar"
"Browser the tree until reach the the <b>last possible</b> sub-category and become green","Navegue pela árvore de categorias, clicando sob a seta, até o nome da categoria ser <b>Verde</b>"
"Bulk Add","Adicionar em Massa"
"Default Item Options for Bulk Add","Opções Padrões para Anúncios Criados em Massa"
"Buyer Name #","Comprador"
"Buyer Nick #","Nick do Comprador"
"Cancel","Cancelar"
"Categories","Categorias"
"Category Tree","Árvore de Categorias do MercadoLivre"
"Category","Categoria"
"Category","Categoria"
"Change FeedBack","Alterar Qualificação"
"Choose one of the following Mercadolivre configured services for each delivery Methods, when posting back the tracking code to Mercadolivre, this is for Melienvios only","Escolha uma forma de envio ao enviar o código de rastreio para o MercadoLivre"
"Choose the shipping module default to be used when your store DO NOT use Melienvios.","Escolha o módulo de entrega padrão para quando sua loja <b>não</b> utiliza Melienvios."
"Choose your payment Method","Escolha a forma de Pagamento"
"City","Cidade"
"Classifieds Configuration","Configurações de Classificados"
"Click here to get more information and buy the module","Clique aqui para saber mais sobre esse módulo"
"Close Ad","Encerrar Anúncio"
"Close Ads and Delete","Encerrar e Excluir Anúncios"
"Close Ads","Somente Encerrar Anúncios no MercadoLivre"
"Close","Encerrar"
"Closed","Encerrado"
"Comment on Shipping","Comentário para Envio"
"Complete","Completar"
"Completed","Completo"
"Condition","Condição"
"Contact Name","Nome do Contato"
"Continue","Continuar"
"Country","País"
"Create Ad","Criar Anúncio"
"Create and get your at http://applications.mercadolibre.com/","Crie ou recupere essa informação em http://applications.mercadolibre.com/"
"Custom Description","Descrição Customizada"
"Customer","Cliente"
"Date Created","Data de Criação"
"Date","Data"
"days","dias"
"Default Ads Options","Configurações Padrões de Anúncio"
"Default Configuration","Configurações Padrões"
"Default Configurations","Configurações Padrões"
"Default settings for ads created using the 'Bulk Add' function.","Configurações padrões para anúncios criados através da funcionalidade 'Adicionar em Massa'."
"Delete Question","Excluir Pergunta"
"Delete Notification","Excluir Notificação"
"Process Notification","Processar Notificação"
"Description","Descrição"
"Disallow this store to act for this user","Desautorizar Esta Loja para Este Usuário"
"Document Id","CPF"
"Document Type","Tipo do documento"
"Domain Invalid","Domínio inválido"
"Edit Ad  '%s","Editar Anúncio  '%s"
"Edit Ad  '%s'","Editar anúncio %s"
"Edit Item","Editar Anúncio"
"Edit Template  '%s'","Editar Template '%s'"
"Edit Template","Editar template",
"Email Address","Usuário"
"Email to receive log in case of error","Email para receber informações de erro"
"Enable auto-feedback for uncompleted orders","Habilitar Qualificação Automática de Pedidos Não Finalizados"
"Ends:","Encerra:"
"Expire in","Dias para Expirar"
"Expire On","Expiração"
"Extension Settings","Configurações do Módulo"
"Feedback Sent","Qualificação enviada"
"Feedback Received","Qualificação recebida"
"FeedBack","Qualificação"
"Fill Up your address information for the order ","Preencha os campos abaixo com o endereço de entrega: "
"First Name","Primeiro Nome"
"Foi aberta uma disputa no MercadoPago.","Foi aberta uma disputa no MercadoPago."
"Forgot Your Password?","Esqueceu sua senha?"
"Fulfilled","Completado"
"Full Address","Endereço Completo"
"Generais","Gerais"
"Get from Store Product Stock","Usar qtd de estoque do produto"
"Give FeedBack","Enviar qualificação"
"Give Reply","Responder"
"Height Field","Atributo Altura"
"Height only for Mercadolivre","Altura para o MercadoLivre"
"Import from Mercadolivre","Importar do MercadoLivre"
"Inactive","Desativado"
"inactive","Inativo"
"Info","Info"
"Information","Informação"
"Insert Product Variable...","Inserir variações do produto ..."
"Is Free Shipping","Possui frete gratuito?"
"Item Category","Categoria do anúncio"
"Item name","Produto"
"Item Price","Valor do Anúncio"
"Item Quantity","Quantidade"
"Item Subtitle","Subtítulo do Anúncio"
"Item Title","Título do Anúncio"
"Item Type","Tipo do Anúncio"
"Item","Anúncio"
"Last Name","Sobrenome"
"Lastname","Sobrenome"
"Length Field","Atributo Comprimento"
"Length only for Mercadolivre","Comprimento no MercadoLivre"
"Login to your Account","Logue na sua conta"
"Login","Logar"
"Magento Configuration","Configurações da Loja"
"Melienvios 1 Configuration","Configurações Melienvios 1"
"Melienvios is active ?","Melienvios habilitado"
"Mercadolivre Account Configuration","Configurações da Conta do MercadoLivre"
"MercadoLivre Authentication Missing. Go to Mercado Livre > Other Tasks > MercadoLivre Authentication and click on Authenticate","Sem Autenticação com MercadoLivre. Acesse Mercado Livre > Outras Operações > Autenticação no MercadoLivre e clique em Authenticate"
"Mercadolivre Information","Informações do MercadoLivre"
"Mercadolivre Minimal Qtd (for SmartStock)","Quantidade Mínima no MercadoLivre (para Estoque Inteligente)"
"Mercadolivre Module for Magento","Módulo Magento de integração com o MercadoLivre"
"Mercadolivre Order Id #","Mercadolivre Venda ID #"
"Mercadolivre Order Id","Id do pedido no MercadoLivre"
"Mercadolivre Orders","Pedidos no MercadoLivre"
"MercadoLivre Related Category","Categoria no MercadoLivre"
"Mercadolivre Template","Templates Para Publicação de Anúncios no MercadoLivre"
"MercadoLivre Time","Horário MercadoLivre"
"MercadoPago confirmou o pagamento desse pedido.","MercadoPago confirmou o pagamento desse pedido."
"Message","Mensagem"
"Name","Nome"
"Negative","Negativa"
"Neutral","Neutra"
"New Ad","Novo Anúncio"
"New Item","Novo Anúncio"
"New Template","Novo Template"
"New","Novo"
"Nickname","Apelido"
"No","Não"
"Not Given","Não qualificada"
"not_yet_active","Ativando"
"Nothing to import, all active ads already is in Store","Não há a nenhum anúncio ativa no MercadoLivre que já não esteja na loja"
"Nothing to save","Nada para salvar"
"Order Information","Informações do pedido"
"Order Subtotal","Subtotal do pedido"
"Order total","Total"
"Other Informations","Outras informações"
"Pagamento devolvido. A loja devolveu o pagamento dessa operação.","Pagamento devolvido. A loja devolveu o pagamento dessa operação."
"Pagamento foi cancelado.","Pagamento foi cancelado."
"Pagamento negado.","Pagamento negado."
"Pagamento se encontra em análise","Pagamento se encontra em análise"
"Password","Senha"
"Pause Ad","Pausar Anúncio"
"Pause Ads","Pausar Anúncios"
"Paused","Pausado"
"paused","Pausado"
"Pay your Order","Pagar"
"Payment Configuration","Configurações de Pagamento"
"Payment Required","Pagamento necessário"
"payment_required","Pagamento Necessário"
"Pedido pendente.","Pedido pendente."
"Pending","Pendente"
"pending","Pendente"
"Phone 2", "Telefone 2"
"Phone","Telefone"
"Positive","Positiva"
"Postalcode","Cep"
"Price","Preço"
"Process Queue","Processar Fila"
"Process Notifications in RealTime","Processar Notificações em Tempo Real"
"Product Configuration","Configurações de Anúncios e Controle de Estoque"
"Product id # %s was not sent because do not have Mercadolivre Category Id configured","O anúncio com o produto ID# %s não foi gerado por que não possui uma categoria do MercadoLivre atrelada a ele"
"Product id # %s was not sent because do not have Mercadolivre Category Id configured","Produto # %s não foi enviado pois não possui categoria atrelada ao MercadoLivre"
"Product Id #","Produto ID #"
"Product Id","Id do Produto"
"Product Id","ID do Produto"
"Product Name","Nome do Produto"
"Product Name","Produto"
"Product Related","Produto Relacionado"
"Product Sku #","Produto SKU #"
"Product Sku","SKU do produto"
"Product variables","Variáveis do Produto"
"Pending Configuration","Pendente de Configuração"
"Publish On","Publicado"
"Qty","Qtd"
"Question","Pergunta"
"Rating","Qualificação"
"Reason","Motivo"
"Register","Registrar"
"Related Product Name","Nome do produto relacionado"
"Related Product SKU","Sku do produto relacionado"
"Relist Ad","Recadastrar Anúncio"
"Reply Message","Mensagem de resposta"
"Reply","Responder"
"Reputation as a Seller","Reputação como vendedor"
"Reset All Line","Excluir Toda Fila"
"Reset Authorization","Cancelar Autenticação"
"Delete Processed Notifications","Excluir Notificações Processadas"
"Sale Id #","Venda #"
"Save Ad","Salvar Anúncio"
"Save Address","Salvar"
"Save Order","Salvar Pedido"
"Save Template","Salvar Template"
"Save","Salvar"
"Select Below","Selecione Abaixo"
"Selecte a relative Attribute from your stores","Atrele o atributo do MercadoLivre com os da sua Loja"
"Shipping & Handling (","Manuseio e entrega ("
"Shipping Configuration Others","Outras Configurações de Entrega"
"Shipping Configuration","Configuração de entrega"
"Shipping Method","Método de Envio"
"Shipping paid at Mercadolivre","Frete pago no MercadoLivre"
"Shipping paid at Store","Frete pago na loja"
"Shipping payment for order #","Pagamento de frete para o pedido #"
"Shipping track not sent to Mercadolivre","Ocorreu um erro ao enviar o Código de rastreio ao MercadoLivre"
"Shipping track sent to Mercadolivre","Código de rastreio enviado para o MercadoLivre"
"Sold Qtd","Qtd Vendida"
"Sold Quantity:","Quantidade Vendida"
"Sorry, the domain that you are using does not have license to use Thirdlevel MercadoLivre module","Desculpe, ocorreu um erro com a licença do Módulo Thirdlevel Magento Mercadolivre, ou ela não é valida para seu domínio atual"
"Sorry, you have no pending MercadoLivre Orders","Desculpe, não temos pedidos pendentes do MercadoLivre"
"State","Estado"
"Store Orders","Pedidos na loja"
"Store uses Melienvios 1 (me1)","Loja utiliza Melienvios 1 (me1)"
"Store Time","Horário na Loja"
"Subtotal paid at Store","Subtotal pago na loja"
"Success Operation","Operação realizada com sucesso"
"Telephone","Telefone"
"Template Design","Design do Template"
"Template name","Nome do Template"
"Text for the automatic feedback of canceled orders", "Texto da Qualificação de Pedidos não Finalizados"
"The authentication credentials has been deleted","As credencias de autenticação foram excluidas"
"The customer information was correctly saved","As informações do cliente foram salvas corretamente"
"The item has been sent to MercadoLivre","Anúncio foi enviado para o MercadoLivre"
"The notification line was clear","A fila de notificações foi apagada"
"The notification line was processed","A fila de notificações foi processada"
"The processed notifications was deleted","As notificações processadas foram excluidas"
"The Question was not deleted from Mercadolivre","Pergunta não foi excluida do MercadoLivre"
"The Question was success deleted from Mercadolivre","Pergunta excluida do MercadoLivre com sucesso"
"The template has been saved.","O template foi salvo"
"This order no longer exists.","Esse pedido não foi encontrado"
"This question no longer exists.","Pergunta não localizada"
"Thumbnail","Miniatura"
"To autorize this application at Mercadolivre click on the link below:","Para autorizar essa aplicação no MercadoLivre, clique no link abaixo"
"To autorize this module at Mercadolivre click on the button below:","Clique no botão abaixo para autenticar essa aplicação no MercadoLivre"
"To reset previus authentication, click on the linke below","Para apagar a autenticação atual, clique no botão abaixo"
"Total Due","Total devido"
"Total paid at Mercadolivre (by MercadoPago)","Total pago no MercadoLivre"
"Total paid at Mercadolivre","Total pago no MercadoLivre"
"Total paid at Store","Total pago na loja"
"Total Price","Valor Total"
"Total transactions","Total de Transações"
"Transactions as a Seller","Transações como vendedor"
"Under Review","Sob análise"
"Updated Ads","Atualizar Anúncios"
"Use Default","Usar Padrão"
"Use your account credencials receveid by email.","Credenciais de acesso enviadas por email"
"Used","Usado"
"User Id","ID do Usuário"
"User Info","Informação do Usuário"
"Version ","Versão"
"View Question","Ver Pergunta"
"View","Ver" 
"Warranty","Informações de Garantia"
"Was not possible to get customer information","Não foi possível recuperar as informações do cliente"
"Was not possible to give or change the feedback. Perhaps you need to wait a answer from the buyer, or this ordem is expired to give or change feedback","Não foi possível enviar ou alterar a qualificação, talvez é necessário uma ação da outra parte, ou essa venda se encontra expirada ao não apta ainda para esse tipo de qualificação"
"Was not possible to post this item on MercadoLivre because authentication has failed, you need to autorize this Application at MercadoLivre again.","Não foi possível salvar esse anúncio por uma falha de autenticação, você deve autorizar essa aplicação no MercadoLivre novamente."
"Was not possible to update this item on MercadoLivre because authentication has failed, you need to autorize this Application at MercadoLivre again.","Não foi possível salvar esse anúncio por uma falha de autenticação, você deve autorizar essa aplicação no MercadoLivre novamente."
"We found more than one Order, select below the order that you want to complete","Localizamos mais de um pedido, selecione abaixo qual deseja completar"
"Weight Measure","Unidade de medida de peso"
"Weight only for Mercadolivre","Peso para o MercadoLivre"
"Width Field","Atributo Largura"
"Width only for Mercadolivre","Largura para o MercadoLivre"
"Yes","Sim"
"You cannot modify your previous descripiton because your ad already has sale, and this is not allowed by Mercadolibre but you can add a new text that will go below your actual description","Você não pode modificar a descrição por que esse anúncio já possui venda, mas você pode adicionar um texto no final da descrição atual"
"You need to select a subcategory","É necessário selecionar uma subcategoria"
"Your ads should Close or Pause when Product Stock Reach Zero?","Pausar ou encerrar anúncios quando estoque zerar"
"Your module is now authorized with Mercadolivre","Autenticação no MercadoLivre realizada com sucesso"
"Your order information","Informações do seu pedido"
"Zipcode","CEP"
"Zip Code","CEP"
"%s product price(s) successfully updated on MercadoLivre.","%s produto(s) tiveram seus preços atualizado(s) com sucesso no MercadoLivre."
"Listing closed.","Anúncio encerrado."
"Error updating item price on MercadoLivre.","Erro ao atualizar preço do anúncio no MercadoLivre."
"Error sending tracking number to MercadoLivre. See details below:<br />","Erro ao enviar número de rastreio para o MercadoLivre. Veja detalhes abaixo: <br />"
"You cannot update a closed item, you should relist insted.","Você não pode atualizar um anúncio encerrado, mas você pode recadastra-lo."
"Some product fail to create at Mercadolivre, review the products %s","Os anúncios com os produtos %s não foram criados, os erros principais motivos desse erro normalmente são:</p>
  1) O produto está sem Estoque<br/ >
  2) O produto está sem sem Categoria Atrelada<br/ >
  3) A Categoria que o produto está atrelado não está atrelada ao MercadoLivre<br/ ><br/ >
  <p>Outros motivos e mais informações podem ser encontradas em<a href='http://wiki.thirdlevel.com.br' target='_blank'> Wiki Thirdlevel</a></p>"
"Add Product Cost to Magento Order","Adicionar Custo do Produto ao Pedido Gerado no Magento"
"Maintenance","Manutenção do Módulo"
"Category Management","Gerenciamento de Categorias"
"Select the categories to be unmapped.","Selecione as categorias que serão desatreladas."
"Unmap selected categories","Desatrelar as categorias selecionadas"
"Attribute Management","Gerenciamento de Atributos"
"Select the attributes to be unmapped.","Selecione os atributos que serão desatrelados."
"Unmap selected attributes","Desatrelar os atributos selecionados"
"System Logs","Logs do Sistema"
"Send the downloaded file to suporte@thirdlevel.com.br when oppening a support ticket.","Quando precisar abrir um ticket de suporte, escreva para suporte@thirdlevel.com.br e envie o arquivo baixado em anexo."